owner,repo_name,stars_count,forks_count,repo_language,license_key,license_name,total_cves,critical_cves,high_cves,medium_cves,low_cves,avg_cvss3,max_cvss3 
torvalds,torvalds/linux,160451,50959,C,other,Other,3044,0,791,1210,566,nan,nan 
apache,apache/httpd,3300,1096,C,apache-2.0,Apache License 2.0,264,0,51,189,16,nan,nan 
fail2ban,fail2ban/fail2ban,9054,1185,Python,other,Other,8,0,1,7,0,nan,nan 
php,php/php-src,36213,7681,C,other,Other,606,0,223,345,27,nan,nan 
openshift,openshift/origin-server,885,529,Ruby,,,8,0,3,3,2,nan,nan 
owncloud,owncloud/core,8158,2100,PHP,agpl-3.0,GNU Affero General Public License v3.0,149,0,17,107,23,nan,nan 
openssl,openssl/openssl,22973,10106,C,apache-2.0,Apache License 2.0,224,0,35,152,14,nan,nan 
curl,curl/curl,32336,6080,C,other,Other,130,0,22,77,5,nan,nan 
ImageMagick,ImageMagick/ImageMagick,10161,1248,C,other,Other,590,0,80,484,3,nan,nan 
kubernetes,kubernetes/kubernetes,102786,38256,Go,apache-2.0,Apache License 2.0,61,0,4,28,16,nan,nan 
LibRaw,LibRaw/LibRaw,985,254,C++,other,Other,52,0,10,32,1,nan,nan 
alkacon,alkacon/opencms-core,506,465,Java,lgpl-2.1,GNU Lesser General Public License v2.1,26,0,0,18,4,nan,nan 
liblouis,liblouis/liblouis,214,193,C,lgpl-2.1,GNU Lesser General Public License v2.1,22,0,2,17,0,8.123762376237604,9.8 
cogdog,cogdog/feed2js,94,60,PHP,,,1,0,1,0,0,9.799999999999999,9.8 
FreeRDP,FreeRDP/FreeRDP,9329,24317,C,apache-2.0,Apache License 2.0,92,0,8,48,9,nan,nan 
elvanderb,elvanderb/TCP-32764,1289,234,Python,other,Other,1,0,1,0,0,nan,nan 
ansible,ansible/ansible,59189,23848,Python,gpl-3.0,GNU General Public License v3.0,67,0,9,20,35,nan,nan 
wireshark,wireshark/wireshark,6131,1739,C,gpl-2.0,GNU General Public License v2.0,621,0,67,464,51,nan,nan 
ZoneMinder,ZoneMinder/zoneminder,4420,1139,PHP,gpl-2.0,GNU General Public License v2.0,74,0,15,40,5,nan,nan 
STMicroelectronics,STMicroelectronics/STM32CubeH7,377,275,C,other,Other,6,0,0,3,3,5.7,6.8 
envoyproxy,envoyproxy/envoy,22974,4507,C++,apache-2.0,Apache License 2.0,60,0,9,39,1,7.62236559139785,10.0 
portainer,portainer/portainer,27015,2273,Go,zlib,zlib License,15,0,4,8,3,8.187234042553172,9.9 
yarnpkg,yarnpkg/yarn,41270,2916,JavaScript,other,Other,4,0,0,4,0,7.492857142857143,8.1 
LibreDWG,LibreDWG/libredwg,739,199,C,gpl-3.0,GNU General Public License v3.0,87,0,2,77,0,7.898844672657328,9.8 
rockcarry,rockcarry/ffjpeg,103,44,C,gpl-3.0,GNU General Public License v3.0,20,0,0,18,0,6.4593750000000005,7.8 
pi-hole,pi-hole/web,1793,540,PHP,other,Other,0,0,0,0,0,, 
intelliants,intelliants/subrion,281,117,PHP,gpl-3.0,GNU General Public License v3.0,38,0,5,23,6,nan,nan 
librenms,librenms/librenms,3348,2133,PHP,other,Other,55,0,4,23,5,7.299559471365629,9.8 
clonos,clonos/control-pane,116,30,JavaScript,,,1,0,1,0,0,9.799999999999999,9.8 
centreon,centreon/centreon,54,17,PHP,apache-2.0,Apache License 2.0,76,0,21,35,6,nan,nan 
Netflix,Netflix/dispatch,4264,443,Python,apache-2.0,Apache License 2.0,3,0,0,1,1,6.023809523809524,7.5 
ClickHouse,ClickHouse/ClickHouse,31600,6219,C++,apache-2.0,Apache License 2.0,18,0,3,12,0,7.827777777777771,9.8 
FlameNET,FlameNET/FlameCMS,26,26,HTML,gpl-2.0,GNU General Public License v2.0,3,0,3,0,0,9.799999999999999,9.8 
EIPStackGroup,EIPStackGroup/OpENer,573,233,C,other,Other,11,0,2,6,0,8.38181818181817,10.0 
LimeSurvey,LimeSurvey/LimeSurvey,2402,969,JavaScript,other,Other,62,0,10,39,10,nan,nan 
adplug,adplug/adplug,146,39,C++,lgpl-2.1,GNU Lesser General Public License v2.1,8,0,2,6,0,8.847619047619052,9.8 
hashicorp,hashicorp/consul,27269,4422,Go,other,Other,29,0,1,20,1,7.070680628272248,8.8 
telegramdesktop,telegramdesktop/tdesktop,23205,4749,C++,other,Other,8,0,0,6,2,6.412500000000001,9.8 
meetecho,meetecho/janus-gateway,7462,2378,C,gpl-3.0,GNU General Public License v3.0,13,0,4,8,1,7.611607142857131,9.8 
apache,apache/nifi,4062,2546,Java,apache-2.0,Apache License 2.0,36,0,4,24,2,7.164676616915413,9.8 
pimcore,pimcore/pimcore,3043,1364,PHP,other,Other,116,0,3,32,19,nan,nan 
glpi-project,glpi-project/glpi,3436,1125,PHP,gpl-3.0,GNU General Public License v3.0,122,0,13,48,14,nan,nan 
gongfuxiang,gongfuxiang/shopxo,2361,749,JavaScript,mit,MIT License,9,0,5,4,0,8.7,9.8 
dotCMS,dotCMS/core,758,453,Java,other,Other,51,0,7,28,9,nan,nan 
docker,docker/distribution-library-image,245,191,Dockerfile,apache-2.0,Apache License 2.0,1,0,1,0,0,9.799999999999999,9.8 
snipe,snipe/snipe-it,8771,2781,PHP,agpl-3.0,GNU Affero General Public License v3.0,33,0,0,18,8,5.6632183908046,8.8 
gerbv,gerbv/gerbv,74,26,C,gpl-2.0,GNU General Public License v2.0,8,0,3,4,0,8.564516129032263,9.8 
k-takata,k-takata/Onigmo,607,97,C,other,Other,2,0,0,2,0,7.5,7.5 
gpac,gpac/gpac,2369,488,C,lgpl-2.1,GNU Lesser General Public License v2.1,341,0,5,225,0,6.527565011820238,9.8 
traefik,traefik/traefik,45303,4758,Go,mit,MIT License,14,0,0,7,1,7.035999999999999,8.1 
upx,upx/upx,12426,1245,C++,other,Other,33,0,1,12,0,6.948314606741569,7.8 
cloudera,cloudera/hue,981,340,JavaScript,apache-2.0,Apache License 2.0,5,0,0,5,0,5.940000000000002,6.1 
zadewg,zadewg/RIUS,87,10,Shell,mit,MIT License,5,0,0,5,0,6.651515151515151,7.5 
marcobambini,marcobambini/gravity,4208,224,C,mit,MIT License,13,0,7,6,0,8.824324324324326,9.8 
Matheus-Garbelini,Matheus-Garbelini/esp32_esp8266_attacks,774,69,C,,,2,0,0,1,1,7.300000000000001,8.1 
LycheeOrg,LycheeOrg/Lychee,2832,252,PHP,mit,MIT License,2,0,0,1,0,6.436363636363637,9.8 
moohax,moohax/Proof-Pudding,68,7,Python,gpl-3.0,GNU General Public License v3.0,1,0,0,1,0,3.7,3.7 
pandao,pandao/editor.md,13269,2419,JavaScript,mit,MIT License,3,0,0,2,0,6.099999999999998,6.1 
hoene,hoene/libmysofa,120,64,C,other,Other,15,0,4,11,0,7.97931034482758,9.8 
swagger-api,swagger-api/swagger-ui,24743,8818,JavaScript,apache-2.0,Apache License 2.0,7,0,1,4,0,6.55384615384616,9.8 
nextcloud,nextcloud/server,24151,3758,PHP,agpl-3.0,GNU Affero General Public License v3.0,154,0,3,75,24,nan,nan 
radareorg,radareorg/radare2,18824,2922,C,other,Other,132,0,4,103,2,6.515277777777807,9.8 
bludit,bludit/bludit,1188,275,JavaScript,mit,MIT License,27,0,2,13,8,6.764435146443523,9.8 
inunosinsi,inunosinsi/soycms,14,3,PHP,,,5,0,0,4,1,8.360975609756096,9.8 
HewlettPackard,HewlettPackard/LinuxKI,232,48,C,other,Other,2,0,1,1,0,7.95,9.8 
Mbed-TLS,Mbed-TLS/mbedtls,4565,2380,C,other,Other,41,0,4,22,7,nan,nan 
azure-rtos,azure-rtos/usbx,106,65,C,mit,MIT License,8,0,0,0,1,9.300000000000004,9.8 
weng-xianhu,weng-xianhu/eyoucms,68,20,PHP,apache-2.0,Apache License 2.0,6,0,1,3,1,6.900000000000001,9.8 
slackero,slackero/phpwcms,91,45,PHP,gpl-2.0,GNU General Public License v2.0,10,0,1,3,1,nan,nan 
gpg,gpg/libgcrypt,186,73,C,gpl-2.0,GNU General Public License v2.0,2,0,0,1,1,6.21111111111111,6.3 
mitre,mitre/caldera,4761,959,Python,apache-2.0,Apache License 2.0,11,0,1,6,1,7.257446808510645,8.8 
salesagility,salesagility/SuiteCRM,3821,1968,PHP,agpl-3.0,GNU Affero General Public License v3.0,49,0,19,25,2,7.934649122807056,9.8 
aimhubio,aimhubio/aim,4331,260,Python,apache-2.0,Apache License 2.0,1,0,0,1,0,8.599999999999998,8.6 
Exiv2,Exiv2/exiv2,806,265,C++,other,Other,122,0,3,109,1,nan,nan 
Flask-Middleware,Flask-Middleware/flask-security,556,140,Python,,,4,0,0,2,0,6.471428571428572,7.4 
zulip,zulip/zulip,18709,6787,Python,apache-2.0,Apache License 2.0,44,0,2,24,6,5.606910569105684,9.8 
STMicroelectronics,STMicroelectronics/stm32_mw_usb_host,21,10,C,other,Other,1,0,0,0,0,9.8,9.8 
zabbix,zabbix/zabbix,3398,893,PHP,agpl-3.0,GNU Affero General Public License v3.0,61,0,17,29,4,nan,nan 
projectworldsofficial,projectworldsofficial/hospital-management-system-in-php,32,19,PHP,,,1,0,1,0,0,9.8,9.8 
helm,helm/helm,25192,6905,Go,apache-2.0,Apache License 2.0,18,0,4,7,1,6.86060606060606,9.8 
eProsima,eProsima/Fast-DDS,1768,643,C++,apache-2.0,Apache License 2.0,10,0,0,3,0,7.695121951219512,9.1 
wenzhixin,wenzhixin/bootstrap-table,11592,4496,JavaScript,mit,MIT License,2,0,0,1,1,6.036363636363637,6.1 
oskarsve,oskarsve/ms-teams-rce,1101,79,,,,1,0,0,0,1,5.400000000000001,5.4 
sulu,sulu/sulu,1049,314,PHP,mit,MIT License,6,0,0,3,2,5.226666666666665,8.8 
Orckestra,Orckestra/C1-CMS-Foundation,253,113,C#,other,Other,4,0,0,3,0,8.355555555555553,8.8 
drogonframework,drogonframework/drogon,10120,966,C++,mit,MIT License,5,0,0,2,0,6.034375000000002,8.8 
parse-community,parse-community/parse-server,20455,4791,JavaScript,apache-2.0,Apache License 2.0,26,0,1,13,0,7.648275862068967,10.0 
vega,vega/vega,10637,1488,JavaScript,bsd-3-clause,"BSD 3-Clause ""New"" or ""Revised"" License",4,0,0,1,1,7.1999999999999975,8.7 
froala,froala/wysiwyg-editor,5153,689,CSS,other,Other,5,0,0,4,1,5.933333333333333,6.1 
TYPO3,TYPO3/phar-stream-wrapper,58,12,PHP,mit,MIT License,2,0,2,0,0,9.800000000000002,9.8 
squid-cache,squid-cache/squid,1767,448,C++,gpl-2.0,GNU General Public License v2.0,89,0,10,64,1,nan,nan 
johndatserakis,johndatserakis/file-upload-with-preview,455,95,TypeScript,mit,MIT License,1,0,0,1,0,6.099999999999999,6.1 
jenkinsci,jenkinsci/dependency-check-plugin,124,72,Java,apache-2.0,Apache License 2.0,2,0,0,2,0,6.407692307692307,7.1 
intel,intel/Intel-Linux-Processor-Microcode-Data-Files,553,69,,other,Other,3,0,0,0,2,4.733333333333333,6.5 
zeek,zeek/zeek,5590,1172,C++,other,Other,2,0,0,2,0,7.5,7.5 
krayin,krayin/laravel-crm,3586,417,PHP,mit,MIT License,2,0,0,1,0,5.93846153846154,6.1 
yuezk,yuezk/GlobalProtect-openconnect,902,100,C++,gpl-3.0,GNU General Public License v3.0,2,0,1,1,0,8.65,9.8 
RocketChat,RocketChat/Rocket.Chat,37474,9315,TypeScript,other,Other,43,0,4,10,2,6.423573200992562,9.8 
merces,merces/libpe,117,45,C,,,1,0,0,0,0,9.8,9.8 
astropy,astropy/astropy,4008,1656,Python,bsd-3-clause,"BSD 3-Clause ""New"" or ""Revised"" License",1,0,1,0,0,9.799999999999999,9.8 
qt,qt/qtbase,2109,955,C++,,,44,0,7,24,1,nan,nan 
go-gitea,go-gitea/gitea,39120,4971,Go,mit,MIT License,33,0,6,20,2,7.397286821705408,9.8 
kjur,kjur/jsrsasign,3126,646,HTML,other,Other,6,0,3,2,0,nan,nan 
mkdocs,mkdocs/mkdocs,17325,2326,Python,bsd-2-clause,"BSD 2-Clause ""Simplified"" License",1,0,0,1,0,7.5,7.5 
PrestaShop,PrestaShop/PrestaShop,7542,4705,PHP,other,Other,85,0,12,42,7,nan,nan 
rizinorg,rizinorg/rizin,2169,292,C,lgpl-3.0,GNU Lesser General Public License v3.0,13,0,0,1,0,6.834000000000004,7.8 
twbs,twbs/bootstrap,165815,79024,JavaScript,mit,MIT License,7,0,0,7,0,6.099999999999998,6.1 
joaomatosf,joaomatosf/jexboss,2316,703,Python,other,Other,1,0,1,0,0,9.8,9.8 
sabnzbd,sabnzbd/sabnzbd,1983,336,Python,other,Other,3,0,0,2,0,6.261538461538461,9.8 
python-pillow,python-pillow/Pillow,11215,2132,Python,other,Other,51,0,8,38,1,nan,nan 
hestiacp,hestiacp/hestiacp,2677,582,Shell,gpl-3.0,GNU General Public License v3.0,17,0,2,7,0,6.480555555555558,9.8 
gnutls,gnutls/gnutls,100,44,C,gpl-3.0,GNU General Public License v3.0,58,0,12,40,2,nan,nan 
NetHack,NetHack/NetHack,2502,428,C,,,12,0,6,4,0,nan,nan 
nextcloud,nextcloud/end_to_end_encryption,250,32,PHP,agpl-3.0,GNU Affero General Public License v3.0,2,0,0,1,0,6.5,6.5 
strapi,strapi/strapi,57183,7198,JavaScript,other,Other,25,0,6,7,2,7.397448979591832,9.8 
frangoteam,frangoteam/FUXA,1732,539,TypeScript,mit,MIT License,6,0,0,1,0,8.308108108108112,9.8 
Finastra,Finastra/finastra-nodejs-libs,27,14,TypeScript,,,2,0,0,2,0,7.5,7.5 
opencontainers,opencontainers/runc,10866,2040,Go,apache-2.0,Apache License 2.0,11,0,1,6,1,7.292682926829271,8.6 
oxen-io,oxen-io/session-android,1510,147,Java,gpl-3.0,GNU General Public License v3.0,1,0,0,0,1,4.6000000000000005,4.6 
libass,libass/libass,818,197,C,isc,ISC License,6,0,0,6,0,8.048275862068971,8.8 
gophish,gophish/gophish,9872,1914,Go,other,Other,11,0,1,3,4,6.421621621621621,7.8 
youseries,youseries/urule,1712,710,Java,apache-2.0,Apache License 2.0,1,0,0,0,0,9.8,9.8 
getgridea,getgridea/gridea,9660,799,TypeScript,mit,MIT License,3,0,0,2,0,6.500000000000003,7.8 
sabre-io,sabre-io/dav,1426,346,PHP,bsd-3-clause,"BSD 3-Clause ""New"" or ""Revised"" License",2,0,1,1,0,nan,nan 
SiliconLabs,SiliconLabs/gecko_sdk,292,116,C,other,Other,5,0,0,0,0,7.06,7.5 
getrebuild,getrebuild/rebuild,579,165,Java,gpl-3.0,GNU General Public License v3.0,6,0,0,1,0,7.52549019607844,9.8 
MarginResearch,MarginResearch/FOISted,96,22,Python,apache-2.0,Apache License 2.0,1,0,0,0,0,7.2,7.2 
wliang6,wliang6/ChatEngine,0,1,Java,,,1,0,0,0,0,9.6,9.6 
actuator,actuator/com.full.dialer.top.secure.encrypted,0,0,,,,1,0,0,0,0,3.3,3.3 
berkaygediz,berkaygediz/O_Blog,5,0,PHP,gpl-3.0,GNU General Public License v3.0,1,0,0,0,0,7.8,7.8 
octobercms,octobercms/october,10918,2294,PHP,other,Other,44,0,4,25,9,nan,nan 
itext,itext/itext7,1674,408,Java,other,Other,7,0,1,4,0,7.3,9.8 
uclouvain,uclouvain/openjpeg,902,441,C,other,Other,76,0,10,66,0,nan,nan 
emqx,emqx/nanomq,1121,135,C,mit,MIT License,10,0,0,0,0,7.329999999999996,7.8 
0x727,0x727/ShuiZe_0x727,3264,547,Python,,,1,0,0,0,0,8.8,8.8 
libarchive,libarchive/libarchive,2680,732,C,other,Other,60,0,1,53,1,nan,nan 
kalcaddle,kalcaddle/KodExplorer,6089,1841,PHP,,,8,0,0,0,0,8.2,9.8 
appwrite,appwrite/appwrite,37869,3460,TypeScript,bsd-3-clause,"BSD 3-Clause ""New"" or ""Revised"" License",3,0,1,0,0,8.495238095238093,9.8 
redis,redis/redis,62150,23041,C,other,Other,51,0,7,23,4,nan,nan 
microweber,microweber/microweber,2842,841,HTML,mit,MIT License,99,0,6,45,18,nan,nan 
actuator,actuator/7-Eleven-Bluetooth-Smart-Cup-Jailbreak,19,0,,,,1,0,0,0,0,6.5,6.5 
HashenUdara,HashenUdara/edoc-doctor-appointment-system,117,50,PHP,mit,MIT License,7,0,0,0,0,7.079166666666666,9.8 
goldshellminer,goldshellminer/firmware,85,19,,,,3,0,0,0,0,8.266666666666667,9.8 
jasper-software,jasper-software/jasper,193,98,C,other,Other,81,0,2,76,0,nan,nan 
zanllp,zanllp/sd-webui-infinite-image-browsing,579,80,TypeScript,mit,MIT License,1,0,0,0,0,7.5,7.5 
qpdf,qpdf/qpdf,2740,234,C++,apache-2.0,Apache License 2.0,16,0,0,14,0,5.393181818181821,7.8 
chamilo,chamilo/chamilo-lms,715,458,PHP,gpl-3.0,GNU General Public License v3.0,70,0,5,25,4,nan,nan 
SyncfusionExamples,SyncfusionExamples/ej2-aspcore-file-provider,4,27,C#,,,1,0,0,0,0,9.8,9.8 
owncloud-archive,owncloud-archive/apps,374,347,JavaScript,,,0,0,0,0,0,, 
ushahidi,ushahidi/Ushahidi_Web,897,638,PHP,other,Other,11,0,5,5,1,nan,nan 
yiisoft,yiisoft/yii2,14170,7047,PHP,bsd-3-clause,"BSD 3-Clause ""New"" or ""Revised"" License",18,0,4,9,0,nan,nan 
projectworldsofficial,projectworldsofficial/Assets-management-system-in-php,5,6,PHP,,,1,0,0,0,0,9.8,9.8 
WebAssembly,WebAssembly/wabt,5897,630,C++,apache-2.0,Apache License 2.0,13,0,0,0,0,6.296747967479675,7.8 
IntellectualSites,IntellectualSites/FastAsyncWorldEdit,521,177,Java,other,Other,1,0,0,0,0,5.5,5.5 
systemd,systemd/systemd,11677,3484,C,gpl-2.0,GNU General Public License v2.0,48,0,7,22,9,nan,nan 
ChewKeanHo,ChewKeanHo/AutomataCI,10,1,Shell,apache-2.0,Apache License 2.0,1,0,0,0,0,9.099999999999998,9.1 
pkuvcl,pkuvcl/davs2,118,49,C++,gpl-2.0,GNU General Public License v2.0,1,0,0,0,0,5.5,5.5 
awake1t,awake1t/linglong,1541,302,Go,,,1,0,1,0,0,9.8,9.8 
internetarchive,internetarchive/openlibrary,4506,1114,Python,agpl-3.0,GNU Affero General Public License v3.0,1,0,0,1,0,nan,nan 
nextcloud,nextcloud/text,458,85,JavaScript,agpl-3.0,GNU Affero General Public License v3.0,7,0,0,4,0,5.485714285714285,6.7 
dmsl,dmsl/anyplace,671,313,JavaScript,mit,MIT License,1,0,0,1,0,9.0,9.0 
ouqiang,ouqiang/gocron,5355,1197,Go,mit,MIT License,1,0,0,0,0,6.1000000000000005,6.1 
metersphere,metersphere/metersphere,10287,2358,Java,gpl-3.0,GNU General Public License v3.0,14,0,0,0,0,7.797345132743349,9.8 
msaad1999,msaad1999/KLiK-SocialMediaWebsite,288,151,PHP,mit,MIT License,3,0,0,0,0,7.1,8.8 
nocodb,nocodb/nocodb,38478,2540,TypeScript,other,Other,12,0,0,6,2,6.456666666666668,8.8 
Volmarg,Volmarg/personal-management-system,2885,226,CSS,mit,MIT License,1,0,0,0,0,7.799999999999999,7.8 
openremote,openremote/openremote,937,232,Java,other,Other,1,0,0,0,0,9.799999999999999,9.8 
LibreOffice,LibreOffice/core,2180,582,,gpl-3.0,GNU General Public License v3.0,47,0,16,22,0,nan,nan 
emlog,emlog/emlog,435,133,PHP,gpl-3.0,GNU General Public License v3.0,26,0,3,5,2,7.210833333333316,9.8 
hazelcast,hazelcast/hazelcast,5622,1787,Java,other,Other,6,0,2,1,0,8.859523809523814,9.8 
relan,relan/exfat,732,173,C,gpl-2.0,GNU General Public License v2.0,2,0,0,1,1,5.044444444444445,7.8 
langchain-ai,langchain-ai/langchain,67620,9753,Python,mit,MIT License,15,0,0,0,0,9.265909090909078,9.8 
OS4ED,OS4ED/openSIS-Classic,170,167,PHP,,,19,0,7,10,1,8.55104895104894,9.8 
silverstripe,silverstripe/silverstripe-admin,27,91,JavaScript,bsd-3-clause,"BSD 3-Clause ""New"" or ""Revised"" License",3,0,0,1,0,nan,nan 
theupdateframework,theupdateframework/python-tuf,1550,319,Python,apache-2.0,Apache License 2.0,2,0,2,0,0,9.25,9.8 
kimai,kimai/kimai,2479,472,PHP,agpl-3.0,GNU Affero General Public License v3.0,3,0,0,1,0,8.167741935483868,9.6 
evmos,evmos/evmos,1535,745,Go,other,Other,1,0,0,1,0,7.4,7.4 
samba-team,samba-team/samba,807,417,C,gpl-3.0,GNU General Public License v3.0,189,0,40,92,28,nan,nan 
p1n93r,p1n93r/SpringBootAdmin-thymeleaf-SSTI,69,8,HTML,,,1,0,0,0,0,7.5,7.5 
wikimedia,wikimedia/mediawiki,3697,1353,PHP,other,Other,351,0,26,242,24,nan,nan 
neex,neex/phuip-fpizdam,1771,260,Go,mit,MIT License,1,0,1,0,0,9.799999999999999,9.8 
Submitty,Submitty/Submitty,538,557,PHP,bsd-3-clause,"BSD 3-Clause ""New"" or ""Revised"" License",4,0,0,1,1,5.725,6.1 
mozilla-bteam,mozilla-bteam/bmo,142,199,Perl,mpl-2.0,Mozilla Public License 2.0,0,0,0,0,0,, 
drupalcommerce,drupalcommerce/commerce,349,257,PHP,,,0,0,0,0,0,, 
quagga,Quagga/quagga,285,138,C,gpl-2.0,GNU General Public License v2.0,1,0,1,0,0,9.8,9.8 
FFmpeg,FFmpeg/FFmpeg,39241,11379,C,other,Other,389,0,126,251,2,nan,nan 
opencv,opencv/opencv,72197,55704,C++,apache-2.0,Apache License 2.0,31,0,2,29,0,7.8289036544850585,8.8 
ONLYOFFICE,ONLYOFFICE/DocumentServer,3950,970,Shell,agpl-3.0,GNU Affero General Public License v3.0,16,0,10,1,0,9.053846153846155,9.8 
nodejs,nodejs/node,99230,27622,JavaScript,other,Other,95,0,11,54,0,nan,nan 
capstone-engine,capstone-engine/capstone,6697,1491,C,,,2,0,1,1,0,7.15,8.8 
uzbl,uzbl/uzbl,995,157,C,gpl-3.0,GNU General Public License v3.0,3,0,1,1,1,nan,nan 
freebsd,freebsd/freebsd-src,7164,2678,C,other,Other,2,0,0,1,0,8.754545454545452,9.1 
MonetDB,MonetDB/MonetDB,304,47,C,mpl-2.0,Mozilla Public License 2.0,11,0,0,0,0,7.5,7.5 
cn-panda,cn-panda/logbackRceDemo,83,13,Java,apache-2.0,Apache License 2.0,1,0,1,0,0,6.6,6.6 
drachtio,drachtio/drachtio-server,203,76,C++,mit,MIT License,6,0,0,0,0,7.5826086956521745,9.8 
espressif,espressif/esp-idf,11468,6733,C,apache-2.0,Apache License 2.0,12,0,3,4,5,7.141666666666661,8.8 
kde,KDE/messagelib,10,5,C++,,,1,0,0,1,0,6.5,6.5 
gstreamer,GStreamer/gstreamer,1875,497,C,other,Other,29,0,0,22,0,nan,nan 
phacility,phacility/phabricator,12323,1701,PHP,apache-2.0,Apache License 2.0,1,0,0,1,0,8.799999999999999,8.8 
pulseaudio,pulseaudio/pulseaudio,388,221,C,other,Other,6,0,3,1,2,nan,nan 
ntp,NTP/ntp,0,0,C,,,0,0,0,0,0,, 
debian,Debian/apt,493,190,,other,Other,1,0,0,1,0,5.5,5.5 
debian,Debian/devscripts,29,14,Perl,gpl-2.0,GNU General Public License v2.0,0,0,0,0,0,, 
kohana,kohana/kohana,1551,433,PHP,other,Other,2,0,1,1,0,9.463636363636361,9.8 
gnome,GNOME/ocrfeeder,85,32,Python,gpl-3.0,GNU General Public License v3.0,0,0,0,0,0,, 
liblas,libLAS/libLAS,273,151,C++,other,Other,0,0,0,0,0,, 
apache,apache/ofbiz-framework,602,438,Java,apache-2.0,Apache License 2.0,43,0,13,19,1,nan,nan 
gnome,GNOME/epiphany,276,44,C,gpl-3.0,GNU General Public License v3.0,0,0,0,0,0,, 
ceph,ceph/ceph-deploy,419,308,Python,mit,MIT License,2,0,0,0,2,nan,nan 
zmanda,zmanda/amanda,183,105,C,other,Other,7,0,2,1,0,6.936363636363637,8.8 
sqlite,sqlite/sqlite,4734,791,C,other,Other,50,0,8,28,7,nan,nan 
kde,KDE/kcron,9,3,C++,,,0,0,0,0,0,, 
freetds,FreeTDS/freetds,435,144,C,gpl-2.0,GNU General Public License v2.0,0,0,0,0,0,, 
Samnan,Samnan/MyWebSQL,106,49,PHP,,,1,0,0,1,0,6.1000000000000005,6.1 
gnome,GNOME/gnome-autoar,4,2,C,lgpl-2.1,GNU Lesser General Public License v2.1,0,0,0,0,0,, 
invoiceninja,invoiceninja/invoiceninja,7376,2150,PHP,other,Other,3,0,0,1,2,6.685714285714283,8.1 
gnome,GNOME/libgfbgraph,2,3,C,,,0,0,0,0,0,, 
slims,slims/slims8_akasia,90,107,PHP,gpl-3.0,GNU General Public License v3.0,4,0,0,4,0,8.176923076923075,8.8 
apache,apache/pdfbox,2194,793,Java,apache-2.0,Apache License 2.0,8,0,2,6,0,6.725806451612905,9.8 
bitlbee,bitlbee/bitlbee,578,116,C,gpl-2.0,GNU General Public License v2.0,6,0,4,2,0,nan,nan 
kde,KDE/kimageformats,16,6,C++,,,0,0,0,0,0,, 
arthurdejong,arthurdejong/nss-pam-ldapd,52,35,C,lgpl-2.1,GNU Lesser General Public License v2.1,2,0,0,2,0,nan,nan 
snmptt,snmptt/snmptt,13,3,Perl,,,1,0,1,0,0,9.8,9.8 
kde,KDE/kde-workspace,13,5,C++,,,0,0,0,0,0,, 
mate-desktop,mate-desktop/mate-settings-daemon,40,42,C,gpl-2.0,GNU General Public License v2.0,1,0,0,0,1,nan,nan 
espocrm,espocrm/espocrm,1317,485,PHP,agpl-3.0,GNU Affero General Public License v3.0,26,0,1,9,9,nan,nan 
symphonycms,symphonycms/symphonycms,544,214,PHP,mit,MIT License,1,0,0,1,0,6.1,6.1 
micwallace,micwallace/wallacepos,354,370,PHP,lgpl-3.0,GNU Lesser General Public License v3.0,1,0,0,1,0,6.099999999999999,6.1 
gajim,gajim/gajim,42,18,Python,gpl-3.0,GNU General Public License v3.0,8,0,1,4,2,nan,nan 
pocoproject,pocoproject/poco,7443,2061,C,other,Other,1,0,0,1,0,6.5,6.5 
krb5,krb5/krb5,468,355,C,,,138,0,62,61,12,nan,nan 
mailcow,mailcow/mailcow-dockerized,7146,1028,JavaScript,gpl-3.0,GNU General Public License v3.0,7,0,2,1,0,8.165384615384621,8.8 
GNOME,GNOME/libxml2,491,341,C,other,Other,71,0,17,45,2,nan,nan 
tinycc,TinyCC/tinycc,1620,302,C,lgpl-2.1,GNU Lesser General Public License v2.1,0,0,0,0,0,, 
phppgadmin,phppgadmin/phppgadmin,729,267,PHP,other,Other,6,0,1,5,0,nan,nan 
nasa,nasa/PyBlock,35,24,Jupyter Notebook,other,Other,1,0,0,1,0,7.8,7.8 
nasa,nasa/SingleDop,51,42,Jupyter Notebook,other,Other,1,0,0,1,0,7.8,7.8 
funzoneq,funzoneq/freshdns,9,7,PHP,gpl-2.0,GNU General Public License v2.0,2,0,0,1,1,7.100000000000001,8.8 
galpeter,galpeter/jerryscript,0,0,C,apache-2.0,Apache License 2.0,48,0,13,33,0,7.935416666666698,9.8 
bestpractical,bestpractical/rt,789,251,Perl,gpl-2.0,GNU General Public License v2.0,38,0,1,32,5,nan,nan 
EOSIO,EOSIO/eos,11301,3705,C++,mit,MIT License,4,0,1,3,0,8.400000000000002,9.8 
GNOME,GNOME/glib,1392,519,C,other,Other,16,0,2,11,0,nan,nan 
Katello,Katello/katello,359,282,JavaScript,gpl-2.0,GNU General Public License v2.0,9,0,0,6,3,nan,nan 
lemire,lemire/simdcomp,449,47,C,bsd-3-clause,"BSD 3-Clause ""New"" or ""Revised"" License",2,0,0,2,0,6.5,6.5 
simsong,simsong/tcpflow,1606,237,C++,gpl-3.0,GNU General Public License v3.0,2,0,0,2,0,6.7,9.1 
nixos,NixOS/nix,9337,1251,C++,lgpl-2.1,GNU Lesser General Public License v2.1,0,0,0,0,0,, 
PAGalaxyLab,PAGalaxyLab/VulInfo,143,37,,cc0-1.0,Creative Commons Zero v1.0 Universal,14,0,12,2,0,9.092380952380944,9.8 
pgbouncer,pgbouncer/pgbouncer,2356,405,C,other,Other,4,0,0,4,0,nan,nan 
nats-io,nats-io/nats-server,13797,1304,Go,apache-2.0,Apache License 2.0,10,0,2,5,0,8.013513513513516,9.8 
brycebaril,brycebaril/node-flatnest,20,3,JavaScript,mit,MIT License,1,0,0,0,0,9.8,9.8 
libguestfs,libguestfs/libguestfs,576,159,C,gpl-2.0,GNU General Public License v2.0,5,0,0,4,1,nan,nan 
gnome,GNOME/gdm,86,35,C,gpl-2.0,GNU General Public License v2.0,9,0,0,6,3,nan,nan 
mpmath,mpmath/mpmath,846,169,Python,bsd-3-clause,"BSD 3-Clause ""New"" or ""Revised"" License",1,0,0,1,0,7.5,7.5 
ipfs-inactive,ipfs-inactive/npm-go-ipfs-dep,16,19,JavaScript,mit,MIT License,0,0,0,0,0,, 
scummvm,scummvm/scummvm,2081,932,C++,gpl-3.0,GNU General Public License v3.0,1,0,0,1,0,8.799999999999999,8.8 
keepkey,keepkey/keepkey-firmware,144,163,C,lgpl-3.0,GNU Lesser General Public License v3.0,7,0,1,4,1,5.549999999999998,9.8 
ipsilon-project,ipsilon-project/ipsilon,3,1,CSS,gpl-3.0,GNU General Public License v3.0,3,0,0,3,0,6.242857142857141,9.1 
openafs,openafs/openafs,75,61,C,other,Other,33,0,8,23,2,nan,nan 
Bubka,Bubka/2FAuth,1099,84,PHP,agpl-3.0,GNU Affero General Public License v3.0,1,0,0,0,0,6.1000000000000005,6.1 
contiki-ng,contiki-ng/contiki-ng,1175,658,C,bsd-3-clause,"BSD 3-Clause ""New"" or ""Revised"" License",40,0,12,11,2,8.349868073878648,10.0 
qemu,qemu/qemu,8526,5034,C,other,Other,381,0,62,121,174,nan,nan 
npm,npm/npm,17485,3263,,,,4,0,0,3,1,nan,nan 
dogtagpki,dogtagpki/pki,280,122,Java,gpl-2.0,GNU General Public License v2.0,10,0,0,8,1,6.840963855421695,8.1 
sromanhu,sromanhu/CVE-2023-44760_ConcreteCMS-Stored-XSS---TrackingCodes,0,0,,,,0,0,0,0,0,, 
InternationalColorConsortium,InternationalColorConsortium/DemoIccMAX,95,31,C++,bsd-3-clause,"BSD 3-Clause ""New"" or ""Revised"" License",6,0,0,0,0,7.041176470588235,8.8 
pomsky-lang,pomsky-lang/pomsky,1214,20,Rust,apache-2.0,Apache License 2.0,0,0,0,0,0,, 
joker-xiaoyan,joker-xiaoyan/XXE-SAXReader,0,0,Java,,,1,0,0,0,0,, 
Qxyday,Qxyday/GeoServe---unauthorized,0,0,,,,1,0,0,0,0,8.8,8.8 
theori-io,theori-io/chakra-2016-11,138,52,HTML,mit,MIT License,2,0,2,0,0,7.5,7.5 
kubernetes,kubernetes/ingress-nginx,15880,8010,Go,apache-2.0,Apache License 2.0,9,0,0,5,0,7.324691358024687,8.8 
harfbuzz,harfbuzz/harfbuzz,3268,589,C++,other,Other,6,0,1,4,0,7.416666666666664,7.6 
AcademySoftwareFoundation,AcademySoftwareFoundation/OpenImageIO,1788,545,C++,apache-2.0,Apache License 2.0,1,0,0,0,0,7.5,7.5 
FRRouting,FRRouting/frr,2764,1136,C,other,Other,29,0,0,8,0,7.489743589743589,9.8 
sidekiq,sidekiq/sidekiq,12722,2367,Ruby,other,Other,4,0,0,2,0,7.1866666666666665,9.6 
util-linux,util-linux/util-linux,2315,1114,C,gpl-2.0,GNU General Public License v2.0,12,0,4,1,4,nan,nan 
AcademySoftwareFoundation,AcademySoftwareFoundation/openexr,1508,574,C,bsd-3-clause,"BSD 3-Clause ""New"" or ""Revised"" License",44,0,2,35,5,5.9477611940298445,8.8 
vanilla,vanilla/vanilla,2787,777,PHP,gpl-2.0,GNU General Public License v2.0,24,0,4,17,3,nan,nan 
blakeblackshear,blakeblackshear/frigate,10244,1047,Python,mit,MIT License,3,0,0,0,0,6.333333333333333,7.5 
bigbluebutton,bigbluebutton/bigbluebutton,8153,5917,JavaScript,lgpl-3.0,GNU Lesser General Public License v3.0,36,0,3,24,2,6.300711743772236,9.8 
convos-chat,convos-chat/convos,968,82,Perl,artistic-2.0,Artistic License 2.0,3,0,0,0,3,5.400000000000001,5.4 
sromanhu,sromanhu/CVE-2023-44769_ZenarioCMS--Reflected-XSS---Alias,0,0,,,,0,0,0,0,0,, 
baserproject,baserproject/basercms,151,113,PHP,other,Other,52,0,4,26,12,nan,nan 
kitabisa,kitabisa/teler-waf,199,21,Go,apache-2.0,Apache License 2.0,2,0,0,0,0,6.1000000000000005,6.1 
sromanhu,sromanhu/CVE-2023-43358-CMSmadesimple-Stored-XSS---News,0,0,,,,0,0,0,0,0,, 
phpbb,phpbb/phpbb,1734,953,PHP,gpl-2.0,GNU General Public License v2.0,34,0,7,26,0,nan,nan 
zincsearch,zincsearch/zincsearch,15593,677,Go,other,Other,0,0,0,0,0,, 
libsndfile,libsndfile/libsndfile,1248,346,C,lgpl-2.1,GNU Lesser General Public License v2.1,27,0,1,22,2,nan,nan 
shopware,shopware/shopware,2418,902,PHP,mit,MIT License,44,0,2,26,6,nan,nan 
pypa,pypa/pip,9001,3051,Python,mit,MIT License,8,0,0,4,3,nan,nan 
misskey-dev,misskey-dev/misskey,8704,1128,TypeScript,agpl-3.0,GNU Affero General Public License v3.0,11,0,0,2,1,6.653191489361701,9.8 
zitadel,zitadel/zitadel,5153,303,Go,agpl-3.0,GNU Affero General Public License v3.0,6,0,0,0,0,6.941860465116283,8.8 
geoserver,geoserver/geoserver,3394,2096,Java,other,Other,7,0,0,3,0,nan,nan 
lewdlime,lewdlime/abcm2ps,75,30,C,gpl-3.0,GNU General Public License v3.0,3,0,0,3,0,5.833333333333333,6.5 
dromara,dromara/Sa-Token,14223,2400,Java,apache-2.0,Apache License 2.0,2,0,0,0,0,9.3,9.8 
jtylek,jtylek/EpesiCRM,31,21,PHP,,,11,0,0,9,2,5.91308411214954,6.1 
toumorokoshi,toumorokoshi/transmute-core,37,17,Python,mit,MIT License,1,0,0,0,0,9.8,9.8 
eclipse-ee4j,eclipse-ee4j/parsson,10,14,Java,other,Other,1,0,0,0,0,7.5,7.5 
RedHatInsights,RedHatInsights/insights-core,135,196,Python,apache-2.0,Apache License 2.0,1,0,0,0,0,7.799999999999999,7.8 
Alinto,Alinto/sogo,1578,273,Objective-C,gpl-2.0,GNU General Public License v2.0,7,0,0,4,0,5.774418604651164,6.5 
sourcegraph,sourcegraph/cody,701,71,TypeScript,,,1,0,0,0,0,8.799999999999999,8.8 
apache,apache/airflow,32331,13109,Python,apache-2.0,Apache License 2.0,94,0,4,19,6,7.354021244309581,9.8 
pkp,pkp/pkp-lib,283,442,PHP,gpl-3.0,GNU General Public License v3.0,20,0,0,4,0,6.42923076923077,8.8 
moodle,moodle/moodle,5058,6172,PHP,gpl-3.0,GNU General Public License v3.0,508,0,31,364,41,nan,nan 
FreeTAKTeam,FreeTAKTeam/FreeTakServer,480,139,Python,epl-2.0,Eclipse Public License 2.0,2,0,0,2,0,8.149999999999999,8.8 
PowerJob,PowerJob/PowerJob,5950,1048,Java,apache-2.0,Apache License 2.0,8,0,0,1,0,7.542253521126764,9.8 
kiegroup,kiegroup/drools,21,30,Java,apache-2.0,Apache License 2.0,3,0,2,0,0,nan,nan 
openvswitch,openvswitch/ovs,3294,1898,C,apache-2.0,Apache License 2.0,20,0,6,6,2,nan,nan 
libsdl-org,libsdl-org/SDL-1.2,75,66,C,lgpl-2.1,GNU Lesser General Public License v2.1,1,0,0,0,0,7.5,7.5 
textAngular,textAngular/textAngular,3982,1158,JavaScript,,,1,0,0,1,0,nan,nan 
google,google/brotli,12661,1237,TypeScript,mit,MIT License,1,0,0,1,0,6.5,6.5 
vuestorefront,vuestorefront/vue-storefront-api,350,342,JavaScript,mit,MIT License,0,0,0,0,0,, 
containers,containers/psgo,55,21,Go,apache-2.0,Apache License 2.0,1,0,0,1,0,8.8,8.8 
openstack,openstack/nova,2986,2588,Python,apache-2.0,Apache License 2.0,42,0,2,27,11,nan,nan 
theforeman,theforeman/foreman_remote_execution,26,91,JavaScript,gpl-3.0,GNU General Public License v3.0,1,0,0,1,0,6.1,6.1 
tensorflow,tensorflow/tensorflow,178664,89106,C++,apache-2.0,Apache License 2.0,428,0,6,169,148,6.93858407079646,9.9 
redpanda-data,redpanda-data/redpanda,7996,501,C++,,,3,0,0,0,0,7.21304347826087,9.8 
FasterXML,FasterXML/jackson-databind,3378,1341,Java,apache-2.0,Apache License 2.0,70,0,22,43,0,8.445138888888856,10.0 
TYPO3,TYPO3/typo3,966,622,PHP,gpl-2.0,GNU General Public License v2.0,178,0,15,105,41,nan,nan 
OpenIDC,OpenIDC/mod_auth_openidc,914,324,C,apache-2.0,Apache License 2.0,14,0,0,12,0,6.952380952380959,8.6 
chef,chef/chef,7352,2600,Ruby,apache-2.0,Apache License 2.0,1,0,0,1,0,7.5,7.5 
wp-plugins,wp-plugins/reciply,0,0,PHP,,,1,0,0,0,0,9.8,9.8 
jedisct1,jedisct1/pure-ftpd,598,179,C,other,Other,9,0,1,7,1,nan,nan 
yast,yast/yast-core,19,18,C++,gpl-2.0,GNU General Public License v2.0,1,0,0,0,1,7.8,7.8 
silverstripe,silverstripe/silverstripe-framework,720,834,PHP,bsd-3-clause,"BSD 3-Clause ""New"" or ""Revised"" License",77,0,5,50,8,nan,nan 
silverstripe,silverstripe/silverstripe-cms,508,335,PHP,bsd-3-clause,"BSD 3-Clause ""New"" or ""Revised"" License",10,0,0,8,1,nan,nan 
hercules-team,hercules-team/augeas,465,203,Augeas,lgpl-2.1,GNU Lesser General Public License v2.1,5,0,1,1,3,nan,nan 
wp-plugins,wp-plugins/404like,0,0,PHP,,,1,0,0,0,0,9.8,9.8 
nodejs,nodejs/node-v0.x-archive,34527,7548,,,,0,0,0,0,0,, 
jquery,jquery/jquery,57997,20898,JavaScript,mit,MIT License,12,0,0,11,0,nan,nan 
inspircd,inspircd/inspircd,1092,306,C++,,,11,0,4,7,0,nan,nan 
sheilazpy,sheilazpy/eShop,0,0,Java,other,Other,1,0,0,0,0,9.8,9.8 
zerochplus,zerochplus/zerochplus,4,2,Perl,,,1,0,0,0,0,6.1,6.1 
OCLC-Research,OCLC-Research/oaicat,5,3,Java,,,1,0,0,0,0,9.8,9.8 
mantisbt,mantisbt/mantisbt,1552,704,PHP,,,110,0,9,72,27,nan,nan 
mediaelement,mediaelement/mediaelement,8087,1618,JavaScript,mit,MIT License,0,0,0,0,0,, 
rjmackay,rjmackay/Ushahidi_Web,1,2,PHP,other,Other,1,0,0,1,0,nan,nan 
JojoCMS,JojoCMS/Jojo-CMS,20,9,PHP,lgpl-2.1,GNU Lesser General Public License v2.1,3,0,1,2,0,nan,nan 
pydio,pydio/pydio-core,873,297,PHP,agpl-3.0,GNU Affero General Public License v3.0,16,0,8,7,1,nan,nan 
quassel,quassel/quassel,701,229,C++,other,Other,13,0,2,11,0,nan,nan 
mikaku,mikaku/Monitorix,1057,174,Perl,gpl-2.0,GNU General Public License v2.0,4,0,3,1,0,9.515384615384614,9.8 
openstack,openstack/heat-templates,382,391,PowerShell,apache-2.0,Apache License 2.0,3,0,0,3,0,nan,nan 
gburton,gburton/phoenix,1,0,PHP,,,0,0,0,0,0,, 
yunasc,yunasc/tbdev,46,29,PHP,,,1,0,0,0,0,6.1,6.1 
rfsimoes,rfsimoes/IS_Projecto2,0,0,Java,,,1,0,0,0,0,9.8,9.8 
phusion,phusion/passenger,4962,553,C++,mit,MIT License,13,0,1,9,3,nan,nan 
IlchCMS,IlchCMS/Ilch-2.0,38,33,PHP,gpl-3.0,GNU General Public License v3.0,7,0,1,5,1,nan,nan 
apache,apache/activemq,2198,1400,Java,apache-2.0,Apache License 2.0,34,0,5,25,2,nan,nan 
nilsteampassnet,nilsteampassnet/TeamPass,1552,549,PHP,gpl-3.0,GNU General Public License v3.0,22,0,5,11,6,nan,nan 
ueno,ueno/libfep,5,1,C,gpl-3.0,GNU General Public License v3.0,1,0,0,1,0,nan,nan 
wp-plugins,wp-plugins/sagepay-direct-for-woocommerce-payment-gateway,0,0,,,,1,0,0,1,0,nan,nan 
AppFormer,AppFormer/uberfire,82,121,,,,0,0,0,0,0,, 
kiegroup,kiegroup/kie-wb-distributions,72,266,Java,,,0,0,0,0,0,, 
processone,processone/ejabberd,5764,1523,Erlang,other,Other,2,0,0,2,0,nan,nan 
revive-adserver,revive-adserver/revive-adserver,1134,550,PHP,gpl-2.0,GNU General Public License v2.0,47,0,7,29,10,nan,nan 
luelista,luelista/miniConf,6,1,C#,gpl-3.0,GNU General Public License v3.0,1,0,0,0,0,7.5,7.5 
marinaguimaraes,marinaguimaraes/ACI_Escola,0,0,HTML,,,1,0,0,0,0,9.8,9.8 
bony2023,bony2023/Discussion-Board,0,0,PHP,,,1,0,0,0,0,9.8,9.8 
wp-plugins,wp-plugins/landing-pages,0,0,PHP,gpl-2.0,GNU General Public License v2.0,1,0,0,0,0,6.1,6.1 
ZF-Commons,ZF-Commons/ZfcUser,500,352,PHP,bsd-3-clause,"BSD 3-Clause ""New"" or ""Revised"" License",1,0,0,1,0,nan,nan 
apereo,apereo/cas,10397,3883,Java,apache-2.0,Apache License 2.0,6,0,1,4,0,nan,nan 
martinpitt,martinpitt/python-dbusmock,55,43,Python,lgpl-3.0,GNU Lesser General Public License v3.0,1,0,1,0,0,8.8,8.8 
ClusterLabs,ClusterLabs/pacemaker,959,337,C,other,Other,10,0,3,4,3,nan,nan 
ether,ether/etherpad-lite,14999,2706,JavaScript,apache-2.0,Apache License 2.0,18,0,4,14,0,7.921978021978026,9.8 
FransUrbo,FransUrbo/zfs,8,1,C,other,Other,1,0,0,0,1,4.3,4.3 
rubygems,rubygems/rubygems,3468,1814,Ruby,other,Other,20,0,6,14,0,nan,nan 
pixelb,pixelb/coreutils,2,2,C,gpl-3.0,GNU General Public License v3.0,2,0,1,1,0,8.8,9.8 
X2Engine,X2Engine/X2CRM,340,205,PHP,,,5,0,1,4,0,nan,nan 
sparc,sparc/phpWhois.org,94,42,PHP,gpl-2.0,GNU General Public License v2.0,1,0,1,0,0,9.8,9.8 
MISP,MISP/MISP,4717,1317,PHP,agpl-3.0,GNU Affero General Public License v3.0,91,0,9,49,11,7.026530612244896,9.8 
miltonio,miltonio/milton2,167,119,Java,other,Other,1,0,1,0,0,9.8,9.8 
php-fusion,php-fusion/php-fusion,0,0,,,,0,0,0,0,0,, 
GPCsolutions,GPCsolutions/dolibarr,2,0,PHP,gpl-3.0,GNU General Public License v3.0,3,0,0,2,1,nan,nan 
bcgit,bcgit/bc-java,2059,1115,Java,mit,MIT License,22,0,1,17,1,5.979999999999999,9.8 
semplon,semplon/GeniXCMS,36,15,JavaScript,mit,MIT License,33,0,8,20,5,nan,nan 
vadz,vadz/libtiff,80,83,C,other,Other,149,0,29,119,1,nan,nan 
halostatue,halostatue/minitar,37,23,Ruby,other,Other,1,0,0,1,0,7.5,7.5 
kovidgoyal,kovidgoyal/calibre,16798,2062,Python,gpl-3.0,GNU General Public License v3.0,7,0,3,3,0,8.411320754716982,9.8 
samatt,samatt/herbivore,85,15,Vue,,,0,0,0,0,0,, 
spacewalkproject,spacewalkproject/spacewalk,639,263,Java,gpl-2.0,GNU General Public License v2.0,21,0,3,14,4,nan,nan 
candlepin,candlepin/subscription-manager,61,116,Python,gpl-2.0,GNU General Public License v2.0,3,0,0,1,1,7.157142857142856,7.8 
m6w6,m6w6/ext-http,74,22,C,bsd-2-clause,"BSD 2-Clause ""Simplified"" License",2,0,2,0,0,9.8,9.8 
libtom,libtom/libtomcrypt,1419,433,C,other,Other,3,0,0,2,1,7.045454545454543,9.1 
spring-projects,spring-projects/spring-data-jpa,2789,1327,Java,apache-2.0,Apache License 2.0,3,0,0,3,0,5.327272727272725,5.6 
MariaDB,MariaDB/server,5024,1597,C++,gpl-2.0,GNU General Public License v2.0,8,0,1,2,4,6.5125,8.8 
szukw000,szukw000/openjpeg,0,0,,other,Other,4,0,0,4,0,8.05,8.8 
file,file/file,1098,353,C,other,Other,33,0,5,25,2,nan,nan 
pfsense,pfsense/pfsense,4432,1401,PHP,apache-2.0,Apache License 2.0,21,0,5,6,2,nan,nan 
opnsense,opnsense/core,2674,653,PHP,bsd-2-clause,"BSD 2-Clause ""Simplified"" License",20,0,0,5,0,7.554838709677416,9.8 
the-tcpdump-group,the-tcpdump-group/tcpdump,2374,818,C,other,Other,170,0,129,39,0,nan,nan 
pbatard,pbatard/rufus,25110,2423,C,gpl-3.0,GNU General Public License v3.0,3,0,1,2,0,8.766666666666667,9.8 
octobercms,octobercms/library,153,171,PHP,other,Other,11,0,1,7,3,7.3307692307692305,9.8 
faiyazalam,faiyazalam/WordPress-plugin-user-login-history,8,3,PHP,gpl-2.0,GNU General Public License v2.0,1,0,0,1,0,6.1,6.1 
vmware-archive,vmware-archive/xenon,226,97,Java,other,Other,0,0,0,0,0,, 
zom,zom/Zom-iOS-XMPP,37,22,Swift,mpl-2.0,Mozilla Public License 2.0,0,0,0,0,0,, 
conversejs,conversejs/converse.js,2969,770,JavaScript,mpl-2.0,Mozilla Public License 2.0,1,0,0,1,0,5.3,5.3 
Mnkras,Mnkras/concrete5,0,0,PHP,mit,MIT License,1,0,0,1,0,6.1,6.1 
bigtreecms,bigtreecms/BigTree-CMS,209,54,PHP,other,Other,43,0,4,27,10,nan,nan 
zherczeg,zherczeg/jerryscript,1,1,C,apache-2.0,Apache License 2.0,1,0,0,1,0,7.5,7.5 
Creatiwity,Creatiwity/wityCMS,32,16,PHP,mit,MIT License,7,0,1,3,3,7.461538461538461,9.8 
webpack,webpack/webpack-dev-server,7703,1490,JavaScript,mit,MIT License,1,0,0,1,0,7.5,7.5 
MyIgel,MyIgel/engelsystem,0,1,PHP,gpl-2.0,GNU General Public License v2.0,1,0,0,1,0,8.8,8.8 
roest01,roest01/node-pdf-image,0,2,JavaScript,mit,MIT License,1,0,1,0,0,9.8,9.8 
WebKit,WebKit/WebKit,6840,1078,,,,0,0,0,0,0,, 
WordPress,WordPress/WordPress,18148,12518,PHP,other,Other,335,0,49,239,38,nan,nan 
monstra-cms,monstra-cms/monstra,398,124,PHP,mit,MIT License,11,0,0,8,3,nan,nan 
phpmyadmin,phpmyadmin/phpmyadmin,6817,3438,PHP,gpl-2.0,GNU General Public License v2.0,266,0,35,190,39,nan,nan 
libressl,libressl/openbsd,220,92,C,,,145,0,50,72,17,nan,nan 
SickRage,SiCKRAGE/SiCKRAGE,1528,686,Python,gpl-3.0,GNU General Public License v3.0,2,0,0,1,1,5.75,6.1 
abrt,abrt/abrt,229,76,C,gpl-2.0,GNU General Public License v2.0,16,0,5,5,6,nan,nan 
sequelize,sequelize/sequelize,28558,4255,JavaScript,mit,MIT License,14,0,7,2,0,nan,nan 
wp-statistics,wp-statistics/wp-statistics,90,31,PHP,gpl-3.0,GNU General Public License v3.0,18,0,2,12,1,7.299333333333332,9.8 
fusionpbx,fusionpbx/fusionpbx,672,625,PHP,,,51,0,6,42,0,nan,nan 
pfsense,pfsense/FreeBSD-ports,434,549,,other,Other,8,0,1,5,0,6.9444444444444455,9.8 
alkacon,alkacon/apollo-template,4,10,HTML,,,2,0,0,2,0,6.1,6.1 
javaserverfaces,javaserverfaces/mojarra,5,0,,,,1,0,0,1,0,6.1,6.1 
craftcms,craftcms/cms,3078,617,PHP,other,Other,42,0,2,16,3,6.908695652173906,9.8 
shuox,shuox/acrn-hypervisor,0,0,C,bsd-3-clause,"BSD 3-Clause ""New"" or ""Revised"" License",1,0,0,1,0,7.5,7.5 
cockpit-project,cockpit-project/cockpit,9469,1055,C,,,4,0,0,4,0,6.92608695652174,7.5 
prometheus,prometheus/prometheus,50538,8598,Go,apache-2.0,Apache License 2.0,2,0,0,2,0,6.1000000000000005,6.1 
ruscur,ruscur/linux,0,3,C,other,Other,1,0,0,0,1,4.4,4.4 
it-novum,it-novum/openITCOCKPIT,231,50,PHP,gpl-3.0,GNU General Public License v3.0,12,0,3,7,1,8.061842105263159,9.8 
rconfig,rconfig/rconfig,37,6,PHP,gpl-3.0,GNU General Public License v3.0,6,0,1,1,0,8.2452380952381,9.8 
google,google/exposure-notifications-internals,137,39,Java,apache-2.0,Apache License 2.0,2,0,0,1,1,6.81111111111111,10.0 
d0c-s4vage,d0c-s4vage/lookatme,1714,47,Python,mit,MIT License,1,0,1,0,0,8.8,8.8 
CauldronDevelopmentLLC,CauldronDevelopmentLLC/cbang,41,39,C++,lgpl-2.1,GNU Lesser General Public License v2.1,2,0,0,1,0,7.5,7.5 
jbt,jbt/markdown-editor,2806,646,JavaScript,isc,ISC License,1,0,0,0,0,6.1,6.1 
Ardour,Ardour/ardour,3344,621,C++,other,Other,2,0,1,1,0,nan,nan 
akimd,akimd/bison,266,80,C,gpl-3.0,GNU General Public License v3.0,3,0,1,0,0,5.5,5.5 
fedora-selinux,fedora-selinux/selinux-policy,143,140,Python,gpl-2.0,GNU General Public License v2.0,1,0,0,0,1,4.7,4.7 
mscdex,mscdex/ssh2,5294,683,JavaScript,mit,MIT License,2,0,1,0,0,7.95,10.0 
anurodhp,anurodhp/VaxProj,1,0,Objective-C,other,Other,0,0,0,0,0,, 
uNetworking,uNetworking/uWebSockets,16222,1744,C++,apache-2.0,Apache License 2.0,3,0,0,2,0,6.163636363636363,8.8 
ambiot,ambiot/amb1_sdk,11,8,C,,,2,0,1,1,0,8.9,9.8 
ambiot,ambiot/amb1_arduino,8,4,C,mit,MIT License,1,0,0,1,0,8.0,8.0 
mtrojnar,mtrojnar/stunnel,217,76,C,other,Other,1,0,0,1,0,7.5,7.5 
strikeentco,strikeentco/set,2,0,JavaScript,mit,MIT License,2,0,1,1,0,9.033333333333333,9.8 
michaelschwarz,michaelschwarz/Ajax.NET-Professional,36,26,C#,mit,MIT License,3,0,1,0,1,6.866666666666667,9.8 
arangodb,arangodb/arangodb,13165,833,C++,other,Other,3,0,0,3,0,4.875,8.0 
hexojs,hexojs/hexo,37639,4677,JavaScript,mit,MIT License,2,0,0,0,1,7.236363636363635,7.5 
canarymail,canarymail/mailcore2,0,0,C++,other,Other,1,0,0,1,0,7.4,7.4 
openwrt,openwrt/luci,5547,2332,JavaScript,apache-2.0,Apache License 2.0,11,0,1,4,3,6.0242424242424235,9.8 
Gimly,Gimly/vscode-matlab,177,36,TypeScript,mit,MIT License,1,0,1,0,0,9.8,9.8 
laminas,laminas/laminas-http,33,26,PHP,bsd-3-clause,"BSD 3-Clause ""New"" or ""Revised"" License",1,0,1,0,0,9.8,9.8 
pear,pear/Archive_Tar,75,36,PHP,,,5,0,0,4,1,7.6000000000000005,8.8 
ProtonMail,ProtonMail/WebClients,3902,515,TypeScript,gpl-3.0,GNU General Public License v3.0,0,0,0,0,0,, 
BelledonneCommunications,BelledonneCommunications/belle-sip,64,45,C,gpl-3.0,GNU General Public License v3.0,3,0,0,3,0,7.5,7.5 
tcltk,tcltk/tcl,566,172,C,other,Other,1,0,0,1,0,7.8,7.8 
stefanberger,stefanberger/libtpms,189,86,C,other,Other,5,0,1,0,4,5.795652173913043,6.5 
btcpayserver,btcpayserver/btcpayserver,5500,1446,C#,mit,MIT License,17,0,0,6,3,6.161797752808988,8.8 
ohmyzsh,ohmyzsh/ohmyzsh,163923,25650,Shell,mit,MIT License,5,0,3,2,0,9.322222222222221,9.8 
python,python/cpython,56553,28120,Python,other,Other,109,0,29,56,6,nan,nan 
morethanwords,morethanwords/tweb,1137,305,TypeScript,gpl-3.0,GNU General Public License v3.0,2,0,1,1,0,7.95,9.8 
tmercswims,tmercswims/tmerc-cogs,36,27,Python,gpl-3.0,GNU General Public License v3.0,2,0,0,2,0,6.5,6.5 
chaskiq,chaskiq/chaskiq,2687,381,TypeScript,other,Other,2,0,0,1,1,5.75,6.1 
stanfordnlp,stanfordnlp/CoreNLP,9225,2728,Java,gpl-3.0,GNU General Public License v3.0,2,0,1,0,0,9.799999999999999,9.8 
matrix-org,matrix-org/synapse,11566,2175,Python,apache-2.0,Apache License 2.0,33,0,1,17,4,6.2713450292397654,9.8 
tremor-rs,tremor-rs/tremor-runtime,785,127,Rust,apache-2.0,Apache License 2.0,3,0,2,1,0,9.608333333333333,9.8 
vim,vim/vim,33363,5089,Vim Script,vim,Vim License,193,0,13,100,3,nan,nan 
star7th,star7th/showdoc,11689,2181,JavaScript,other,Other,41,0,3,19,19,6.116923076923072,9.8 
phpservermon,phpservermon/phpservermon,2120,707,JavaScript,gpl-3.0,GNU General Public License v3.0,4,0,0,2,0,5.625,6.5 
vanessa219,Vanessa219/vditor,7081,775,TypeScript,mit,MIT License,1,0,0,0,0,6.1,6.1 
livehelperchat,LiveHelperChat/livehelperchat,1830,685,PHP,apache-2.0,Apache License 2.0,4,0,0,4,0,5.32727272727273,6.1 
zyantific,zyantific/zydis,2971,415,C,mit,MIT License,1,0,0,1,0,8.1,8.1 
OpenSC,OpenSC/OpenSC,2272,689,C,lgpl-2.1,GNU Lesser General Public License v2.1,35,0,0,22,8,6.213333333333328,7.5 
cronvel,cronvel/terminal-kit,2906,212,JavaScript,mit,MIT License,1,0,0,0,0,7.5,7.5 
01-Scripts,01-Scripts/01ACP,0,0,PHP,,,1,0,0,0,0,6.1,6.1 
01-Scripts,01-Scripts/01-Artikelsystem,0,0,PHP,,,1,0,0,0,0,6.1,6.1 
joeattardi,joeattardi/picmo,1167,107,TypeScript,mit,MIT License,0,0,0,0,0,, 
h2o,h2o/h2o,10541,835,C,mit,MIT License,13,0,1,9,0,7.233707865168535,9.8 
jcubic,jcubic/jquery.terminal,2959,597,JavaScript,mit,MIT License,1,0,0,0,1,5.4,5.4 
crater-invoice,crater-invoice/crater,7326,1443,PHP,agpl-3.0,GNU Affero General Public License v3.0,8,0,0,7,1,6.5625,8.8 
mlflow,mlflow/mlflow,15771,3680,Python,apache-2.0,Apache License 2.0,21,0,0,1,0,8.402564102564106,10.0 
yetiforcecompany,YetiForceCompany/YetiForceCRM,1494,678,PHP,other,Other,0,0,0,0,0,, 
clinical-genomics,Clinical-Genomics/scout,133,42,HTML,bsd-3-clause,"BSD 3-Clause ""New"" or ""Revised"" License",0,0,0,0,0,, 
jgraph,jgraph/drawio,36560,7088,JavaScript,apache-2.0,Apache License 2.0,26,0,0,10,4,6.926923076923078,9.8 
tooljet,ToolJet/ToolJet,25120,3131,JavaScript,agpl-3.0,GNU Affero General Public License v3.0,2,0,0,1,1,7.1000000000000005,8.8 
nuitka,Nuitka/Nuitka,9941,538,Python,agpl-3.0,GNU Affero General Public License v3.0,1,0,1,0,0,7.8,7.8 
joblib,joblib/joblib,3476,424,Python,bsd-3-clause,"BSD 3-Clause ""New"" or ""Revised"" License",1,0,0,0,0,9.8,9.8 
nasa,nasa/openmct,11098,1243,JavaScript,other,Other,6,0,0,3,0,6.033333333333335,7.5 
heroiclabs,heroiclabs/nakama,7748,978,Go,apache-2.0,Apache License 2.0,2,0,0,2,0,8.65,9.8 
ToolJet,ToolJet/ToolJet,25120,3131,JavaScript,agpl-3.0,GNU Affero General Public License v3.0,2,0,0,1,1,7.1000000000000005,8.8 
TandoorRecipes,TandoorRecipes/recipes,4447,500,HTML,other,Other,4,0,0,1,3,nan,nan 
lirantal,lirantal/daloradius,548,291,PHP,gpl-2.0,GNU General Public License v2.0,7,0,0,0,0,7.114285714285715,8.8 
RIAEvangelist,RIAEvangelist/node-ipc,23,7,JavaScript,mit,MIT License,1,0,1,0,0,9.8,9.8 
IceWhaleTech,IceWhaleTech/CasaOS,17889,986,Go,apache-2.0,Apache License 2.0,4,0,1,0,0,9.72307692307692,9.8 
pomerium,pomerium/pomerium,3697,281,Go,apache-2.0,Apache License 2.0,8,0,0,7,0,7.484905660377361,9.8 
MisterTea,MisterTea/EternalTerminal,2768,169,C++,apache-2.0,Apache License 2.0,7,0,0,0,0,6.165853658536591,7.5 
kareadita,Kareadita/Kavita,3552,189,C#,gpl-3.0,GNU General Public License v3.0,0,0,0,0,0,, 
dnnsoftware,dnnsoftware/Dnn.Platform,969,742,C#,mit,MIT License,21,0,1,15,2,nan,nan 
DSpace,DSpace/DSpace,788,1249,Java,bsd-3-clause,"BSD 3-Clause ""New"" or ""Revised"" License",9,0,1,1,0,6.844444444444441,7.5 
wiris,wiris/moodle-filter_wiris,13,16,PHP,gpl-3.0,GNU General Public License v3.0,5,0,4,1,0,9.59090909090909,9.8 
ChaoticOnyx,ChaoticOnyx/OnyxForum,4,6,Python,other,Other,1,0,0,1,0,9.3,9.3 
babelouest,babelouest/rhonabwy,39,19,C,lgpl-2.1,GNU Lesser General Public License v2.1,2,0,0,1,0,7.5,7.5 
web2py,web2py/web2py,2060,887,Python,,,12,0,2,5,3,7.14705882352942,9.8 
FreeRADIUS,FreeRADIUS/freeradius-server,1918,1036,C,gpl-2.0,GNU General Public License v2.0,46,0,14,28,1,nan,nan 
flarum,flarum/framework,6082,826,PHP,mit,MIT License,11,0,0,4,0,7.989473684210527,10.0 
thorsten,thorsten/phpMyFAQ,571,269,PHP,mpl-2.0,Mozilla Public License 2.0,45,0,5,35,3,nan,nan 
PaddlePaddle,PaddlePaddle/Paddle,20992,5357,C++,apache-2.0,Apache License 2.0,26,0,0,0,0,8.534615384615387,9.8 
alagrede,alagrede/znote-app,178,11,,,,1,0,0,0,0,5.4,5.4 
openemr,openemr/openemr,2416,1824,PHP,gpl-3.0,GNU General Public License v3.0,131,0,14,71,15,nan,nan 
herry-zhang,herry-zhang/Python3-RESTfulAPI,162,107,Python,,,1,0,0,0,0,9.8,9.8 
davehorton,davehorton/sofia-sip,16,11,C,lgpl-2.1,GNU Lesser General Public License v2.1,2,0,0,0,0,7.5,7.5 
pmachapman,pmachapman/unrar,68,40,C++,other,Other,1,0,0,0,0,7.5,7.5 
builderio,BuilderIO/qwik,19170,1115,TypeScript,mit,MIT License,1,0,0,0,0,6.5,6.5 
unilogies,unilogies/bumsys,6,4,,mit,MIT License,9,0,0,0,0,7.133333333333334,8.8 
linagora,linagora/Twake,1662,179,TypeScript,agpl-3.0,GNU Affero General Public License v3.0,0,0,0,0,0,, 
fritsch,fritsch/xbmc,9,6,C++,other,Other,1,0,0,0,0,4.6,4.6 
jsreport,jsreport/jsreport,1088,212,JavaScript,lgpl-3.0,GNU Lesser General Public License v3.0,2,0,1,0,0,9.833333333333334,10.0 
GeoNode,GeoNode/geonode,1326,1082,JavaScript,other,Other,4,0,0,0,0,5.653846153846152,7.5 
t0rchwo0d,t0rchwo0d/gin,0,0,Go,mit,MIT License,1,0,0,0,0,7.3,7.3 
awesomized,awesomized/libmemcached,36,14,C++,bsd-3-clause,"BSD 3-Clause ""New"" or ""Revised"" License",1,0,0,0,0,6.5,6.5 
HtmlUnit,HtmlUnit/htmlunit,756,192,Java,apache-2.0,Apache License 2.0,6,0,0,3,0,7.967647058823532,9.8 
OpenSIPS,OpenSIPS/opensips,1137,545,C,other,Other,12,0,0,1,0,7.5,7.5 
Budibase,Budibase/budibase,19333,1264,TypeScript,other,Other,1,0,0,0,0,6.5,6.5 
magnussolution,magnussolution/magnusbilling7,163,97,JavaScript,lgpl-3.0,GNU Lesser General Public License v3.0,1,0,0,0,0,9.8,9.8 
newcontext-oss,newcontext-oss/kitchen-terraform,1121,144,Ruby,apache-2.0,Apache License 2.0,1,0,0,0,0,3.3,3.3 
nextcloud,nextcloud/cookbook,447,80,HTML,agpl-3.0,GNU Affero General Public License v3.0,1,0,0,0,0,8.8,8.8 
ninj4c0d3r,ninj4c0d3r/OcoMon-Research,0,0,,,,2,0,0,0,0,8.15,8.8 
linkstackorg,LinkStackOrg/LinkStack,1358,145,PHP,agpl-3.0,GNU Affero General Public License v3.0,0,0,0,0,0,, 
Combodo,Combodo/iTop,679,210,PHP,agpl-3.0,GNU Affero General Public License v3.0,41,0,0,29,6,nan,nan 
dolibarr,Dolibarr/dolibarr,4420,2462,PHP,gpl-3.0,GNU General Public License v3.0,82,0,19,40,14,nan,nan 
hamza417,Hamza417/Inure,690,44,Kotlin,gpl-3.0,GNU General Public License v3.0,0,0,0,0,0,, 
mastodon,mastodon/mastodon,44515,6661,Ruby,agpl-3.0,GNU Affero General Public License v3.0,15,0,2,2,0,7.205797101449279,9.9 
getsentry,getsentry/sentry,35522,4013,Python,other,Other,5,0,0,0,0,6.473333333333332,8.1 
aio-libs,aio-libs/aiohttp,14075,1978,Python,other,Other,7,0,0,2,0,5.547058823529415,7.5 
xwiki,xwiki/xwiki-rendering,69,78,Java,lgpl-2.1,GNU Lesser General Public License v2.1,3,0,0,0,0,8.166666666666666,9.6 
xwiki,xwiki/xwiki-platform,884,502,Java,lgpl-2.1,GNU Lesser General Public License v2.1,173,0,3,29,6,nan,nan 
pkp,pkp/customLocale,0,17,PHP,gpl-3.0,GNU General Public License v3.0,1,0,0,0,0,8.8,8.8 
fobybus,fobybus/social-media-skeleton,0,5,PHP,gpl-3.0,GNU General Public License v3.0,5,0,0,0,0,7.966666666666666,9.8 
flyteorg,flyteorg/flyteadmin,36,62,Go,apache-2.0,Apache License 2.0,3,0,0,0,0,7.5249999999999995,8.8 
Dolibarr,Dolibarr/dolibarr,4420,2462,PHP,gpl-3.0,GNU General Public License v3.0,82,0,19,40,14,nan,nan 
kazu-yamamoto,kazu-yamamoto/http2,76,17,Haskell,bsd-3-clause,"BSD 3-Clause ""New"" or ""Revised"" License",1,0,0,0,0,7.5,7.5 
exfatprogs,exfatprogs/exfatprogs,154,43,C,gpl-2.0,GNU General Public License v2.0,1,0,0,0,0,5.5,5.5 
rabbitmq,rabbitmq/rabbitmq-java-client,1184,608,Java,other,Other,1,0,0,0,0,7.5,7.5 
sbt,sbt/io,40,49,Scala,apache-2.0,Apache License 2.0,1,0,0,0,0,7.1,7.1 
ethyca,ethyca/fides,302,62,Python,apache-2.0,Apache License 2.0,9,0,0,0,0,6.533333333333334,9.1 
frappe,frappe/frappe,5938,2943,Python,mit,MIT License,16,0,1,9,2,nan,nan 
nautobot,nautobot/nautobot,763,209,Python,apache-2.0,Apache License 2.0,6,0,0,0,0,nan,nan 
entronad,entronad/crypto-es,213,28,JavaScript,other,Other,1,0,0,0,0,9.1,9.1 
man-group,man-group/dtale,4333,368,TypeScript,lgpl-2.1,GNU Lesser General Public License v2.1,2,0,0,0,0,8.65,9.8 
pallets,pallets/werkzeug,6446,1717,Python,bsd-3-clause,"BSD 3-Clause ""New"" or ""Revised"" License",8,0,1,4,0,6.8666666666666645,9.8 
jumpserver,jumpserver/jumpserver,22345,5185,Python,gpl-3.0,GNU General Public License v3.0,12,0,1,0,0,8.780952380952368,9.9 
tiann,tiann/KernelSU,5085,1197,Kotlin,gpl-3.0,GNU General Public License v3.0,2,0,0,0,0,7.6090909090909085,7.8 
FOGProject,FOGProject/fogproject,963,211,PHP,gpl-3.0,GNU General Public License v3.0,4,0,0,1,0,8.22307692307692,8.8 
matter-labs,matter-labs/era-compiler-vyper,18,3,Rust,apache-2.0,Apache License 2.0,1,0,0,0,0,5.3,5.3 
brix,brix/crypto-js,14932,2935,JavaScript,other,Other,2,0,0,0,0,7.199999999999999,9.1 
browserify,browserify/browserify-sign,36,34,JavaScript,isc,ISC License,1,0,0,0,0,7.5,7.5 
quic-go,quic-go/quic-go,8858,1237,Go,mit,MIT License,3,0,0,0,0,7.078947368421052,7.5 
codeigniter4,codeigniter4/CodeIgniter4,4895,1862,PHP,mit,MIT License,28,0,5,5,0,nan,nan 
goauthentik,goauthentik/authentik,5005,396,Python,other,Other,6,0,0,0,0,6.710714285714287,9.8 
py-pdf,py-pdf/pypdf,6586,1271,Python,other,Other,5,0,0,1,0,5.642857142857143,6.5 
authzed,authzed/spicedb,3975,218,Go,apache-2.0,Apache License 2.0,4,0,0,1,0,5.776923076923075,8.1 
dmpop,dmpop/mejiro,138,14,PHP,gpl-3.0,GNU General Public License v3.0,1,0,0,0,0,6.1,6.1 
opencrx,opencrx/opencrx,54,29,Java,bsd-3-clause,"BSD 3-Clause ""New"" or ""Revised"" License",10,0,0,1,0,6.174000000000001,9.8 
pimcore,pimcore/admin-ui-classic-bundle,3,35,JavaScript,other,Other,6,0,0,0,0,6.216666666666668,7.2 
foodcoopshop,foodcoopshop/foodcoopshop,70,26,PHP,agpl-3.0,GNU Affero General Public License v3.0,1,0,0,0,0,7.5,7.5 
memcached,memcached/memcached,12874,3232,C,bsd-3-clause,"BSD 3-Clause ""New"" or ""Revised"" License",20,0,2,10,3,nan,nan 
roundcube,roundcube/roundcubemail,5171,1581,PHP,,,66,0,7,47,8,nan,nan 
flusity,flusity/flusity-CMS,1,0,PHP,mit,MIT License,4,0,0,0,0,7.923076923076922,8.8 
mintplex-labs,Mintplex-Labs/anything-llm,2644,353,JavaScript,mit,MIT License,1,0,0,0,0,nan,nan 
hu60t,hu60t/hu60wap6,70,21,PHP,gpl-3.0,GNU General Public License v3.0,1,0,0,0,0,6.1,6.1 
teamamaze,TeamAmaze/AmazeFileUtilities,181,17,Kotlin,gpl-3.0,GNU General Public License v3.0,0,0,0,0,0,, 
pkp,pkp/ojs,758,892,PHP,gpl-3.0,GNU General Public License v3.0,4,0,0,2,0,7.418181818181821,8.8 
eclipse,eclipse/xtext,725,317,Java,epl-2.0,Eclipse Public License 2.0,1,0,0,1,0,8.099999999999998,8.1 
jerryscript-project,jerryscript-project/jerryscript,6703,705,C,apache-2.0,Apache License 2.0,92,0,13,57,0,7.246648044692767,9.8 
saltstack,saltstack/salt,13579,5493,Python,apache-2.0,Apache License 2.0,53,0,20,24,5,nan,nan 
PuneethReddyHC,PuneethReddyHC/online-shopping-system-advanced,326,333,PHP,apache-2.0,Apache License 2.0,1,0,0,0,0,9.8,9.8 
netsurf-browser,netsurf-browser/libnsgif,3,2,C,mit,MIT License,2,0,0,2,0,7.650000000000001,8.8 
libvirt,libvirt/libvirt,1242,655,C,lgpl-2.1,GNU Lesser General Public License v2.1,73,0,6,47,18,nan,nan 
mono,mono/mono,10645,3856,C#,other,Other,22,0,4,16,0,nan,nan 
woocommerce,woocommerce/woocommerce,8784,10786,PHP,,,13,0,0,7,3,6.095454545454532,8.8 
katello,Katello/katello,359,282,JavaScript,gpl-2.0,GNU General Public License v2.0,9,0,0,6,3,nan,nan 
agavi,agavi/agavi,102,36,PHP,other,Other,1,0,0,1,0,nan,nan 
elastic,elastic/elasticsearch,65714,23761,Java,other,Other,84,0,5,55,7,nan,nan 
zx2c4,zx2c4/password-store,588,101,Shell,other,Other,1,0,0,1,0,7.5,7.5 
apache,apache/qpid,126,85,Java,,,11,0,1,10,0,nan,nan 
gnome,GNOME/libgdata,3,9,C,,,0,0,0,0,0,, 
videolan,videolan/vlc,11889,4697,C,gpl-2.0,GNU General Public License v2.0,16,0,3,13,0,nan,nan 
yubico,Yubico/pam-u2f,498,74,C,bsd-2-clause,"BSD 2-Clause ""Simplified"" License",2,0,0,2,0,7.8,8.1 
fusionforge,fusionforge/fusionforge,10,4,PHP,,,3,0,1,2,0,nan,nan 
alpinelinux,alpinelinux/apk-tools,147,44,C,gpl-2.0,GNU General Public License v2.0,1,0,0,1,0,7.5,7.5 
tryton,tryton/tryton,27,15,Python,,,6,0,2,2,2,nan,nan 
flightgear,FlightGear/flightgear,450,156,C++,gpl-2.0,GNU General Public License v2.0,0,0,0,0,0,, 
HL7,HL7/fhir-ig-publisher,55,54,HTML,apache-2.0,Apache License 2.0,1,0,0,0,0,8.099999999999998,8.1 
apache,apache/httpcomponents-client,1366,907,Java,apache-2.0,Apache License 2.0,2,0,0,2,0,nan,nan 
exrick,Exrick/xmall,7021,2563,Java,gpl-3.0,GNU General Public License v3.0,0,0,0,0,0,, 
fusiondirectory,fusiondirectory/fusiondirectory,146,37,PHP,gpl-2.0,GNU General Public License v2.0,2,0,0,0,0,9.705263157894734,9.8 
radareorg,radareorg/radare2-extras,232,113,C,lgpl-3.0,GNU Lesser General Public License v3.0,1,0,1,0,0,9.8,9.8 
pear,pear/HTML_AJAX,3,6,JavaScript,lgpl-3.0,GNU Lesser General Public License v3.0,0,0,0,0,0,, 
apache,apache/juddi,18,17,Java,apache-2.0,Apache License 2.0,6,0,0,6,0,6.723684210526314,9.8 
sssd,SSSD/sssd,464,207,C,gpl-3.0,GNU General Public License v3.0,1,0,0,0,0,8.8,8.8 
firewalld,firewalld/firewalld,757,257,Python,gpl-2.0,GNU General Public License v2.0,1,0,0,0,1,5.5,5.5 
shindeanik,shindeanik/Usermin-2.000,0,0,,,,9,0,0,0,0,5.484848484848486,6.1 
gnome,GNOME/geary,358,60,Vala,other,Other,0,0,0,0,0,, 
zephyrproject-rtos,zephyrproject-rtos/zephyr,8621,5333,C,apache-2.0,Apache License 2.0,83,0,16,28,8,7.878313253012119,10.0 
gnome,GNOME/gnumeric,79,22,C,other,Other,0,0,0,0,0,, 
apache,apache/cassandra,8258,3510,Java,apache-2.0,Apache License 2.0,6,0,3,2,0,nan,nan 
wesnoth,wesnoth/wesnoth,4753,928,C++,gpl-2.0,GNU General Public License v2.0,10,0,4,5,1,nan,nan 
vaadin,vaadin/flow,526,154,Java,apache-2.0,Apache License 2.0,14,0,0,7,5,5.564285714285705,7.8 
videolan,videolan/dav1d,425,52,Assembly,bsd-2-clause,"BSD 2-Clause ""Simplified"" License",1,0,0,0,0,5.9,5.9 
milesj,milesj/decoda,196,53,PHP,mit,MIT License,3,0,0,3,0,nan,nan 
yubico,Yubico/libu2f-host,321,200,C,gpl-3.0,GNU General Public License v3.0,1,0,0,1,0,7.5,7.5 
openstack,openstack/kolla,1115,557,Python,apache-2.0,Apache License 2.0,1,0,0,0,0,7.799999999999999,7.8 
bcfg2,Bcfg2/bcfg2,93,56,Python,other,Other,1,0,1,0,0,nan,nan 
nmap,nmap/nmap,8474,2231,C,other,Other,5,0,1,3,1,nan,nan 
Checkmk,Checkmk/checkmk,1164,412,Python,gpl-2.0,GNU General Public License v2.0,0,0,0,0,0,, 
mesa3d,Mesa3D/mesa,1076,416,C,,,0,0,0,0,0,, 
apache,apache/wink,20,24,Java,apache-2.0,Apache License 2.0,1,0,0,1,0,7.4,7.4 
mplayer2,mplayer2/mplayer2,16,1,C,,,1,0,1,0,0,nan,nan 
enlightenment,Enlightenment/enlightenment,98,24,C,other,Other,0,0,0,0,0,, 
apache,apache/apr-util,66,54,,apache-2.0,Apache License 2.0,6,0,1,5,0,nan,nan 
lxde,lxde/gpicview,12,8,C,gpl-2.0,GNU General Public License v2.0,1,0,1,0,0,nan,nan 
kiwix,kiwix/kiwix-xulrunner,108,28,C++,gpl-3.0,GNU General Public License v3.0,0,0,0,0,0,, 
uPortal-Project,uPortal-Project/uPortal,257,272,Java,apache-2.0,Apache License 2.0,0,0,0,0,0,, 
opensuse,openSUSE/osc,151,176,Python,gpl-2.0,GNU General Public License v2.0,0,0,0,0,0,, 
sromanhu,sromanhu/CVE-2023-43342-Quick-CMS-Stored-XSS---Languages-Frontend,0,0,,,,0,0,0,0,0,, 
pithos,pithos/pithos,496,169,Python,gpl-3.0,GNU General Public License v3.0,0,0,0,0,0,, 
gnome,GNOME/evolution-data-server,22,17,C,other,Other,1,0,0,1,0,9.799999999999999,9.8 
kde,KDE/kate,559,54,C++,,,0,0,0,0,0,, 
troglobit,troglobit/pimd,189,86,C,bsd-3-clause,"BSD 3-Clause ""New"" or ""Revised"" License",1,0,0,0,1,nan,nan 
moby,moby/moby,66912,18935,Go,apache-2.0,Apache License 2.0,19,0,2,11,2,nan,nan 
blender,blender/blender,9943,1640,C,other,Other,35,0,4,26,2,nan,nan 
collectd,collectd/collectd,2906,1246,C,other,Other,5,0,1,4,0,nan,nan 
unbit,unbit/uwsgi,3354,678,C,other,Other,2,0,1,1,0,7.709090909090909,9.8 
apache,apache/jackrabbit,313,209,Java,apache-2.0,Apache License 2.0,4,0,0,3,0,nan,nan 
kde,KDE/kscreenlocker,22,9,C++,gpl-2.0,GNU General Public License v2.0,0,0,0,0,0,, 
Perl,Perl/perl5,1752,530,Perl,other,Other,30,0,8,17,1,nan,nan 
kde,KDE/koffice,12,7,C++,gpl-2.0,GNU General Public License v2.0,0,0,0,0,0,, 
ngircd,ngircd/ngircd,391,69,C,gpl-2.0,GNU General Public License v2.0,8,0,2,5,1,nan,nan 
uvdesk,uvdesk/community-skeleton,3366,412,PHP,osl-3.0,Open Software License 3.0,4,0,0,0,0,7.3,9.8 
gnome,GNOME/librest,13,5,C,lgpl-2.1,GNU Lesser General Public License v2.1,0,0,0,0,0,, 
horms,horms/perdition,4,1,C,,,1,0,0,1,0,5.9,5.9 
networkupstools,networkupstools/nut,1221,323,C,other,Other,1,0,1,0,0,nan,nan 
hylafax,hylafax/HylaFAX,3,1,C,other,Other,0,0,0,0,0,, 
gnome,GNOME/gnome-keyring,20,21,C,gpl-2.0,GNU General Public License v2.0,0,0,0,0,0,, 
marvil07,marvil07/vote_up_down,0,1,PHP,,,1,0,0,0,1,nan,nan 
mongodb,mongodb/mongo,24608,5469,C++,other,Other,41,0,0,34,6,nan,nan 
firebirdsql,FirebirdSQL/firebird,1126,208,C++,,,0,0,0,0,0,, 
ceph,ceph/ceph,12548,5992,C++,other,Other,31,0,0,21,7,nan,nan 
uyuni-project,uyuni-project/uyuni,360,155,Java,gpl-2.0,GNU General Public License v2.0,4,0,1,0,0,4.800000000000001,8.8 
gnome,GNOME/balsa,9,7,C,gpl-2.0,GNU General Public License v2.0,0,0,0,0,0,, 
kde,KDE/trojita,31,9,C++,other,Other,0,0,0,0,0,, 
ankane,ankane/chartkick.js,1215,152,JavaScript,mit,MIT License,1,0,1,0,0,7.299999999999999,7.3 
tridentli,tridentli/trident,20,9,Go,apache-2.0,Apache License 2.0,1,0,0,1,0,7.5,7.5 
dotnet,dotnet/WatsonWebserver,319,64,C#,mit,MIT License,0,0,0,0,0,, 
wazuh,wazuh/wazuh-dashboard-plugins,348,142,TypeScript,gpl-2.0,GNU General Public License v2.0,0,0,0,0,0,, 
gettalong,gettalong/kramdown,1670,270,Ruby,other,Other,2,0,1,1,0,9.799999999999999,9.8 
NavigateCMS,NavigateCMS/Navigate-CMS,8,4,PHP,gpl-2.0,GNU General Public License v2.0,32,0,8,12,12,6.660262008733611,9.8 
GNOME,GNOME/pango,136,40,C,other,Other,7,0,3,4,0,nan,nan 
pgadmin-org,pgadmin-org/pgadmin4,1724,521,Python,other,Other,5,0,0,0,1,7.165624999999999,8.8 
horde,horde/horde,245,130,,,,51,0,4,42,5,nan,nan 
NagiosEnterprises,NagiosEnterprises/nagioscore,1362,428,C,gpl-2.0,GNU General Public License v2.0,36,0,10,20,6,nan,nan 
lighttpd,lighttpd/lighttpd1.4,547,270,C,bsd-3-clause,"BSD 3-Clause ""New"" or ""Revised"" License",34,0,7,23,2,nan,nan 
freetype,freetype/freetype,334,210,C,other,Other,73,0,39,33,0,nan,nan 
Exim,Exim/exim,678,167,C,,,49,0,26,16,2,nan,nan 
xelerance,xelerance/Openswan,826,211,C,other,Other,13,0,1,11,1,nan,nan 
videolan,videolan/vlc-3.0,102,62,C,gpl-2.0,GNU General Public License v2.0,104,0,38,66,0,nan,nan 
TigerVNC,TigerVNC/tigervnc,4374,868,C++,gpl-2.0,GNU General Public License v2.0,17,0,3,14,0,nan,nan 
apache,apache/tomcat,7027,4761,Java,apache-2.0,Apache License 2.0,169,0,18,128,12,nan,nan 
gluster,gluster/glusterfs,4277,1064,C,gpl-2.0,GNU General Public License v2.0,18,0,1,12,3,nan,nan 
apache,apache/struts,1229,803,Java,apache-2.0,Apache License 2.0,62,0,26,31,1,nan,nan 
ESAPI,ESAPI/esapi-java-legacy,568,402,Java,other,Other,5,0,1,3,1,nan,nan 
openstack,openstack/horizon,1312,1256,Python,apache-2.0,Apache License 2.0,20,0,0,11,8,nan,nan 
sparklemotion,sparklemotion/nokogiri,6072,930,C,mit,MIT License,28,0,4,23,0,nan,nan 
muttmua,muttmua/mutt,184,24,C,other,Other,37,0,18,12,5,nan,nan 
drupal,drupal/drupal,3952,1978,PHP,,,216,0,25,155,27,nan,nan 
Cisco-Talos,Cisco-Talos/clamav,3309,637,C,gpl-2.0,GNU General Public License v2.0,69,0,21,46,0,nan,nan 
glennrp,glennrp/libpng,1065,540,C,other,Other,29,0,6,20,1,nan,nan 
GNOME,GNOME/gnome-shell,736,181,C,gpl-2.0,GNU General Public License v2.0,11,0,1,6,3,nan,nan 
b2evolution,b2evolution/b2evolution,170,81,PHP,other,Other,26,0,7,13,4,nan,nan 
apache,apache/subversion,533,175,C,apache-2.0,Apache License 2.0,41,0,6,27,8,nan,nan 
gentoo,gentoo/portage,509,234,Python,gpl-2.0,GNU General Public License v2.0,6,0,1,1,3,nan,nan 
SWI-Prolog,SWI-Prolog/swipl-devel,839,167,C,other,Other,4,0,2,2,0,nan,nan 
mirage,mirage/xen,73,66,C,other,Other,207,0,36,119,52,nan,nan 
GNOME,GNOME/librsvg,316,46,Rust,lgpl-2.1,GNU Lesser General Public License v2.1,10,0,0,9,0,nan,nan 
libproxy,libproxy/libproxy,167,56,C,lgpl-2.1,GNU Lesser General Public License v2.1,3,0,1,2,0,nan,nan 
openconnect,openconnect/openconnect,373,81,C,lgpl-2.1,GNU Lesser General Public License v2.1,7,0,4,3,0,nan,nan 
GNOME,GNOME/gimp,4251,654,C,other,Other,35,0,9,26,0,nan,nan 
lathiat,lathiat/avahi,987,304,C,lgpl-2.1,GNU Lesser General Public License v2.1,13,0,0,5,6,nan,nan 
git,git/git,47873,25589,C,other,Other,41,0,16,16,1,nan,nan 
apache,apache/libcloud,1964,940,Python,apache-2.0,Apache License 2.0,3,0,0,2,1,nan,nan 
mumble-voip,mumble-voip/mumble,5680,1067,C++,other,Other,7,0,0,6,1,nan,nan 
rsyslog,rsyslog/rsyslog,1866,629,C,lgpl-3.0,GNU Lesser General Public License v3.0,16,0,5,6,5,nan,nan 
OISF,OISF/suricata,3581,1321,C,gpl-2.0,GNU General Public License v2.0,31,0,6,23,0,nan,nan 
apereo,apereo/phpCAS,792,434,PHP,apache-2.0,Apache License 2.0,8,0,0,5,2,nan,nan 
Yeraze,Yeraze/ytnef,29,19,Shell,gpl-2.0,GNU General Public License v2.0,25,0,2,23,0,7.399374999999982,9.8 
rails,rails/rails,53746,21409,Ruby,mit,MIT License,117,0,19,87,1,nan,nan 
puppetlabs,puppetlabs/puppet,7127,2283,Ruby,apache-2.0,Apache License 2.0,34,0,4,20,10,nan,nan 
apache,apache/geronimo,35,22,Java,apache-2.0,Apache License 2.0,8,0,4,4,0,nan,nan 
OTRS,OTRS/otrs,843,460,Perl,,,75,0,5,58,11,nan,nan 
libexif,libexif/libexif,237,85,C,lgpl-2.1,GNU Lesser General Public License v2.1,21,0,5,14,2,nan,nan 
GNOME,GNOME/gtk,1286,371,C,other,Other,13,0,6,6,1,nan,nan 
graphite-project,graphite-project/graphite-web,5754,1288,JavaScript,apache-2.0,Apache License 2.0,7,0,0,4,0,nan,nan 
meldium,meldium/breach-mitigation-rails,285,31,Ruby,mit,MIT License,1,0,0,1,0,5.8999999999999995,5.9 
apache,apache/cxf,835,1404,Java,apache-2.0,Apache License 2.0,33,0,5,26,1,nan,nan 
seb-m,seb-m/jpake,23,15,C,,,2,0,2,0,0,nan,nan 
apache,apache/mod_perl,33,17,Perl,apache-2.0,Apache License 2.0,3,0,1,1,1,nan,nan 
senchalabs,senchalabs/connect,9728,1149,JavaScript,mit,MIT License,4,0,0,3,1,6.03,6.1 
storaged-project,storaged-project/udisks,300,130,C,other,Other,3,0,0,2,1,nan,nan 
transmission,transmission/transmission,10646,1137,C++,other,Other,8,0,1,6,1,nan,nan 
eucalyptus,eucalyptus/eucalyptus,829,269,Java,other,Other,17,0,3,10,4,nan,nan 
catalyst,catalyst/mahara-flashplayer,0,1,ActionScript,,,2,0,0,2,0,nan,nan 
apache,apache/apr,432,194,C,apache-2.0,Apache License 2.0,8,0,1,3,2,nan,nan 
AsyncHttpClient,AsyncHttpClient/async-http-client,6181,1650,Java,other,Other,4,0,0,3,0,nan,nan 
notroj,notroj/neon,104,29,C,,,3,0,0,3,0,nan,nan 
erlyaws,erlyaws/yaws,1267,269,Erlang,bsd-3-clause,"BSD 3-Clause ""New"" or ""Revised"" License",10,0,1,8,1,nan,nan 
ZeusCart,ZeusCart/zeuscart,42,122,PHP,,,5,0,1,4,0,nan,nan 
leonnnn,leonnnn/pyxtrlock,74,21,Python,gpl-3.0,GNU General Public License v3.0,2,0,0,1,1,nan,nan 
mirror,mirror/libX11,129,77,C,other,Other,11,0,5,3,1,nan,nan 
mirror,mirror/busybox,1412,574,C,other,Other,32,0,3,22,6,nan,nan 
pediapress,pediapress/mwlib,98,35,Python,,,1,0,0,1,0,7.5,7.5 
rack,rack/rack,4760,1709,Ruby,other,Other,19,0,0,12,0,nan,nan 
linux-pam,linux-pam/linux-pam,523,254,C,other,Other,14,0,2,8,3,nan,nan 
isc-projects,isc-projects/bind9,479,129,C,mpl-2.0,Mozilla Public License 2.0,157,0,34,98,10,nan,nan 
restlet,restlet/restlet-framework-java,638,311,Java,other,Other,5,0,2,3,0,nan,nan 
KDE,KDE/kdelibs,30,15,C++,other,Other,5,0,2,3,0,nan,nan 
emberjs,emberjs/ember.js,22432,4336,JavaScript,mit,MIT License,6,0,0,2,4,nan,nan 
wpscanteam,wpscanteam/wpscan,7907,1231,Ruby,other,Other,1,0,0,1,0,nan,nan 
openldap,openldap/openldap,405,152,C,other,Other,58,0,8,43,6,nan,nan 
jruby,jruby/jruby,3716,929,Ruby,other,Other,11,0,1,10,0,nan,nan 
ruby,ruby/ruby,20929,5407,Ruby,other,Other,80,0,24,54,0,nan,nan 
banu,banu/tinyproxy,136,52,C,gpl-2.0,GNU General Public License v2.0,2,0,0,1,1,nan,nan 
plougher,plougher/squashfs-tools,619,180,C,gpl-2.0,GNU General Public License v2.0,6,0,0,6,0,nan,nan 
mfwitten,mfwitten/udev,5,10,C,gpl-2.0,GNU General Public License v2.0,3,0,1,1,1,nan,nan 
mislav,mislav/will_paginate,5705,891,Ruby,mit,MIT License,1,0,0,1,0,nan,nan 
heimdal,heimdal/heimdal,296,165,C,other,Other,15,0,5,5,0,nan,nan 
dustinkirkland,dustinkirkland/ecryptfs-utils,19,17,C,gpl-2.0,GNU General Public License v2.0,7,0,0,4,3,nan,nan 
derf,derf/feh,1316,149,C,other,Other,4,0,1,1,2,nan,nan 
sitaramc,sitaramc/gitolite,8258,1005,Perl,gpl-2.0,GNU General Public License v2.0,7,0,2,4,1,nan,nan 
canonical,canonical/lightdm,737,128,C,gpl-3.0,GNU General Public License v3.0,4,0,1,2,1,6.175,7.8 
vmware,vmware/open-vm-tools,2075,414,C,,,5,0,0,0,1,nan,nan 
strongswan,strongswan/strongswan,1904,713,C,other,Other,33,0,3,26,1,nan,nan 
phpmyadmin,phpmyadmin/composer,10,13,PHP,gpl-2.0,GNU General Public License v2.0,24,0,2,19,2,nan,nan 
redhat-performance,redhat-performance/tuned,608,158,Python,gpl-2.0,GNU General Public License v2.0,2,0,0,2,0,5.5,5.5 
andrewhickman,andrewhickman/ms3d,0,0,Rust,,,1,0,0,1,0,7.5,7.5 
net-snmp,net-snmp/net-snmp,242,195,C,other,Other,26,0,8,14,2,nan,nan 
SonicFrog,SonicFrog/abox,0,1,Rust,,,1,0,0,1,0,8.1,8.1 
PerlDancer,PerlDancer/Dancer,739,221,Perl,,,1,0,0,1,0,nan,nan 
InfrastructureServices,InfrastructureServices/dnsmasq,1,0,C,gpl-2.0,GNU General Public License v2.0,24,0,12,10,0,nan,nan 
freeipa,freeipa/freeipa,862,319,Python,gpl-3.0,GNU General Public License v3.0,18,0,0,15,2,nan,nan 
munin-monitoring,munin-monitoring/munin,1849,473,Perl,other,Other,9,0,2,5,2,nan,nan 
torproject,torproject/tor,4117,937,C,,,34,0,1,30,1,nan,nan 
qt,qt/qtsvg,49,57,C++,other,Other,1,0,0,1,0,5.5,5.5 
markstos,markstos/CGI.pm,0,0,Perl,other,Other,1,0,0,1,0,nan,nan 
bminor,bminor/glibc,1041,328,C,lgpl-2.1,GNU Lesser General Public License v2.1,1,0,1,0,0,9.8,9.8 
KDE,KDE/kde1-kdebase,25,2,C++,other,Other,1,0,0,1,0,nan,nan 
wp-plugins,wp-plugins/subscribe-to-comments,0,0,PHP,,,1,0,0,0,0,5.4,5.4 
web-cyradm,web-cyradm/web-cyradm,10,14,PHP,other,Other,2,0,0,0,0,8.65,9.8 
cfire24,cfire24/ajaxlife,0,0,JavaScript,,,1,0,0,0,0,6.1,6.1 
iGamingModules,iGamingModules/flashgames,0,0,PHP,gpl-2.0,GNU General Public License v2.0,1,0,0,0,0,9.8,9.8 
drupalprojects,drupalprojects/email_registration,0,0,PHP,,,1,0,0,0,0,9.8,9.8 
jcollie,jcollie/asterisk,10,4,C,other,Other,1,0,0,1,0,nan,nan 
kaoru6,kaoru6/asterisk,1,0,C,other,Other,1,0,0,1,0,nan,nan 
lyx2014,lyx2014/Asterisk,0,1,C,other,Other,1,0,0,1,0,nan,nan 
silentindark,silentindark/asterisk-1,0,0,,other,Other,1,0,0,1,0,nan,nan 
xrg,xrg/asterisk-xrg,4,0,C,other,Other,1,0,0,1,0,nan,nan 
pruiz,pruiz/asterisk,0,3,C,other,Other,1,0,0,1,0,nan,nan 
mojolingo,mojolingo/asterisk,6,18,C,other,Other,1,0,0,1,0,nan,nan 
PHPMailer,PHPMailer/PHPMailer,20040,9822,PHP,lgpl-2.1,GNU Lesser General Public License v2.1,11,0,4,6,1,nan,nan 
Illydth,Illydth/wowraidmanager,8,2,PHP,,,1,0,1,0,0,nan,nan 
jianlinwei,jianlinwei/cool-php-captcha,0,0,PHP,gpl-3.0,GNU General Public License v3.0,1,0,0,0,0,6.1,6.1 
dpup,dpup/fittr-flickr,0,0,JavaScript,,,1,0,0,0,0,6.1,6.1 
capnsquarepants,capnsquarepants/wordcraft,1,0,PHP,,,1,0,0,0,0,6.1,6.1 
Turante,Turante/sandbox-theme,0,0,PHP,,,1,0,0,0,0,6.1,6.1 
bratsche,bratsche/pango,12,4,C,other,Other,1,0,0,1,0,nan,nan 
alandekok,alandekok/freeradius-server,9,15,C,other,Other,4,0,0,4,0,nan,nan 
macournoyer,macournoyer/thin,2250,353,Ruby,other,Other,1,0,1,0,0,nan,nan 
gisle,gisle/html-parser,20,15,Perl,,,1,0,0,1,0,nan,nan 
zopefoundation,zopefoundation/Zope,333,106,Python,other,Other,31,0,10,15,3,nan,nan 
simplesamlphp,simplesamlphp/simplesamlphp-module-openid,5,4,PHP,lgpl-2.1,GNU Lesser General Public License v2.1,1,0,0,0,0,6.1,6.1 
gesellix,gesellix/titlelink,2,7,PHP,lgpl-3.0,GNU Lesser General Public License v3.0,1,0,0,0,0,9.8,9.8 
simplesamlphp,simplesamlphp/simplesamlphp-module-infocard,1,0,PHP,,,2,0,0,1,0,6.8,7.5 
michaelliao,michaelliao/jopenid,0,2,Java,,,1,0,0,0,0,7.5,7.5 
lierdakil,lierdakil/click-reminder,0,0,PHP,mit,MIT License,1,0,0,0,0,9.8,9.8 
simplesamlphp,simplesamlphp/simplesamlphp-module-openidprovider,7,6,PHP,lgpl-2.1,GNU Lesser General Public License v2.1,1,0,0,0,0,5.4,5.4 
frioux,frioux/ptome,0,0,PHP,,,1,0,0,0,0,9.8,9.8 
StarsAlliance,StarsAlliance/PsychoStats,0,0,PHP,gpl-3.0,GNU General Public License v3.0,1,0,0,0,0,6.1,6.1 
ensc,ensc/irssi-proxy,2,2,C,other,Other,1,0,0,1,0,nan,nan 
beanstalkd,beanstalkd/beanstalkd,6407,877,C,other,Other,0,0,0,0,0,, 
AndyA,AndyA/CGI--Simple,10,18,Perl,,,1,0,0,1,0,nan,nan 
orbeon,orbeon/orbeon-forms,515,219,Scala,lgpl-2.1,GNU Lesser General Public License v2.1,1,0,0,1,0,nan,nan 
Ettercap,Ettercap/ettercap,2129,485,C,gpl-2.0,GNU General Public License v2.0,9,0,6,3,0,nan,nan 
railsdog,railsdog/spree,25,6,Ruby,,,1,0,0,1,0,nan,nan 
cakephp,cakephp/cakephp,8663,3517,PHP,mit,MIT License,11,0,1,9,0,nan,nan 
mojolicious,mojolicious/mojo,2617,588,Perl,artistic-2.0,Artistic License 2.0,0,0,0,0,0,, 
jquery,jquery/jquery-ui,11178,5378,JavaScript,other,Other,7,0,0,6,0,nan,nan 
liferay,liferay/liferay-portal,2012,3598,,other,Other,126,0,5,54,12,nan,nan 
openSUSE,openSUSE/open-build-service,859,428,Ruby,gpl-2.0,GNU General Public License v2.0,24,0,4,19,1,7.182706766917285,9.8 
NetworkBlockDevice,NetworkBlockDevice/nbd,405,114,C,gpl-2.0,GNU General Public License v2.0,2,0,2,0,0,9.800000000000002,9.8 
erlang,erlang/otp,10758,2973,Erlang,apache-2.0,Apache License 2.0,6,0,2,3,0,nan,nan 
iamdroppy,iamdroppy/phoenixcf,0,0,ColdFusion,,,1,0,0,0,0,9.8,9.8 
rotelok,rotelok/weblabyrinth,0,0,PHP,,,1,0,0,0,0,9.8,9.8 
haegyung,haegyung/xe-core,1,1,PHP,lgpl-2.1,GNU Lesser General Public License v2.1,1,0,0,0,0,9.8,9.8 
xfce-mirror,xfce-mirror/thunar,175,58,C,gpl-2.0,GNU General Public License v2.0,6,0,3,2,1,nan,nan 
webmin,webmin/webmin,3212,561,HTML,bsd-3-clause,"BSD 3-Clause ""New"" or ""Revised"" License",68,0,8,36,5,nan,nan 
djabberd,djabberd/DJabberd,90,35,Perl,,,1,0,0,1,0,nan,nan 
davidben,davidben/nspluginwrapper,23,10,C,gpl-2.0,GNU General Public License v2.0,1,0,0,1,0,nan,nan 
irmen,irmen/Pyro3,4,4,Python,mit,MIT License,1,0,0,1,0,7.5,7.5 
OSInside,OSInside/kiwi-legacy,146,76,Perl,gpl-2.0,GNU General Public License v2.0,0,0,0,0,0,, 
solj,solj/bcfg2,2,1,Python,other,Other,1,0,1,0,0,nan,nan 
bonzini,bonzini/qemu,18,14,C,other,Other,1,0,0,1,0,nan,nan 
punbb,punbb/punbb,179,79,PHP,gpl-2.0,GNU General Public License v2.0,8,0,1,7,0,nan,nan 
radvd-project,radvd-project/radvd,177,99,C,other,Other,0,0,0,0,0,, 
toastdriven,toastdriven/django-tastypie,4,2,,other,Other,1,0,1,0,0,nan,nan 
reviewboard,reviewboard/reviewboard,1510,428,Python,mit,MIT License,6,0,0,6,0,nan,nan 
jenkinsci,jenkinsci/winstone,74,68,Java,other,Other,1,0,0,0,1,nan,nan 
liblime,liblime/LibLime-Koha,134,62,Perl,gpl-2.0,GNU General Public License v2.0,1,0,0,1,0,nan,nan 
koala-framework,koala-framework/koala-framework,61,39,PHP,bsd-2-clause,"BSD 2-Clause ""Simplified"" License",1,0,0,1,0,6.1,6.1 
znc,znc/znc,1954,390,C++,apache-2.0,Apache License 2.0,15,0,2,11,2,nan,nan 
dajobe,dajobe/raptor,143,59,C,other,Other,1,0,0,1,0,nan,nan 
sektioneins,sektioneins/suhosin,466,112,C,other,Other,0,0,0,0,0,, 
osclass,osclass/Osclass,644,349,PHP,,,6,0,2,4,0,nan,nan 
ahmyi,ahmyi/rivettracker,21,8,PHP,gpl-3.0,GNU General Public License v3.0,2,0,0,0,0,6.1,6.1 
backdrop-contrib,backdrop-contrib/basic_cart,0,1,PHP,gpl-2.0,GNU General Public License v2.0,1,0,0,0,0,6.1,6.1 
manikandan170890,manikandan170890/php-form-builder-class,0,0,PHP,gpl-3.0,GNU General Public License v3.0,1,0,0,0,0,6.1,6.1 
ale7714,ale7714/sigeprosi,0,0,JavaScript,,,1,0,0,0,0,9.8,9.8 
madgicweb,madgicweb/buddystream,6,3,PHP,,,1,0,0,0,0,6.1,6.1 
uakfdotb,uakfdotb/oneapp,0,0,PHP,gpl-3.0,GNU General Public License v3.0,1,0,0,0,0,9.8,9.8 
vito,vito/chyrp,232,26,PHP,other,Other,1,0,0,1,0,6.1,6.1 
wp-plugins,wp-plugins/contact-form-plugin,0,0,PHP,,,3,0,0,0,0,7.0,8.8 
wp-plugins,wp-plugins/contus-hd-flv-player,0,0,PHP,gpl-3.0,GNU General Public License v3.0,1,0,0,0,0,9.8,9.8 
wp-plugins,wp-plugins/facebook-button-plugin,0,0,PHP,,,2,0,0,0,0,7.45,8.8 
wp-plugins,wp-plugins/kau-boys-backend-localization,0,0,PHP,,,2,0,0,0,0,6.1,6.1 
wp-plugins,wp-plugins/twitter-plugin,0,0,PHP,,,2,0,0,0,0,7.45,8.8 
wp-plugins,wp-plugins/simple-download-button-shortcode,0,0,,,,1,0,0,0,0,7.5,7.5 
taglib,taglib/taglib,1064,332,C++,lgpl-2.1,GNU Lesser General Public License v2.1,5,0,0,5,0,nan,nan 
pediapress,pediapress/pyfribidi,12,9,C,gpl-2.0,GNU General Public License v2.0,1,0,0,1,0,nan,nan 
forkcms,forkcms/forkcms,1161,337,PHP,mit,MIT License,24,0,1,15,4,nan,nan 
ezsystems,ezsystems/ezjscore,33,16,JavaScript,,,1,0,0,0,1,nan,nan 
sipa,sipa/bitcoin,84,22,TypeScript,mit,MIT License,1,0,0,1,0,nan,nan 
bitcoin,bitcoin/bitcoin,72070,35934,C++,mit,MIT License,42,0,7,29,1,nan,nan 
dokuwiki,dokuwiki/dokuwiki,3839,828,PHP,gpl-2.0,GNU General Public License v2.0,22,0,3,17,0,nan,nan 
mikel,mikel/mail,3554,940,Ruby,mit,MIT License,4,0,1,3,0,nan,nan 
s9y,s9y/Serendipity,191,82,PHP,bsd-3-clause,"BSD 3-Clause ""New"" or ""Revised"" License",41,0,9,25,6,nan,nan 
mobile-shell,mobile-shell/mosh,11942,736,C++,gpl-3.0,GNU General Public License v3.0,0,0,0,0,0,, 
cobbler,cobbler/cobbler,2471,641,Python,gpl-2.0,GNU General Public License v2.0,18,0,7,10,1,nan,nan 
Legrandin,Legrandin/pycrypto,10,5,Python,other,Other,1,0,0,1,0,nan,nan 
golang,golang/go,115611,17335,Go,bsd-3-clause,"BSD 3-Clause ""New"" or ""Revised"" License",124,0,15,55,2,nan,nan 
ivmai,ivmai/bdwgc,2599,411,C,other,Other,2,0,1,1,0,nan,nan 
rtomayko,rtomayko/rack-cache,820,132,Ruby,other,Other,1,0,1,0,0,nan,nan 
aosp-mirror,aosp-mirror/platform_bionic,584,379,Objective-C,,,0,0,0,0,0,, 
ned14,ned14/nedmalloc,389,79,C,bsl-1.0,Boost Software License 1.0,1,0,0,1,0,nan,nan 
Bcfg2,Bcfg2/bcfg2,93,56,Python,other,Other,1,0,1,0,0,nan,nan 
openstack,openstack/keystone,669,718,Python,apache-2.0,Apache License 2.0,39,0,2,31,4,nan,nan 
bbangert,bbangert/beaker,513,141,Python,other,Other,2,0,0,2,0,nan,nan 
darold,darold/squidclamav,51,30,Shell,other,Other,2,0,0,2,0,nan,nan 
Jabberd2,jabberd2/jabberd2,439,179,C,other,Other,3,0,1,1,1,7.121428571428571,9.8 
rodnaph,rodnaph/sockso,63,19,Java,gpl-2.0,GNU General Public License v2.0,1,0,0,1,0,nan,nan 
openstack,openstack/swift,2514,1094,Python,apache-2.0,Apache License 2.0,13,0,2,10,0,nan,nan 
zendframework,zendframework/zendframework,5521,2601,,bsd-3-clause,"BSD 3-Clause ""New"" or ""Revised"" License",21,0,9,11,0,nan,nan 
django,django/django,73920,30383,Python,bsd-3-clause,"BSD 3-Clause ""New"" or ""Revised"" License",106,0,13,81,3,nan,nan 
openstack,openstack/glance,500,538,Python,apache-2.0,Apache License 2.0,13,0,1,7,3,nan,nan 
theforeman,theforeman/foreman,2438,974,Ruby,gpl-3.0,GNU General Public License v3.0,61,0,6,41,11,nan,nan 
charybdis-ircd,charybdis-ircd/charybdis,232,102,C,gpl-2.0,GNU General Public License v2.0,1,0,0,1,0,8.1,8.1 
tinymce,tinymce/tinymce_spellchecker_php,54,36,PHP,,,1,0,0,1,0,nan,nan 
jsomara,jsomara/katello,1,0,JavaScript,gpl-2.0,GNU General Public License v2.0,1,0,0,0,1,nan,nan 
candlepin,candlepin/candlepin,84,68,Java,gpl-2.0,GNU General Public License v2.0,4,0,0,1,1,nan,nan 
zeroclipboard,zeroclipboard/zeroclipboard,6625,1095,JavaScript,mit,MIT License,3,0,0,3,0,nan,nan 
phpvms,phpvms/phpvms_v2,41,48,PHP,bsd-3-clause,"BSD 3-Clause ""New"" or ""Revised"" License",0,0,0,0,0,, 
jenkinsci,jenkinsci/jenkins,21610,8392,Java,mit,MIT License,219,0,20,139,45,nan,nan 
Elgg,Elgg/Elgg,1610,729,PHP,other,Other,8,0,1,7,0,nan,nan 
moxiecode,moxiecode/plupload,5617,1462,JavaScript,agpl-3.0,GNU Affero General Public License v3.0,3,0,0,3,0,nan,nan 
corosync,corosync/corosync,1015,207,C,other,Other,2,0,1,1,0,nan,nan 
rdoc,rdoc/rdoc,6,5,,other,Other,1,0,0,1,0,nan,nan 
openstack,openstack/puppet-cinder,56,78,Ruby,apache-2.0,Apache License 2.0,0,0,0,0,0,, 
apache,apache/vcl,10,20,Perl,apache-2.0,Apache License 2.0,1,0,0,1,0,8.8,8.8 
ganglia,ganglia/ganglia-web,312,171,PHP,bsd-3-clause,"BSD 3-Clause ""New"" or ""Revised"" License",7,0,2,5,0,nan,nan 
pyradius,pyradius/pyrad,277,175,Python,bsd-3-clause,"BSD 3-Clause ""New"" or ""Revised"" License",2,0,0,2,0,5.1,5.9 
sourcefabric,sourcefabric/Newscoop,251,150,PHP,gpl-3.0,GNU General Public License v3.0,5,0,1,4,0,nan,nan 
Typesetter,Typesetter/Typesetter,224,97,PHP,,,2,0,0,1,1,6.981818181818183,7.2 
btcsuite,btcsuite/go-socks,22,38,Go,bsd-3-clause,"BSD 3-Clause ""New"" or ""Revised"" License",1,0,0,0,0,7.5,7.5 
Ziftr,Ziftr/primecoin,0,1,TypeScript,other,Other,1,0,0,0,0,7.5,7.5 
ethitter,ethitter/WP-Print-Friendly,1,2,PHP,gpl-2.0,GNU General Public License v2.0,1,0,0,0,0,7.5,7.5 
DrAzraelTod,DrAzraelTod/pyChao,1,1,Python,gpl-3.0,GNU General Public License v3.0,1,0,0,0,0,9.8,9.8 
aeharding,aeharding/classroom-engagement-system,0,0,PHP,,,1,0,0,0,0,9.8,9.8 
antonbolling,antonbolling/clan7ups,0,0,Perl,,,1,0,0,0,0,9.8,9.8 
Bricco,Bricco/authenticator-plugin,1,1,Java,,,1,0,0,0,0,9.8,9.8 
oktora24,oktora24/2moons,0,0,PHP,,,1,0,0,0,0,9.8,9.8 
fanzila,fanzila/WebFinance,2,4,PHP,gpl-2.0,GNU General Public License v2.0,4,0,0,0,0,9.8,9.8 
wp-plugins,wp-plugins/a-forms,0,0,PHP,,,1,0,0,0,0,6.1,6.1 
dd32,dd32/debug-bar,1,2,PHP,,,1,0,0,0,0,6.1,6.1 
wp-plugins,wp-plugins/editorial-calendar,0,0,JavaScript,apache-2.0,Apache License 2.0,1,0,0,0,0,9.8,9.8 
wp-plugins,wp-plugins/exit-strategy,1,2,PHP,,,2,0,0,0,0,8.15,8.8 
wp-plugins,wp-plugins/mail-subscribe-list,0,0,PHP,,,1,0,0,0,0,6.1,6.1 
wp-plugins,wp-plugins/blogger-importer,0,1,PHP,,,1,0,0,0,0,8.8,8.8 
wp-plugins,wp-plugins/eelv-newsletter,0,0,PHP,,,1,0,0,0,0,6.1,6.1 
wp-plugins,wp-plugins/wordpress-exit-box-lite,0,0,PHP,,,2,0,0,0,0,8.15,8.8 
elmar,elmar/ldap-git-backup,39,12,Perl,gpl-3.0,GNU General Public License v3.0,1,0,0,0,1,5.5,5.5 
gsliepen,gsliepen/tinc,1781,280,C,other,Other,1,0,0,1,0,nan,nan 
pycrypto,pycrypto/pycrypto,2429,690,Python,other,Other,0,0,0,0,0,, 
mardiros,mardiros/pyshop,103,40,Python,bsd-3-clause,"BSD 3-Clause ""New"" or ""Revised"" License",1,0,0,1,0,nan,nan 
realtimeprojects,realtimeprojects/quixplorer,33,27,PHP,,,2,0,1,1,0,nan,nan 
markevans,markevans/dragonfly,2116,248,Ruby,mit,MIT License,4,0,2,2,0,nan,nan 
jnunemaker,jnunemaker/crack,525,92,Ruby,mit,MIT License,1,0,1,0,0,nan,nan 
jnunemaker,jnunemaker/httparty,5720,976,Ruby,mit,MIT License,2,0,1,0,0,nan,nan 
openid,openid/ruby-openid,319,163,Ruby,other,Other,2,0,1,1,0,nan,nan 
SpiderLabs,SpiderLabs/ModSecurity,6955,1486,C++,apache-2.0,Apache License 2.0,17,0,1,12,0,nan,nan 
jplayer,jplayer/jPlayer,4615,1500,JavaScript,other,Other,0,0,0,0,0,, 
wting,wting/autojump,15549,710,Python,other,Other,1,0,0,1,0,7.3,7.3 
fusesource,fusesource/hawtjni,158,60,Java,apache-2.0,Apache License 2.0,1,0,0,1,0,nan,nan 
OpenVPN,OpenVPN/openvpn,9251,2818,C,other,Other,29,0,4,19,3,nan,nan 
mongodb,mongodb/mongo-python-driver,3947,1183,Python,apache-2.0,Apache License 2.0,1,0,0,1,0,nan,nan 
gallery,gallery/gallery3,408,260,PHP,gpl-2.0,GNU General Public License v2.0,3,0,2,1,0,nan,nan 
audreyt,audreyt/module-signature,16,29,Perl,,,5,0,2,3,0,nan,nan 
monkey,monkey/monkey,614,175,C,apache-2.0,Apache License 2.0,13,0,1,11,1,nan,nan 
LawnGnome,LawnGnome/php-radius,10,18,C,other,Other,1,0,1,0,0,nan,nan 
wernerd,wernerd/ZRTPCPP,111,50,C,other,Other,3,0,1,2,0,nan,nan 
spree,spree/spree_auth_devise,135,490,Ruby,bsd-3-clause,"BSD 3-Clause ""New"" or ""Revised"" License",2,0,0,2,0,nan,nan 
chillu,chillu/silverstripe-framework,3,1,PHP,,,2,0,0,2,0,nan,nan 
lift,lift/framework,1267,276,Scala,apache-2.0,Apache License 2.0,1,0,0,1,0,nan,nan 
DavidJClark,DavidJClark/phpVMS-PopUpNews,2,2,PHP,other,Other,1,0,1,0,0,nan,nan 
mm2,mm2/Little-CMS,482,171,C,mit,MIT License,6,0,1,5,0,nan,nan 
oetiker,oetiker/SmokePing,1102,173,Perl,gpl-2.0,GNU General Public License v2.0,3,0,0,1,0,6.93076923076923,7.5 
scipy,scipy/scipy,11884,4913,Python,bsd-3-clause,"BSD 3-Clause ""New"" or ""Revised"" License",3,0,0,1,0,9.274999999999999,9.8 
pallets,pallets/jinja,9590,1576,Python,bsd-3-clause,"BSD 3-Clause ""New"" or ""Revised"" License",8,0,2,5,0,nan,nan 
jboss-fuse,jboss-fuse/fuse,136,101,HTML,apache-2.0,Apache License 2.0,1,0,0,1,0,nan,nan 
zombocom,zombocom/wicked,2708,184,Ruby,mit,MIT License,0,0,0,0,0,, 
Katello,Katello/katello-installer,16,58,,,,1,0,0,0,1,nan,nan 
sup-heliotrope,sup-heliotrope/sup,866,100,Ruby,gpl-2.0,GNU General Public License v2.0,2,0,0,2,0,nan,nan 
ruby-i18n,ruby-i18n/i18n,960,404,Ruby,mit,MIT License,2,0,0,2,0,nan,nan 
ibus,ibus/ibus-anthy,19,6,Python,gpl-2.0,GNU General Public License v2.0,1,0,0,0,1,nan,nan 
nuxeo,nuxeo/richfaces-3.3,4,7,Java,,,0,0,0,0,0,, 
simi,simi/omniauth-facebook,1265,409,Ruby,,,1,0,0,1,0,7.5,7.5 
openid,openid/php-openid,757,314,PHP,apache-2.0,Apache License 2.0,1,0,1,0,0,nan,nan 
Cotonti,Cotonti/Cotonti,91,52,PHP,bsd-3-clause,"BSD 3-Clause ""New"" or ""Revised"" License",3,0,1,0,0,nan,nan 
drk1wi,drk1wi/portspoof,888,144,Makefile,gpl-2.0,GNU General Public License v2.0,1,0,0,1,0,nan,nan 
SquareSquash,SquareSquash/web,961,143,Ruby,apache-2.0,Apache License 2.0,1,0,1,0,0,nan,nan 
joomla,joomla/joomla-cms,4605,3671,PHP,gpl-2.0,GNU General Public License v2.0,8,0,2,5,1,nan,nan 
json-c,json-c/json-c,2774,1102,C,other,Other,4,0,0,3,0,nan,nan 
jenkinsci,jenkinsci/subversion-plugin,124,266,Java,,,8,0,0,5,3,nan,nan 
akheron,akheron/jansson,2885,832,C,other,Other,2,0,0,2,0,nan,nan 
spring-projects,spring-projects/spring-framework,53556,37111,Java,apache-2.0,Apache License 2.0,51,0,7,29,9,nan,nan 
lxc,lxc/lxc,4266,1107,C,other,Other,9,0,4,3,1,nan,nan 
seam2,seam2/jboss-seam,33,50,Java,,,2,0,0,2,0,nan,nan 
kiegroup,kiegroup/jbpm-wb,49,162,Java,,,3,0,1,1,1,nan,nan 
rackerlabs,rackerlabs/openstack-guest-agents-windows-xenserver,11,10,C#,,,1,0,1,0,0,nan,nan 
joshf,joshf/Burden,12,3,PHP,mit,MIT License,1,0,1,0,0,9.8,9.8 
fatfreecrm,fatfreecrm/fat_free_crm,3490,1322,Ruby,other,Other,11,0,0,10,0,nan,nan 
micromata,micromata/projectforge-webapp,61,52,Java,other,Other,2,0,0,1,1,nan,nan 
mapserver,MapServer/MapServer,930,355,C,other,Other,0,0,0,0,0,, 
mybb,mybb/mybb,990,396,PHP,lgpl-3.0,GNU Lesser General Public License v3.0,122,0,25,75,12,nan,nan 
libreswan,libreswan/libreswan,775,214,C,other,Other,20,0,1,12,1,nan,nan 
maekitalo,maekitalo/tntnet,73,34,C++,lgpl-2.1,GNU Lesser General Public License v2.1,1,0,0,1,0,nan,nan 
flowplayer,flowplayer/flowplayer,1914,495,JavaScript,other,Other,2,0,0,2,0,nan,nan 
sebsauvage,sebsauvage/Shaarli,670,393,PHP,other,Other,1,0,0,1,0,6.1,6.1 
github,github/hubot-scripts,3533,1920,CoffeeScript,mit,MIT License,1,0,1,0,0,9.8,9.8 
mytrile,mytrile/node-libnotify,15,2,JavaScript,apache-2.0,Apache License 2.0,1,0,1,0,0,9.8,9.8 
themoken,themoken/canto-curses,91,8,Python,gpl-2.0,GNU General Public License v2.0,1,0,1,0,0,nan,nan 
novnc,novnc/noVNC,10331,2180,JavaScript,other,Other,1,0,0,1,0,6.1,6.1 
yarolig,yarolig/didiwiki,1,0,C,gpl-2.0,GNU General Public License v2.0,1,0,0,1,0,7.5,7.5 
hexchat,hexchat/hexchat,2935,529,C,gpl-2.0,GNU General Public License v2.0,3,0,0,3,0,7.404761904761905,7.5 
libgd,libgd/libgd,843,256,C,other,Other,32,0,7,25,0,nan,nan 
perl5-dbi,perl5-dbi/dbi,77,55,Perl,other,Other,7,0,0,2,5,6.051724137931034,7.1 
mrash,mrash/fwsnort,70,18,Perl,gpl-2.0,GNU General Public License v2.0,1,0,0,1,0,nan,nan 
postgres,postgres/postgres,13496,4137,C,other,Other,5,0,0,5,0,nan,nan 
apache,apache/cordova-plugin-file-transfer,597,886,JavaScript,apache-2.0,Apache License 2.0,1,0,0,1,0,7.5,7.5 
apache,apache/cordova-plugin-inappbrowser,1104,2126,Java,apache-2.0,Apache License 2.0,2,0,2,0,0,9.799999999999999,9.8 
ruby-ldap,ruby-ldap/ruby-net-ldap,398,255,Ruby,other,Other,2,0,0,1,1,5.82,5.9 
pslegr,pslegr/core-1,0,1,Java,,,1,0,0,1,0,nan,nan 
hawtio,hawtio/hawtio,1371,536,Java,apache-2.0,Apache License 2.0,7,0,2,4,0,8.16538461538462,9.8 
ManageIQ,ManageIQ/awesome_spawn,9,14,Ruby,mit,MIT License,1,0,1,0,0,9.8,9.8 
jolokia,jolokia/jolokia,785,222,Java,apache-2.0,Apache License 2.0,0,0,0,0,0,, 
mislav,mislav/hub,22553,2417,Go,mit,MIT License,0,0,0,0,0,, 
Perl-Email-Project,Perl-Email-Project/Email-Address,5,10,Perl,,,0,0,0,0,0,, 
openSUSE,openSUSE/obs-service-set_version,5,40,Python,gpl-2.0,GNU General Public License v2.0,1,0,1,0,0,9.8,9.8 
adaptivecomputing,adaptivecomputing/torque,231,145,C,other,Other,1,0,1,0,0,nan,nan 
sidhpurwala-huzaifa,sidhpurwala-huzaifa/FreeRDP,0,0,C,apache-2.0,Apache License 2.0,1,0,0,1,0,nan,nan 
ellson,ellson/MOTHBALLED-graphviz,1287,260,C,epl-1.0,Eclipse Public License 1.0,0,0,0,0,0,, 
hapijs,hapijs/inert,237,49,JavaScript,other,Other,1,0,0,1,0,7.5,7.5 
Umbraco,umbraco/Umbraco-CMS,4038,2583,C#,mit,MIT License,26,0,2,10,4,nan,nan 
cloudflare,cloudflare/golz4,96,39,C,bsd-3-clause,"BSD 3-Clause ""New"" or ""Revised"" License",1,0,0,0,0,9.8,9.8 
valtech,valtech/valtech-idp-test-clients,1,0,C#,mit,MIT License,1,0,0,0,0,8.8,8.8 
ttskch,ttskch/PaginationServiceProvider,5,2,PHP,mit,MIT License,1,0,0,0,0,9.8,9.8 
taoeffect,taoeffect/empress,48,6,Python,,,1,0,0,0,0,9.8,9.8 
kirill2485,kirill2485/TekNet,0,0,CSS,,,1,0,0,0,0,6.1,6.1 
porpeeranut,porpeeranut/go-with-me,0,0,PHP,,,1,0,0,0,0,9.8,9.8 
bertrand-caron,bertrand-caron/rails-cv-app,2,0,Ruby,gpl-2.0,GNU General Public License v2.0,1,0,0,0,0,7.5,7.5 
stiiv,stiiv/contact_app,0,1,PHP,,,1,0,0,0,0,6.1,6.1 
mrbobbybryant,mrbobbybryant/Jobs-Plugin,1,6,PHP,,,1,0,0,0,0,6.1,6.1 
drybjed,drybjed/ansible-ntp,0,0,,gpl-3.0,GNU General Public License v3.0,1,0,0,0,0,4.3,4.3 
elizabrock,elizabrock/license-to-kill,1,4,Ruby,mit,MIT License,1,0,0,0,0,9.8,9.8 
kkokko,kkokko/NeoXplora,1,2,PHP,,,1,0,0,0,0,6.1,6.1 
stevejagodzinski,stevejagodzinski/DevNewsAggregator,1,0,PHP,,,1,0,0,0,0,9.8,9.8 
Miccighel,Miccighel/PR-CWT,0,0,PHP,,,1,0,0,0,0,9.8,9.8 
soshtolsus,soshtolsus/wing-tight,0,0,CSS,,,1,0,0,0,0,9.8,9.8 
Miesvanderlippe,Miesvanderlippe/meol1,0,0,PHP,,,1,0,0,0,0,9.8,9.8 
Seiji42,Seiji42/cub-scout-tracker,1,0,JavaScript,,,1,0,0,0,0,9.8,9.8 
tbezman,tbezman/school-store,0,0,CSS,,,1,0,0,0,0,9.8,9.8 
kassi,kassi/xingwall,2,1,JavaScript,,,1,0,0,0,0,5.4,5.4 
typcn,typcn/Blogile,51,14,JavaScript,,,1,0,0,0,0,9.8,9.8 
ScottTZhang,ScottTZhang/voter-js,1,1,JavaScript,,,1,0,0,0,0,9.8,9.8 
himiklab,himiklab/yii2-jqgrid-widget,20,15,PHP,mit,MIT License,1,0,0,0,0,9.8,9.8 
JervenBolleman,JervenBolleman/sparql-identifiers,5,1,Java,mit,MIT License,1,0,0,0,0,9.8,9.8 
Piwigo,Piwigo/Piwigo-Guest-Book,0,5,PHP,gpl-2.0,GNU General Public License v2.0,1,0,0,0,0,9.8,9.8 
koroket,koroket/RedditOnRails,1,0,Ruby,,,1,0,0,0,0,4.3,4.3 
agnivade,agnivade/easy-scrypt,23,3,Go,mit,MIT License,1,0,0,0,0,5.3,5.3 
Pylons,Pylons/horus,14,2,Python,,,1,0,0,0,0,5.3,5.3 
CherishSin,CherishSin/klattr,0,1,PHP,,,1,0,0,0,0,8.8,8.8 
mrobit,mrobit/robitailletheknot,0,0,JavaScript,,,1,0,0,0,0,9.8,9.8 
LearnMeSomeCodes,LearnMeSomeCodes/project3,0,0,Ruby,,,1,0,0,0,0,9.8,9.8 
sternenseemann,sternenseemann/sternenblog,12,3,C,,,1,0,0,0,0,9.8,9.8 
holdennb,holdennb/CollabCal,1,0,C++,,,1,0,0,0,0,9.8,9.8 
peel,peel/filebroker,0,0,Ruby,,,1,0,0,0,0,9.8,9.8 
ananich,ananich/bitstorm,11,6,PHP,gpl-3.0,GNU General Public License v3.0,1,0,0,0,0,9.8,9.8 
ada-l0velace,ada-l0velace/Bid,0,0,PHP,,,1,0,0,0,0,9.8,9.8 
john5223,john5223/bottle-auth,0,0,Python,gpl-2.0,GNU General Public License v2.0,1,0,0,0,0,9.8,9.8 
emmflo,emmflo/yuko-bot,0,0,Ruby,,,1,0,0,0,0,7.5,7.5 
corincerami,corincerami/curiosity,0,0,Ruby,,,1,0,0,0,0,9.8,9.8 
saxman,saxman/maps-js-icoads,3,3,JavaScript,apache-2.0,Apache License 2.0,2,0,0,0,0,5.3,5.3 
yanheven,yanheven/console,0,0,Python,apache-2.0,Apache License 2.0,2,0,0,0,0,5.75,6.1 
lukehutch,lukehutch/gribbit,0,0,Java,apache-2.0,Apache License 2.0,1,0,0,0,0,9.8,9.8 
mapoor,mapoor/voteapp,0,0,JavaScript,,,1,0,0,0,0,9.8,9.8 
Nayshlok,Nayshlok/Voyager,0,0,Java,,,1,0,0,0,0,9.8,9.8 
ChrisMcMStone,ChrisMcMStone/gmail-servlet,0,0,Java,,,1,0,0,0,0,9.8,9.8 
NoxxieNl,NoxxieNl/Criminals,7,4,PHP,,,1,0,0,0,0,9.8,9.8 
pointhi,pointhi/searx_stats,19,1,PHP,,,1,0,0,0,0,9.8,9.8 
agy,agy/pontifex.http,0,0,CoffeeScript,mit,MIT License,1,0,0,0,0,9.8,9.8 
frontaccounting,frontaccounting/faplanet,1,0,PHP,,,1,0,0,0,0,9.8,9.8 
risheesh,risheesh/debutsav,0,1,CSS,,,1,0,0,0,0,9.8,9.8 
nivit,nivit/redports,1,0,JavaScript,other,Other,1,0,0,0,0,9.8,9.8 
AnantLabs,AnantLabs/google-enterprise-connector-dctm,0,0,Java,apache-2.0,Apache License 2.0,1,0,0,0,0,9.8,9.8 
gimmie,gimmie/vbulletin-v4,1,0,PHP,,,3,0,0,0,0,9.8,9.8 
jmurty,jmurty/java-xmlbuilder,105,24,Java,,,1,0,0,0,0,9.8,9.8 
qt-users-jp,qt-users-jp/silk,10,2,QML,other,Other,1,0,0,0,0,6.1,6.1 
cention-mujibur-rahman,cention-mujibur-rahman/cention-chatserver,0,0,Shell,,,1,0,0,0,0,6.1,6.1 
wp-plugins,wp-plugins/media-downloader,0,0,PHP,,,1,0,0,0,0,6.1,6.1 
wp-plugins,wp-plugins/cp-polls,0,1,PHP,,,1,0,0,0,0,9.8,9.8 
wp-plugins,wp-plugins/maxbuttons,0,0,PHP,,,2,0,0,1,0,nan,nan 
wp-plugins,wp-plugins/ad-blocking-detector,0,0,PHP,gpl-2.0,GNU General Public License v2.0,1,0,0,0,0,7.5,7.5 
wp-plugins,wp-plugins/fancy-gallery,0,0,PHP,,,1,0,0,0,0,6.1,6.1 
dart-archive,dart-archive/http_server,37,17,Dart,bsd-3-clause,"BSD 3-Clause ""New"" or ""Revised"" License",1,0,0,0,0,6.1,6.1 
wp-plugins,wp-plugins/i-recommend-this,0,0,PHP,,,1,0,0,0,0,9.8,9.8 
wp-plugins,wp-plugins/job-board,0,1,PHP,,,1,0,0,0,0,6.1,6.1 
wp-plugins,wp-plugins/portfolio-gallery,1,1,PHP,,,1,0,0,0,0,9.8,9.8 
wp-plugins,wp-plugins/relevant,0,0,PHP,,,1,0,0,0,0,7.5,7.5 
wp-plugins,wp-plugins/vaultpress,1,1,PHP,,,1,0,0,0,0,9.8,9.8 
wp-plugins,wp-plugins/broken-link-checker,0,1,PHP,,,2,0,0,0,0,6.1,6.1 
nanopb,nanopb/nanopb,3789,783,C,zlib,zlib License,4,0,1,2,0,8.966666666666667,9.8 
auracms,auracms/AuraCMS,1,3,PHP,,,2,0,0,2,0,nan,nan 
oyvindkinsey,oyvindkinsey/easyXDM,2388,270,XSLT,mit,MIT License,2,0,0,2,0,nan,nan 
facebook,facebook/hhvm,17843,3163,C++,other,Other,49,0,27,21,0,nan,nan 
doorgets,doorgets/doorGets,21,10,PHP,,,1,0,0,1,0,nan,nan 
alex,alex/rply,377,58,Python,bsd-3-clause,"BSD 3-Clause ""New"" or ""Revised"" License",2,0,0,0,2,nan,nan 
numpy,numpy/numpy,24933,8755,Python,other,Other,8,0,1,2,5,6.6094339622641565,9.8 
dagolden,dagolden/Capture-Tiny,40,19,Perl,,,1,0,0,0,1,nan,nan 
redmine,redmine/redmine,4940,2289,Ruby,other,Other,49,0,3,41,0,nan,nan 
modxcms,modxcms/revolution,1336,536,PHP,gpl-2.0,GNU General Public License v2.0,39,0,7,25,7,nan,nan 
ASKBOT,ASKBOT/askbot-devel,1555,629,Python,other,Other,2,0,0,2,0,nan,nan 
Eugeny,Eugeny/ajenti,209,42,Python,,,2,0,0,1,1,nan,nan 
dompdf,dompdf/dompdf,9984,1797,PHP,lgpl-2.1,GNU Lesser General Public License v2.1,11,0,1,5,0,nan,nan 
brookinsconsulting,brookinsconsulting/bccie,9,13,PHP,gpl-2.0,GNU General Public License v2.0,1,0,1,0,0,9.8,9.8 
jktjkt,jktjkt/trojita,78,34,C++,other,Other,3,0,0,3,0,nan,nan 
dompdf,dompdf/php-font-lib,1686,295,PHP,lgpl-2.1,GNU Lesser General Public License v2.1,0,0,0,0,0,, 
esl,esl/MongooseIM,1577,425,Erlang,other,Other,1,0,1,0,0,nan,nan 
web2project,web2project/web2project,183,120,PHP,other,Other,1,0,0,1,0,8.8,8.8 
OkCupid,OkCupid/okws,264,44,C++,gpl-2.0,GNU General Public License v2.0,0,0,0,0,0,, 
ppp-project,ppp-project/ppp,345,211,C,other,Other,1,0,0,0,0,6.5,6.5 
fish-shell,fish-shell/fish-shell,22512,1770,C++,other,Other,7,0,1,5,0,nan,nan 
netty,netty/netty,32032,15641,Java,apache-2.0,Apache License 2.0,20,0,1,12,3,nan,nan 
ronsigal,ronsigal/Resteasy,0,2,Java,other,Other,1,0,1,0,0,nan,nan 
kiegroup,kiegroup/jbpm-designer,187,247,JavaScript,,,1,0,0,1,0,6.5,6.5 
tojocky,tojocky/node-printer,1464,417,C++,,,1,0,1,0,0,9.8,9.8 
mayan-edms,mayan-edms/Mayan-EDMS,496,429,Python,other,Other,0,0,0,0,0,, 
miniupnp,miniupnp/miniupnp,1332,437,C,bsd-3-clause,"BSD 3-Clause ""New"" or ""Revised"" License",17,0,5,10,2,nan,nan 
WebDevStudios,WebDevStudios/taxonomy-switcher,30,5,PHP,gpl-2.0,GNU General Public License v2.0,1,0,0,0,0,6.1,6.1 
opencart-ce,opencart-ce/opencart-ce,127,49,PHP,other,Other,1,0,1,0,0,9.8,9.8 
djblets,djblets/djblets,314,72,Python,,,3,0,1,2,0,nan,nan 
apereo,apereo/dotnet-cas-client,230,175,C#,apache-2.0,Apache License 2.0,0,0,0,0,0,, 
apereo,apereo/java-cas-client,882,629,Java,other,Other,1,0,1,0,0,9.8,9.8 
luke-jr,luke-jr/bfgminer,1737,821,C,other,Other,2,0,2,0,0,nan,nan 
ckolivas,ckolivas/cgminer,3475,1590,C,other,Other,3,0,2,1,0,nan,nan 
sgminer-dev,sgminer-dev/sgminer,615,870,C,gpl-3.0,GNU General Public License v3.0,3,0,2,1,0,nan,nan 
cherokee,cherokee/webserver,561,105,C,gpl-2.0,GNU General Public License v2.0,7,0,1,5,1,nan,nan 
e107inc,e107inc/e107,307,213,PHP,gpl-3.0,GNU General Public License v3.0,45,0,6,36,2,nan,nan 
kajona,kajona/kajonacms,23,6,PHP,lgpl-2.1,GNU Lesser General Public License v2.1,3,0,0,3,0,nan,nan 
opendocman,opendocman/opendocman,199,128,PHP,gpl-2.0,GNU General Public License v2.0,8,0,4,4,0,nan,nan 
lingej,lingej/pnp4nagios,151,114,PHP,gpl-2.0,GNU General Public License v2.0,3,0,1,1,1,nan,nan 
rawstudio,rawstudio/rawstudio,82,20,C,gpl-2.0,GNU General Public License v2.0,2,0,0,1,1,nan,nan 
avar,avar/Plack,0,0,Perl,,,1,0,0,1,0,nan,nan 
oetiker,oetiker/rrdtool-1.x,924,246,C,gpl-2.0,GNU General Public License v2.0,2,0,0,2,0,nan,nan 
pillarjs,pillarjs/send,773,201,JavaScript,mit,MIT License,1,0,0,1,0,5.3,5.3 
sureswiftcapital,sureswiftcapital/WP-Google-Calendar-Events,29,18,PHP,,,0,0,0,0,0,, 
browserify,browserify/syntax-error,78,26,JavaScript,other,Other,0,0,0,0,0,, 
hapijs,hapijs/crumb,171,49,JavaScript,other,Other,1,0,0,1,0,nan,nan 
outmoded,outmoded/bassmaster,139,39,JavaScript,other,Other,1,0,1,0,0,nan,nan 
FreePBX-ContributedModules,FreePBX-ContributedModules/fw_ari,1,3,PHP,gpl-3.0,GNU General Public License v3.0,0,0,0,0,0,, 
chyrp,chyrp/chyrp,203,45,PHP,other,Other,6,0,0,5,1,nan,nan 
weld,weld/core,365,283,Java,apache-2.0,Apache License 2.0,1,0,0,1,0,nan,nan 
kiegroup,kiegroup/jbpm,1539,1178,Java,,,0,0,0,0,0,, 
apache,apache/incubator-kie-drools,5541,2454,Java,apache-2.0,Apache License 2.0,0,0,0,0,0,, 
aircrack-ng,aircrack-ng/aircrack-ng,4329,852,C,gpl-2.0,GNU General Public License v2.0,5,0,1,4,0,nan,nan 
lesterchan,lesterchan/wp-dbmanager,69,26,PHP,,,2,0,0,1,1,7.15,7.8 
LINCnil,LINCnil/CookieViz,179,34,CSS,other,Other,0,0,0,0,0,, 
desrt,desrt/systemd-shim,17,13,C,gpl-2.0,GNU General Public License v2.0,1,0,0,0,1,nan,nan 
bittorrent,bittorrent/bootstrap-dht,400,70,C++,mit,MIT License,2,0,2,0,0,nan,nan 
UNINETT,Uninett/mod_auth_mellon,208,186,,,,4,0,0,4,0,6.766666666666666,8.1 
gogs,gogs/gogs,43208,4851,Go,mit,MIT License,24,0,3,16,2,8.298095238095234,9.8 
lsyncd,lsyncd/lsyncd,5457,473,Lua,gpl-2.0,GNU General Public License v2.0,0,0,0,0,0,, 
Kliqqi-CMS,Kliqqi-CMS/Kliqqi-CMS,167,122,PHP,other,Other,0,0,0,0,0,, 
libguestfs,libguestfs/hivex,115,40,C,other,Other,3,0,0,3,0,nan,nan 
teeworlds,teeworlds/teeworlds,2193,605,C++,other,Other,11,0,6,3,0,nan,nan 
libgit2,libgit2/libgit2,9203,2397,C,other,Other,14,0,4,9,0,6.592307692307693,9.8 
wp-plugins,wp-plugins/w3-total-cache,2,0,PHP,,,1,0,0,1,0,nan,nan 
gollum,gollum/grit_adapter,8,11,Ruby,mit,MIT License,1,0,0,1,0,8.8,8.8 
getsentry,getsentry/sentry-ruby,901,472,Ruby,mit,MIT License,0,0,0,0,0,, 
illumos,illumos/illumos-gate,1460,761,C,,,8,0,4,1,0,nan,nan 
humhub,humhub/humhub,6159,1649,PHP,other,Other,11,0,2,7,2,nan,nan 
skoranga,skoranga/node-dns-sync,7,8,JavaScript,mit,MIT License,3,0,3,0,0,nan,nan 
tornadoweb,tornadoweb/tornado,21320,5551,Python,apache-2.0,Apache License 2.0,3,0,0,2,0,nan,nan 
zeromq,zeromq/zeromq4-x,439,200,C++,gpl-3.0,GNU General Public License v3.0,2,0,1,1,0,nan,nan 
atutor,atutor/ATutor,178,166,PHP,,,16,0,3,10,3,nan,nan 
gosa-project,gosa-project/gosa-core,13,12,PHP,gpl-2.0,GNU General Public License v2.0,4,0,1,3,0,6.777777777777778,9.8 
jmacd,jmacd/xdelta-gpl,151,21,C,,,0,0,0,0,0,, 
atheme,atheme/atheme,375,174,C,other,Other,5,0,1,4,0,nan,nan 
perl5-dbi,perl5-dbi/DBD-mysql,55,67,Perl,other,Other,7,0,3,4,0,7.924000000000002,9.8 
Genymobile,Genymobile/f2ut_platform_frameworks_base,1,0,,other,Other,1,0,0,0,1,6.5,6.5 
philippK-de,philippK-de/Collabtive,205,138,PHP,,,1,0,0,1,0,8.8,8.8 
libuv,libuv/libuv,22391,3490,C,mit,MIT License,2,0,1,1,0,nan,nan 
khaledhosny,khaledhosny/ots,217,61,C++,bsd-3-clause,"BSD 3-Clause ""New"" or ""Revised"" License",1,0,1,0,0,nan,nan 
sddm,sddm/sddm,1661,325,C++,gpl-2.0,GNU General Public License v2.0,5,0,1,3,1,nan,nan 
sauruscms,sauruscms/Saurus-CMS-Community-Edition,25,15,PHP,other,Other,2,0,0,2,0,nan,nan 
zencart-ja,zencart-ja/zc-v1-series,0,18,PHP,other,Other,1,0,0,1,0,nan,nan 
robbert229,robbert229/jwt,104,28,Go,mit,MIT License,1,0,0,0,0,7.5,7.5 
markdown-it,markdown-it/markdown-it,16220,1681,JavaScript,mit,MIT License,3,0,0,2,0,6.033333333333334,7.5 
admont28,admont28/ingnovarq,0,0,PHP,apache-2.0,Apache License 2.0,1,0,0,0,0,6.1,6.1 
82Flex,82Flex/WEIPDCRM,66,50,,,,2,0,0,0,0,7.95,9.8 
nonfiction,nonfiction/nterchange_backend,1,0,PHP,other,Other,1,0,0,0,0,9.8,9.8 
opendns,opendns/OpenResolve,57,7,Python,bsd-2-clause,"BSD 2-Clause ""Simplified"" License",2,0,0,0,0,7.95,9.8 
sumocoders,sumocoders/FrameworkUserBundle,0,3,PHP,,,1,0,0,0,0,7.5,7.5 
arekk,arekk/uke,3,0,Ruby,apache-2.0,Apache License 2.0,1,0,0,0,0,9.8,9.8 
glidernet,glidernet/ogn-live,38,70,JavaScript,agpl-3.0,GNU Affero General Public License v3.0,1,0,0,0,0,9.8,9.8 
jeff-kelley,jeff-kelley/opensim-utils,5,3,PHP,,,1,0,0,0,0,9.8,9.8 
HPI-Information-Systems,HPI-Information-Systems/ProLOD,5,7,Scala,,,1,0,0,0,0,9.8,9.8 
DBRisinajumi,DBRisinajumi/d2files,1,1,PHP,,,1,0,0,0,0,9.8,9.8 
foxoverflow,foxoverflow/MySimplifiedSQL,0,0,PHP,mit,MIT License,1,0,0,0,0,6.1,6.1 
ssn2013,ssn2013/cis450Project,0,0,Java,,,1,0,0,0,0,9.8,9.8 
ritterim,ritterim/definely,0,5,JavaScript,mit,MIT License,1,0,0,0,0,6.1,6.1 
IISH,IISH/nlgis2,1,2,HTML,gpl-3.0,GNU General Public License v3.0,1,0,0,0,0,9.8,9.8 
Fumon,Fumon/trello-octometric,1,0,Go,mit,MIT License,1,0,0,0,0,9.8,9.8 
hoffie,hoffie/larasync,1,0,Go,agpl-3.0,GNU Affero General Public License v3.0,1,0,0,0,0,9.8,9.8 
tiredtyrant,tiredtyrant/flairbot,7,0,PLpgSQL,,,1,0,0,0,0,9.8,9.8 
hydrian,hydrian/TTRSS-Auth-LDAP,29,20,PHP,other,Other,1,0,0,0,0,9.8,9.8 
mauriciosoares,mauriciosoares/ss15-this-is-sparta,2,2,JavaScript,,,1,0,0,0,0,6.1,6.1 
kelvinmo,kelvinmo/simplexrd,0,0,PHP,other,Other,1,0,0,0,0,9.8,9.8 
SUKOHI,SUKOHI/Surpass,29,7,PHP,,,1,0,0,0,0,5.3,5.3 
purpleparrots,purpleparrots/491-Project,0,2,JavaScript,,,1,0,0,0,0,9.8,9.8 
StevenElberger,StevenElberger/HealthMateWeb,1,0,PHP,apache-2.0,Apache License 2.0,1,0,0,0,0,6.1,6.1 
jvvlee,jvvlee/MerlinsBoard,0,0,Ruby,,,1,0,0,0,0,6.5,6.5 
j-nowak,j-nowak/workout-organizer,1,0,Java,,,1,0,0,0,0,9.8,9.8 
gperson,gperson/angular-test-reporter,1,0,JavaScript,mit,MIT License,1,0,0,0,0,9.8,9.8 
kylebebak,kylebebak/dronfelipe,0,1,JavaScript,,,1,0,0,0,0,9.8,9.8 
nym3r0s,nym3r0s/pplv2,1,1,HTML,,,1,0,0,0,0,8.0,8.0 
dobos,dobos/domino,0,1,C#,,,1,0,0,0,0,8.0,8.0 
mikeizbicki,mikeizbicki/gitlearn,22,25,Shell,other,Other,1,0,0,0,0,6.5,6.5 
Dovgalyuk,Dovgalyuk/AIBattle-disabled-,1,1,PHP,apache-2.0,Apache License 2.0,2,0,0,0,0,9.8,9.8 
abreen,abreen/Apollo,1,0,PHP,,,1,0,0,0,0,8.8,8.8 
gophergala,gophergala/sqldump,3,2,Go,mit,MIT License,1,0,0,0,0,9.8,9.8 
tutrantta,tutrantta/project_todolist,0,0,PHP,,,1,0,0,0,0,9.8,9.8 
philipblaquiere,philipblaquiere/lolfeedback,0,0,HTML,other,Other,1,0,0,0,0,9.8,9.8 
KYUUBl,KYUUBl/school-register,0,0,Java,,,1,0,0,0,0,9.8,9.8 
bmattoso,bmattoso/desafio_buzz_woody,0,0,JavaScript,,,1,0,0,0,0,9.8,9.8 
overdrive-diy,overdrive-diy/course-builder,0,0,Python,,,1,0,0,0,0,6.1,6.1 
brandonfire,brandonfire/miRNA_Database_by_PHP_MySql,0,0,CSS,,,1,0,0,0,0,9.8,9.8 
calesanz,calesanz/gibb-modul-151,0,1,PHP,,,1,0,0,0,0,6.1,6.1 
prodigasistemas,prodigasistemas/curupira,2,1,Ruby,,,1,0,0,0,0,9.8,9.8 
githuis,githuis/P2Manage,1,0,TeX,,,1,0,0,0,0,9.8,9.8 
jan-rodriguez,jan-rodriguez/PictureThisWebServer,0,0,JavaScript,,,1,0,0,0,0,9.8,9.8 
2071174A,2071174A/vinylmap,0,0,Python,,,1,0,0,0,0,9.8,9.8 
little-apps,little-apps/little-software-stats,4,1,PHP,gpl-3.0,GNU General Public License v3.0,1,0,0,0,0,9.8,9.8 
wikisource,wikisource/ws-cat-browser,9,3,PHP,,,1,0,0,0,0,6.1,6.1 
AenBleidd,AenBleidd/FiND,0,0,C++,,,1,0,0,0,0,9.8,9.8 
s134328,s134328/Webapplication-Veganguide,0,1,PHP,,,1,0,0,0,0,6.1,6.1 
MNBikeways,MNBikeways/database,0,1,HTML,,,1,0,0,0,0,9.8,9.8 
evandro-machado,evandro-machado/Trabalho-Web2,0,1,Java,,,1,0,0,0,0,9.8,9.8 
blankenberg,blankenberg/galaxy-data-resource,0,0,Python,other,Other,1,0,0,0,0,9.8,9.8 
saemorris,saemorris/TheRadSystem,0,1,PHP,apache-2.0,Apache License 2.0,2,0,0,0,0,7.95,9.8 
VictorFerraresi,VictorFerraresi/pokemon-database-php,2,0,PHP,,,1,0,0,0,0,9.8,9.8 
nette,nette/latte,1015,103,PHP,other,Other,2,0,1,1,0,7.95,9.8 
OWASP,OWASP/json-sanitizer,194,49,Java,apache-2.0,Apache License 2.0,3,0,1,2,0,7.8,9.8 
advancedforms,advancedforms/advanced-forms,73,14,PHP,,,1,0,0,1,0,8.8,8.8 
FireBlinkLTD,FireBlinkLTD/object-collider,2,1,TypeScript,mit,MIT License,1,0,1,0,0,9.8,9.8 
pjshumphreys,pjshumphreys/patchmerge,3,0,JavaScript,,,1,0,1,0,0,9.8,9.8 
SiCKRAGE,SiCKRAGE/SiCKRAGE,1528,686,Python,gpl-3.0,GNU General Public License v3.0,2,0,0,1,1,5.75,6.1 
ASaiAnudeep,ASaiAnudeep/deep-override,1,2,JavaScript,mit,MIT License,1,0,1,0,0,9.8,9.8 
shuup,shuup/shuup,2103,1052,Python,other,Other,2,0,0,2,0,7.45,8.8 
alkacon,alkacon/mercury-template,4,10,Java,,,1,0,0,0,1,5.4,5.4 
owen2345,owen2345/camaleon-cms,1185,287,JavaScript,mit,MIT License,6,0,0,5,0,6.326666666666667,9.8 
apostrophecms,apostrophecms/apostrophe,4163,576,JavaScript,,,2,0,1,0,1,7.6000000000000005,9.8 
django-wiki,django-wiki/django-wiki,1719,566,Python,gpl-3.0,GNU General Public License v3.0,1,0,0,0,1,5.4,5.4 
userfrosting,userfrosting/UserFrosting,1624,378,PHP,other,Other,1,0,0,1,0,8.8,8.8 
apache,apache/incubator-livy,829,587,Scala,apache-2.0,Apache License 2.0,1,0,0,0,1,5.4,5.4 
u-boot,u-boot/u-boot,3214,3244,C,other,Other,36,0,20,11,3,8.360975609756112,9.8 
eflexsystems,eflexsystems/node-samba-client,51,42,JavaScript,mit,MIT License,1,0,1,0,0,9.8,9.8 
cvandeplas,cvandeplas/pystemon,331,235,Python,agpl-3.0,GNU Affero General Public License v3.0,1,0,1,0,0,9.8,9.8 
mitreid-connect,mitreid-connect/OpenID-Connect-Java-Spring-Server,1454,818,Java,other,Other,3,0,0,3,0,8.1,9.1 
FusionAuth,FusionAuth/fusionauth-samlv2,5,1,Java,apache-2.0,Apache License 2.0,1,0,0,1,0,6.5,6.5 
rakibtg,rakibtg/docker-web-gui,207,51,JavaScript,,,1,0,1,0,0,9.8,9.8 
myvesta,myvesta/vesta,245,42,PHP,gpl-3.0,GNU General Public License v3.0,2,0,0,1,0,8.0,8.8 
vscode-restructuredtext,vscode-restructuredtext/vscode-restructuredtext,331,91,TypeScript,other,Other,1,0,1,0,0,9.8,9.8 
mintty,mintty/mintty,1521,183,C,other,Other,4,0,0,2,0,8.745833333333337,9.8 
VSCodeVim,VSCodeVim/Vim,12578,1270,TypeScript,mit,MIT License,1,0,0,1,0,7.8,7.8 
adaltas,adaltas/node-mixme,3,1,TypeScript,mit,MIT License,1,0,0,1,0,9.1,9.1 
Qix-,Qix-/color-string,211,66,JavaScript,mit,MIT License,1,0,0,1,0,5.3,5.3 
fracpete,fracpete/vfsjfilechooser2,7,9,Java,apache-2.0,Apache License 2.0,1,0,0,1,0,7.5,7.5 
rkesters,rkesters/gnuplot,0,0,TypeScript,mit,MIT License,1,0,1,0,0,9.8,9.8 
tynx,tynx/wuersch,1,0,PHP,,,1,0,0,0,0,9.8,9.8 
oznetmaster,oznetmaster/SSharpSmartThreadPool,2,2,C#,other,Other,1,0,0,0,0,8.1,8.1 
danynab,danynab/movify-j,0,0,Java,other,Other,1,0,0,0,0,9.8,9.8 
viakondratiuk,viakondratiuk/cash-machine,0,0,Python,,,1,0,0,0,0,9.8,9.8 
copperwall,copperwall/twiddit,1,0,PHP,mit,MIT License,1,0,0,0,0,9.8,9.8 
gitter-badger,gitter-badger/ezpublish-modern-legacy,0,0,JavaScript,other,Other,1,0,0,0,0,7.5,7.5 
NREL,NREL/api-umbrella-web,22,10,Ruby,mit,MIT License,2,0,0,0,0,6.1,6.1 
tinymighty,tinymighty/wiki-seo,17,15,PHP,other,Other,1,0,0,0,0,9.6,9.6 
OpenSeaMap,OpenSeaMap/online_chart,54,28,PHP,,,1,0,0,0,0,6.1,6.1 
georgestephanis,georgestephanis/Custom-Content-Width,1,1,PHP,,,1,0,0,0,0,6.1,6.1 
dimtion,dimtion/Shaarlier,92,11,Java,gpl-3.0,GNU General Public License v3.0,1,0,0,0,0,9.8,9.8 
webbuilders-group,webbuilders-group/silverstripe-kapost-bridge,2,1,PHP,other,Other,1,0,0,0,0,9.8,9.8 
atwellpub,atwellpub/resend-welcome-email,16,15,PHP,,,1,0,0,0,0,6.1,6.1 
juju2143,juju2143/walrusirc,1,1,JavaScript,gpl-3.0,GNU General Public License v3.0,1,0,0,0,0,6.1,6.1 
arnoldle,arnoldle/phplist-plugin-submitByMailPlugin,3,6,PHP,,,1,0,0,0,0,8.8,8.8 
UIKit0,UIKit0/libplist,1,1,C,lgpl-2.1,GNU Lesser General Public License v2.1,1,0,0,0,0,9.8,9.8 
harrystech,harrystech/dynosaur-rails,11,5,Ruby,,,1,0,0,0,0,9.8,9.8 
irontec,irontec/klear-library,6,0,PHP,eupl-1.1,European Union Public License 1.1,1,0,0,0,0,9.8,9.8 
mistralmail,mistralmail/mistralmail,62,5,Go,mit,MIT License,0,0,0,0,0,, 
OpenCycleCompass,OpenCycleCompass/server-php,1,0,PHP,agpl-3.0,GNU Affero General Public License v3.0,1,0,0,0,0,9.8,9.8 
CCrashBandicot,CCrashBandicot/exploit,3,2,Perl,,,1,0,0,0,0,8.8,8.8 
ayttm,ayttm/ayttm,0,0,C,other,Other,1,0,0,0,0,9.8,9.8 
flamejs,flamejs/flame.js,375,39,JavaScript,mit,MIT License,1,0,0,0,0,6.1,6.1 
bywatersolutions,bywatersolutions/bywater-koha-xslt,1,3,Perl,gpl-3.0,GNU General Public License v3.0,1,0,0,0,0,7.2,7.2 
wp-plugins,wp-plugins/qtranslate-slug,0,3,PHP,,,1,0,0,0,0,6.1,6.1 
korobochkin,korobochkin/mark-user-as-spammer,1,0,PHP,,,1,0,0,0,0,5.4,5.4 
wp-plugins,wp-plugins/fastly,0,0,PHP,,,1,0,0,0,0,6.1,6.1 
wp-plugins,wp-plugins/woo-popup,0,0,PHP,gpl-2.0,GNU General Public License v2.0,1,0,0,0,0,6.1,6.1 
Zarthus,Zarthus/irc-twitter-bot,1,0,Ruby,mit,MIT License,1,0,0,0,0,9.8,9.8 
grinnellplans,grinnellplans/grinnellplans-php,7,7,PHP,other,Other,1,0,0,0,0,9.8,9.8 
wp-plugins,wp-plugins/cp-appointment-calendar,0,0,PHP,,,1,0,0,0,0,9.8,9.8 
wp-plugins,wp-plugins/dynamic-widgets,0,0,PHP,,,1,0,0,0,0,9.8,9.8 
wp-plugins,wp-plugins/google-analytics-top-posts-widget,0,0,PHP,,,1,0,0,0,0,6.1,6.1 
wp-plugins,wp-plugins/freshdesk-support,0,0,PHP,,,1,0,0,0,0,6.1,6.1 
InternalError503,InternalError503/forget-it,2,3,JavaScript,,,1,0,0,0,0,5.5,5.5 
wp-plugins,wp-plugins/icons-for-features,0,0,CSS,,,1,0,0,0,0,6.1,6.1 
wp-plugins,wp-plugins/ip-blacklist-cloud,1,1,PHP,,,1,0,0,0,0,9.8,9.8 
mback2k,mback2k/mh_httpbl,0,1,PHP,,,2,0,0,0,0,7.45,8.8 
wp-plugins,wp-plugins/simplr-registration-form,0,1,PHP,,,1,0,0,0,0,6.1,6.1 
wp-plugins,wp-plugins/inline-google-spreadsheet-viewer,2,0,PHP,,,1,0,0,0,0,8.8,8.8 
wp-plugins,wp-plugins/video-playlist-and-gallery-plugin,0,0,PHP,,,1,0,0,0,0,8.8,8.8 
wp-plugins,wp-plugins/tinychat-roomspy,0,0,PHP,,,1,0,0,0,0,6.1,6.1 
wp-plugins,wp-plugins/watu,0,3,PHP,,,1,0,0,0,0,9.8,9.8 
wp-plugins,wp-plugins/wooframework-branding,0,0,PHP,,,1,0,0,0,0,6.1,6.1 
wp-plugins,wp-plugins/wooframework-tweaks,0,0,PHP,,,1,0,0,0,0,6.1,6.1 
wp-plugins,wp-plugins/woosidebars,0,0,PHP,,,1,0,0,0,0,6.1,6.1 
wp-plugins,wp-plugins/woosidebars-sbm-converter,0,0,PHP,,,1,0,0,0,0,6.1,6.1 
wp-plugins,wp-plugins/favicon-by-realfavicongenerator,2,1,PHP,gpl-2.0,GNU General Public License v2.0,1,0,0,0,0,8.8,8.8 
wp-plugins,wp-plugins/gravity-forms-dps-pxpay,0,0,PHP,,,1,0,0,0,0,6.1,6.1 
wp-plugins,wp-plugins/wp-copyprotect,0,0,PHP,,,1,0,0,0,0,6.1,6.1 
wp-plugins,wp-plugins/view-all-posts-pages,0,0,PHP,,,1,0,0,0,0,6.1,6.1 
wp-plugins,wp-plugins/wds-multisite-aggregate,0,0,PHP,,,1,0,0,0,0,6.1,6.1 
wp-plugins,wp-plugins/beeliked-microsite,0,0,PHP,,,1,0,0,0,0,6.1,6.1 
wp-plugins,wp-plugins/wp-donate,2,1,PHP,,,1,0,0,0,0,9.8,9.8 
wp-plugins,wp-plugins/most-popular-posts-widget-lite,0,0,PHP,,,1,0,0,0,0,9.8,9.8 
wp-plugins,wp-plugins/wp-ultimate-csv-importer,5,1,PHP,,,1,0,0,0,0,8.8,8.8 
wp-plugins,wp-plugins/easy2map-photos,0,0,JavaScript,,,3,0,1,1,0,8.88,9.8 
madler,madler/pigz,2430,171,C,,,1,0,0,1,0,nan,nan 
lxc,lxc/incus,1284,75,Go,apache-2.0,Apache License 2.0,0,0,0,0,0,, 
lxc,lxc/lxcfs,958,243,C,other,Other,2,0,1,1,0,nan,nan 
osTicket,osTicket/osTicket,2879,1583,PHP,gpl-2.0,GNU General Public License v2.0,18,0,2,8,3,nan,nan 
sefrengo-cms,sefrengo-cms/sefrengo-1.x,6,3,PHP,other,Other,2,0,2,0,0,nan,nan 
delta,delta/pragyan,67,66,PHP,,,2,0,2,0,0,nan,nan 
bro,bro/bro,159,50,C++,other,Other,5,0,1,4,0,7.959999999999999,9.8 
kamailio,kamailio/kamailio,1993,873,C,other,Other,7,0,3,3,0,7.858823529411768,9.8 
wildfly-security,wildfly-security/jboss-negotiation,9,24,Java,lgpl-2.1,GNU Lesser General Public License v2.1,1,0,0,1,0,5.9,5.9 
abrt,abrt/libreport,29,38,C,gpl-2.0,GNU General Public License v2.0,4,0,2,1,1,nan,nan 
SAML-Toolkits,SAML-Toolkits/ruby-saml,869,562,Ruby,mit,MIT License,1,0,0,0,0,9.8,9.8 
weidai11,weidai11/cryptopp,4252,1796,C++,other,Other,10,0,0,7,0,nan,nan 
openedx,openedx/edx-platform,6731,3650,Python,agpl-3.0,GNU Affero General Public License v3.0,1,0,0,0,0,8.8,8.8 
kennethreitz,kennethreitz/requests,229,91,,apache-2.0,Apache License 2.0,3,0,0,3,0,nan,nan 
capnproto,capnproto/capnproto,10695,883,C++,other,Other,7,0,3,2,0,7.876470588235295,9.8 
kzar,kzar/watchadblock,7,2,JavaScript,,,1,0,0,1,0,10.0,10.0 
mozilla-b2g,mozilla-b2g/gaia,2101,2303,JavaScript,other,Other,1,0,0,1,0,nan,nan 
rsantamaria,rsantamaria/papercrop,207,80,Ruby,,,1,0,1,0,0,9.8,9.8 
Project-Pier,Project-Pier/ProjectPier-Core,37,16,PHP,agpl-3.0,GNU Affero General Public License v3.0,1,0,0,1,0,6.1,6.1 
kmatheussen,kmatheussen/das_watchdog,11,1,C,,,1,0,1,0,0,nan,nan 
serghey-rodin,serghey-rodin/vesta,2827,1021,PHP,gpl-3.0,GNU General Public License v3.0,22,0,9,7,0,nan,nan 
orientechnologies,orientechnologies/orientdb,4645,881,Java,apache-2.0,Apache License 2.0,4,0,1,3,0,8.158064516129034,9.8 
F21,F21/jwt,32,13,PHP,,,1,0,0,1,0,nan,nan 
thoughtbot,thoughtbot/paperclip,9052,2453,Ruby,other,Other,2,0,1,1,0,nan,nan 
sysphonic,sysphonic/thetis,5,5,HTML,other,Other,1,0,1,0,0,nan,nan 
sosreport,sosreport/sos,467,504,Python,gpl-2.0,GNU General Public License v2.0,3,0,0,1,1,6.595238095238095,7.8 
trevp,trevp/tlslite,235,68,Python,other,Other,1,0,0,1,0,7.5,7.5 
mysql,mysql/mysql-server,9652,3629,C++,other,Other,1142,0,45,792,169,nan,nan 
YanVugenfirer,YanVugenfirer/kvm-guest-drivers-windows,27,9,C,bsd-3-clause,"BSD 3-Clause ""New"" or ""Revised"" License",1,0,0,1,0,7.5,7.5 
NodeBB,NodeBB/nodebb-plugin-markdown,26,39,JavaScript,,,1,0,0,1,0,6.1,6.1 
Automattic,Automattic/Genericons,136,33,CSS,gpl-2.0,GNU General Public License v2.0,1,0,0,1,0,nan,nan 
VulcanJS,VulcanJS/Vulcan,7997,1952,JavaScript,mit,MIT License,1,0,0,1,0,7.5,7.5 
Boonstra,Boonstra/Slideshow,17,18,PHP,,,1,0,0,1,0,7.5,7.5 
gobby,gobby/libinfinity,87,20,C,lgpl-2.1,GNU Lesser General Public License v2.1,1,0,1,0,0,9.8,9.8 
rofl0r,rofl0r/proxychains-ng,9076,1047,C,gpl-2.0,GNU General Public License v2.0,1,0,1,0,0,7.8,7.8 
kohler,kohler/t1utils,44,21,C,other,Other,1,0,1,0,0,nan,nan 
jborg,jborg/attic,1115,106,Python,other,Other,1,0,0,1,0,6.5,6.5 
mongoid,mongoid/moped,202,153,Ruby,mit,MIT License,2,0,0,2,0,7.5,7.5 
mongodb,mongodb/bson-ruby,78,109,Ruby,apache-2.0,Apache License 2.0,3,0,2,1,0,9.446153846153845,9.8 
kyz,kyz/libmspack,146,37,C,,,14,0,0,14,0,nan,nan 
bblanchon,bblanchon/ArduinoJson,6344,1133,C++,mit,MIT License,1,0,0,1,0,nan,nan 
denkGroot,denkGroot/Spina,13,3,HTML,other,Other,1,0,0,1,0,8.8,8.8 
opencart,opencart/opencart,7022,4800,PHP,other,Other,23,0,3,9,6,nan,nan 
ipython,ipython/ipython,15990,4476,Python,bsd-3-clause,"BSD 3-Clause ""New"" or ""Revised"" License",8,0,0,7,0,nan,nan 
django-cms,django-cms/django-cms,9579,2999,Python,other,Other,1,0,0,1,0,8.8,8.8 
latchset,latchset/kdcproxy,52,15,Python,mit,MIT License,1,0,0,1,0,7.5,7.5 
ntp-project,ntp-project/ntp,113,50,C,other,Other,3,0,0,3,0,7.5,7.5 
cornelisnetworks,cornelisnetworks/opa-fm,9,22,C,other,Other,0,0,0,0,0,, 
cornelisnetworks,cornelisnetworks/opa-ff,10,21,C,other,Other,1,0,1,0,0,8.1,8.1 
Gemorroj,Gemorroj/phpwhois,1,1,PHP,gpl-2.0,GNU General Public License v2.0,1,0,1,0,0,9.8,9.8 
pulp,pulp/pulp,509,170,Python,gpl-2.0,GNU General Public License v2.0,11,0,0,7,4,6.555445544554459,8.1 
GetSimpleCMS,GetSimpleCMS/GetSimpleCMS,385,109,PHP,gpl-3.0,GNU General Public License v3.0,26,0,0,22,3,nan,nan 
Snorby,Snorby/snorby,991,229,HTML,other,Other,2,0,0,2,0,nan,nan 
strangerstudios,strangerstudios/paid-memberships-pro,406,348,PHP,other,Other,1,0,0,1,0,6.1,6.1 
NaCl-Ltd,NaCl-Ltd/pref-shimane-cms,21,9,Ruby,,,1,0,0,1,0,nan,nan 
isucon,isucon/isucon5-qualify,106,35,Java,,,1,0,0,1,0,nan,nan 
geddy,geddy/geddy,1873,251,JavaScript,,,1,0,0,1,0,nan,nan 
bcit-ci,bcit-ci/CodeIgniter,18230,7766,PHP,mit,MIT License,4,0,3,1,0,8.11818181818182,9.8 
Froxlor,Froxlor/Froxlor,1557,448,PHP,gpl-2.0,GNU General Public License v2.0,9,0,1,6,1,7.694736842105264,9.8 
yasirmturk,yasirmturk/simple-php-captcha,369,244,PHP,mit,MIT License,0,0,0,0,0,, 
tillkamppeter,tillkamppeter/ippusbxd,16,11,C,other,Other,1,0,1,0,0,nan,nan 
wgm,wgm/cerb,47,7,PHP,other,Other,1,0,0,1,0,nan,nan 
openssh,openssh/openssh-portable,2562,1644,C,other,Other,14,0,2,5,3,nan,nan 
wolfcms,wolfcms/wolfcms,266,100,PHP,,,3,0,0,2,1,5.466666666666666,8.8 
googlefonts,googlefonts/sfntly,435,161,Java,,,0,0,0,0,0,, 
jupyter,jupyter/notebook,10656,4336,Jupyter Notebook,bsd-3-clause,"BSD 3-Clause ""New"" or ""Revised"" License",13,0,0,13,0,nan,nan 
twangboy,twangboy/salt,0,0,Python,apache-2.0,Apache License 2.0,1,0,0,1,0,9.8,9.8 
vesse,vesse/node-ldapauth-fork,122,77,JavaScript,other,Other,1,0,0,1,0,7.5,7.5 
gollum,gollum/gollum,13347,1645,Ruby,mit,MIT License,3,0,0,2,0,nan,nan 
zopefoundation,zopefoundation/Products.CMFCore,6,21,Python,other,Other,3,0,0,2,0,6.2,7.5 
plone,plone/Products.CMFPlone,225,181,Python,gpl-2.0,GNU General Public License v2.0,34,0,2,29,3,nan,nan 
zTree,zTree/zTree_v3,4053,1291,HTML,mit,MIT License,1,0,0,1,0,nan,nan 
keszybz,keszybz/systemd,0,0,C,gpl-2.0,GNU General Public License v2.0,1,0,1,0,0,9.8,9.8 
quadule,quadule/colorscore,83,26,Ruby,,,1,0,1,0,0,10.0,10.0 
rails,rails/rails-html-sanitizer,282,120,Ruby,mit,MIT License,9,0,0,5,0,6.138888888888885,7.5 
icewind1991,icewind1991/SMB,125,52,PHP,mit,MIT License,1,0,1,0,0,nan,nan 
josephernest,josephernest/void,189,25,PHP,mit,MIT License,1,0,0,1,0,nan,nan 
fabpot,fabpot/Twig,84,31,PHP,bsd-3-clause,"BSD 3-Clause ""New"" or ""Revised"" License",1,0,0,1,0,nan,nan 
mjg59,mjg59/linux,142,10,C,other,Other,3,0,0,1,2,6.133333333333333,7.4 
lldpd,lldpd/lldpd,552,172,C,other,Other,5,0,1,2,0,8.403571428571428,9.8 
openpgpjs,openpgpjs/openpgpjs,5478,856,JavaScript,lgpl-3.0,GNU Lesser General Public License v3.0,5,0,0,4,0,6.900000000000002,7.5 
textpattern,textpattern/textpattern,736,111,PHP,gpl-2.0,GNU General Public License v2.0,27,0,5,12,6,nan,nan 
devsnd,devsnd/cherrymusic,1030,190,Python,gpl-3.0,GNU General Public License v3.0,2,0,0,1,1,4.85,5.4 
mtrmac,mtrmac/IPTables-Parse,0,0,Perl,,,1,0,0,0,1,5.5,5.5 
Unrud,Unrud/Radicale,5,1,Python,gpl-3.0,GNU General Public License v3.0,3,0,2,1,0,8.433333333333334,10.0 
Matroska-Org,Matroska-Org/libebml,127,47,C++,lgpl-2.1,GNU Lesser General Public License v2.1,6,0,1,4,0,6.29375,9.6 
junrar,junrar/junrar,264,77,Java,other,Other,2,0,0,2,0,6.5,7.5 
Matroska-Org,Matroska-Org/libmatroska,286,56,C++,lgpl-2.1,GNU Lesser General Public License v2.1,1,0,0,1,0,5.3,5.3 
umbraco,umbraco/Umbraco-CMS,4038,2583,C#,mit,MIT License,26,0,2,10,4,nan,nan 
broofa,broofa/node-uuid,270,34,JavaScript,mit,MIT License,1,0,0,1,0,7.5,7.5 
varnish,varnish/Varnish-Cache,891,204,C,,,1,0,0,1,0,7.5,7.5 
jqlang,jqlang/jq,27039,1503,C,other,Other,3,0,0,0,0,7.166666666666667,7.5 
ocaml,ocaml/ocaml,4863,1049,OCaml,other,Other,4,0,3,1,0,9.132258064516133,9.8 
dosfstools,dosfstools/dosfstools,219,110,C,gpl-3.0,GNU General Public License v3.0,2,0,0,0,2,6.2,6.2 
npat-efault,npat-efault/picocom,550,114,C,gpl-2.0,GNU General Public License v2.0,1,0,1,0,0,9.8,9.8 
gnachman,gnachman/iTerm2,14043,1168,Objective-C,gpl-2.0,GNU General Public License v2.0,8,0,1,2,0,9.258823529411773,9.8 
auth0,auth0/node-jsonwebtoken,17055,1248,JavaScript,mit,MIT License,5,0,1,0,0,7.95,9.8 
hapijs,hapijs/hapi,14403,1382,JavaScript,other,Other,6,0,0,6,0,nan,nan 
braekling,braekling/WP-Matomo,30,31,PHP,gpl-3.0,GNU General Public License v3.0,2,0,0,1,0,5.463636363636362,6.1 
duchenerc,duchenerc/artificial-intelligence,0,0,SCSS,,,1,0,0,1,0,6.1,6.1 
FreeRADIUS,FreeRADIUS/pam_radius,94,85,C,gpl-2.0,GNU General Public License v2.0,1,0,0,1,0,7.5,7.5 
ClusterLabs,ClusterLabs/pcs,237,115,Python,gpl-2.0,GNU General Public License v2.0,8,0,0,6,0,8.058181818181824,9.8 
fedora-infra,fedora-infra/mirrormanager2,61,43,Python,gpl-2.0,GNU General Public License v2.0,1,0,1,0,0,9.8,9.8 
salesforce,salesforce/tough-cookie,852,150,TypeScript,bsd-3-clause,"BSD 3-Clause ""New"" or ""Revised"" License",3,0,0,2,0,6.9750000000000005,9.8 
openbsd,openbsd/src,2910,836,C,,,19,0,5,7,1,7.703333333333336,9.8 
igniterealtime,igniterealtime/Smack,2355,929,Java,apache-2.0,Apache License 2.0,3,0,0,3,0,nan,nan 
SchedMD,SchedMD/slurm,2045,582,C,other,Other,23,0,8,7,1,8.109049773755645,9.8 
Piwigo,Piwigo/Piwigo,2802,398,PHP,gpl-2.0,GNU General Public License v2.0,88,0,10,57,10,nan,nan 
IdentityPython,IdentityPython/pysaml2,525,448,Python,apache-2.0,Apache License 2.0,7,0,0,7,0,7.132258064516132,9.0 
dbry,dbry/WavPack,295,66,C,bsd-3-clause,"BSD 3-Clause ""New"" or ""Revised"" License",22,0,0,20,0,5.994285714285713,7.8 
libevent,libevent/libevent,10301,3306,C,other,Other,3,0,1,2,0,8.266666666666667,9.8 
VirusTotal,VirusTotal/yara,7150,1394,C,bsd-3-clause,"BSD 3-Clause ""New"" or ""Revised"" License",20,0,1,18,0,6.914545454545455,9.1 
Fastspot,Fastspot/bigtree-form-builder,4,13,PHP,,,1,0,0,1,0,6.1,6.1 
doxygen,doxygen/doxygen,5056,1224,C++,gpl-2.0,GNU General Public License v2.0,1,0,0,1,0,6.1,6.1 
fbb-git,fbb-git/yodl,19,0,C,,,1,0,1,0,0,9.8,9.8 
JamesHeinrich,JamesHeinrich/phpThumb,306,135,PHP,other,Other,2,0,0,2,0,nan,nan 
railsadminteam,railsadminteam/rails_admin,7804,2253,Ruby,mit,MIT License,2,0,0,2,0,6.345454545454547,8.8 
oliversalzburg,oliversalzburg/i18n-node-angular,38,9,JavaScript,mit,MIT License,1,0,0,1,0,8.2,8.2 
socketio,socketio/engine.io-client,734,371,JavaScript,,,1,0,0,1,0,5.9,5.9 
ibmdb,ibmdb/node-ibm_db,185,158,JavaScript,mit,MIT License,1,0,0,1,0,8.1,8.1 
Cacti,Cacti/cacti,1470,372,PHP,gpl-2.0,GNU General Public License v2.0,107,0,19,43,14,nan,nan 
segmentio,segmentio/is-url,163,43,JavaScript,mit,MIT License,1,0,0,0,0,7.5,7.5 
jfhbrook,jfhbrook/node-ecstatic,974,200,JavaScript,mit,MIT License,3,0,1,2,0,7.5,7.5 
DaveGamble,DaveGamble/cJSON,9409,3092,C,mit,MIT License,9,0,4,3,0,8.755319148936175,9.8 
onelogin,onelogin/wordpress-saml,60,73,PHP,mit,MIT License,1,0,0,1,0,7.5,7.5 
SupportFlow,SupportFlow/supportflow,90,13,PHP,,,2,0,0,2,0,6.1,6.1 
ikeay,ikeay/vinemv,32,3,CSS,mit,MIT License,1,0,0,1,0,6.1,6.1 
kawasima,kawasima/struts1-forever,24,20,HTML,apache-2.0,Apache License 2.0,2,0,0,2,0,8.149999999999999,8.2 
electron,electron/electron,109536,15230,C++,mit,MIT License,1245,0,241,628,36,nan,nan 
kobebeauty,kobebeauty/php-contact-form,29,5,PHP,,,1,0,0,1,0,6.1,6.1 
Quagga,Quagga/quagga,285,138,C,gpl-2.0,GNU General Public License v2.0,1,0,1,0,0,9.8,9.8 
neovim,neovim/neovim,70739,4968,Vim Script,other,Other,1,0,0,1,0,7.8,7.8 
dinever,dinever/golf,267,30,Go,mit,MIT License,1,0,0,0,0,8.8,8.8 
pfmonville,pfmonville/enigmaX,3,0,C,,,1,0,0,0,0,5.3,5.3 
scottbcovert,scottbcovert/Centralized-Salesforce-Dev-Framework,55,28,Apex,apache-2.0,Apache License 2.0,1,0,0,0,0,9.8,9.8 
oxguy3,oxguy3/coebot-www,13,5,PHP,gpl-2.0,GNU General Public License v2.0,1,0,0,0,0,6.1,6.1 
openacs,openacs/bug-tracker,0,0,Tcl,,,1,0,0,0,0,8.8,8.8 
uisautomation,uisautomation/django-ucamlookup,1,1,JavaScript,other,Other,1,0,0,0,0,6.1,6.1 
e-Contract,e-Contract/dssp,4,2,Java,other,Other,1,0,0,0,0,9.8,9.8 
forcedotcom,forcedotcom/SalesforceMobileSDK-Windows,12,29,JavaScript,other,Other,1,0,0,0,0,9.8,9.8 
ForumHulp,ForumHulp/searchresults,0,1,PHP,,,1,0,0,0,0,9.8,9.8 
CESNET,CESNET/theme-cesnet,2,2,PHP,agpl-3.0,GNU Affero General Public License v3.0,1,0,0,0,0,5.5,5.5 
viafintech,viafintech/Barzahlen-PHP,12,6,PHP,mit,MIT License,1,0,0,0,0,5.3,5.3 
mrtnmtth,mrtnmtth/joomla_mod_einsatz_stats,0,0,PHP,gpl-2.0,GNU General Public License v2.0,1,0,0,0,0,9.8,9.8 
fabarea,fabarea/media_upload,19,23,JavaScript,other,Other,1,0,0,0,0,9.8,9.8 
KrailOrg,KrailOrg/krail-jpa,2,0,Java,,,1,0,0,0,0,9.8,9.8 
tombh,tombh/jekbox,16,2,Ruby,,,1,0,0,0,0,7.5,7.5 
liftkit,liftkit/database,1,0,PHP,lgpl-2.1,GNU Lesser General Public License v2.1,1,0,0,0,0,9.8,9.8 
nickzren,nickzren/alsdb,0,1,JavaScript,mit,MIT License,1,0,0,0,0,9.8,9.8 
mosbth,mosbth/cimage,259,44,PHP,mit,MIT License,1,0,0,0,0,6.1,6.1 
sitefusion,sitefusion/server,6,2,PHP,,,1,0,0,0,0,5.3,5.3 
doomsider,doomsider/shadow,8,3,Shell,gpl-2.0,GNU General Public License v2.0,1,0,0,0,0,5.5,5.5 
johnpapa,johnpapa/generator-hottowel,836,227,JavaScript,,,1,0,0,0,0,6.1,6.1 
3breadt,3breadt/dd-plist,251,90,Java,other,Other,1,0,0,0,0,7.8,7.8 
meta4creations,meta4creations/post-duplicator,3,4,PHP,,,1,0,0,0,0,6.1,6.1 
ICEPAY,ICEPAY/REST-API-NET,1,0,C#,bsd-2-clause,"BSD 2-Clause ""Simplified"" License",1,0,0,0,0,5.9,5.9 
Ydalb,Ydalb/mapicoin,10,2,CSS,,,1,0,0,0,0,6.1,6.1 
Arno0x,Arno0x/TwoFactorAuth,117,42,PHP,,,1,0,0,0,0,6.1,6.1 
ipoelnet,ipoelnet/php-login,1,0,PHP,,,1,0,0,0,0,9.8,9.8 
dynacase-labs,dynacase-labs/dynacase-webdesk,0,0,PHP,,,1,0,0,0,0,9.8,9.8 
Doc2k,Doc2k/re-chat,1,1,JavaScript,,,1,0,0,0,0,6.1,6.1 
snapcore,snapcore/snapweb,79,50,JavaScript,gpl-3.0,GNU General Public License v3.0,1,0,0,1,0,7.5,7.5 
kravietz,kravietz/pam_tacplus,124,95,C,lgpl-3.0,GNU Lesser General Public License v3.0,3,0,2,1,0,9.608333333333333,9.8 
ikoniaris,ikoniaris/kippo-graph,132,54,PHP,other,Other,2,0,0,0,0,6.4,6.4 
fragglet,fragglet/lhasa,73,13,C,isc,ISC License,1,0,0,1,0,7.8,7.8 
mafintosh,mafintosh/is-my-json-valid,953,128,JavaScript,mit,MIT License,2,0,0,2,0,6.766666666666667,7.5 
beanshell,beanshell/beanshell,771,184,Java,apache-2.0,Apache License 2.0,1,0,0,1,0,8.1,8.1 
mozilla,mozilla/hawk,1903,186,JavaScript,other,Other,1,0,0,1,0,7.5,7.5 
theforeman,theforeman/safemode,68,19,Ruby,mit,MIT License,0,0,0,0,0,, 
jpirko,jpirko/libndp,36,18,C,lgpl-2.1,GNU Lesser General Public License v2.1,2,0,0,2,0,nan,nan 
theforeman,theforeman/smart-proxy,209,217,Ruby,other,Other,2,0,1,1,0,nan,nan 
esnet,esnet/iperf,5814,1179,C,other,Other,2,0,1,0,0,8.65,9.8 
MiniProfiler,MiniProfiler/rack-mini-profiler,3593,397,Ruby,mit,MIT License,1,0,0,1,0,5.3,5.3 
fedora-selinux,fedora-selinux/setroubleshoot,9,10,Python,,,4,0,0,4,0,7.0,7.0 
ossec,ossec/ossec-wui,161,91,PHP,other,Other,1,0,0,1,0,6.1,6.1 
arslancb,arslancb/clipbucket,396,383,JavaScript,other,Other,10,0,6,3,1,nan,nan 
ivywe,ivywe/geeklog-ivywe,0,3,PHP,,,2,0,0,2,0,6.1,6.1 
389ds,389ds/389-ds-base,159,70,C,other,Other,10,0,0,10,0,6.965060240963855,7.5 
dashbuilder,dashbuilder/dashbuilder,188,123,Java,apache-2.0,Apache License 2.0,1,0,1,0,0,9.8,9.8 
libimobiledevice,libimobiledevice/libusbmuxd,528,262,C,lgpl-2.1,GNU Lesser General Public License v2.1,1,0,0,1,0,5.3,5.3 
libimobiledevice,libimobiledevice/libimobiledevice,5988,1256,C,lgpl-2.1,GNU Lesser General Public License v2.1,2,0,0,1,1,nan,nan 
nov,nov/jose-php,137,62,PHP,other,Other,3,0,0,3,0,5.05,7.5 
PowerDNS,PowerDNS/pdns,3206,871,C++,gpl-2.0,GNU General Public License v2.0,52,0,8,40,1,nan,nan 
SimpleMachines,SimpleMachines/SMF,541,266,PHP,other,Other,0,0,0,0,0,, 
kornelski,kornelski/pngquant,4850,478,C,other,Other,0,0,0,0,0,, 
openstack-infra,openstack-infra/puppet-gerrit,23,8,,,,1,0,0,1,0,6.1,6.1 
OTRS,OTRS/FAQ,7,26,Perl,,,4,0,1,3,0,6.512,9.4 
NagVis,NagVis/nagvis,113,71,PHP,gpl-2.0,GNU General Public License v2.0,6,0,2,1,0,6.391999999999999,9.8 
mjg59,mjg59/pupnp-code,3,1,C,other,Other,1,0,0,1,0,7.5,7.5 
BelledonneCommunications,BelledonneCommunications/bzrtp,11,12,C,gpl-3.0,GNU General Public License v3.0,1,0,0,1,0,7.5,7.5 
latchset,latchset/jwcrypto,385,110,Python,lgpl-3.0,GNU Lesser General Public License v3.0,3,0,0,1,0,5.3,5.3 
westes,westes/flex,3214,551,C,other,Other,2,0,2,0,0,nan,nan 
cloudfoundry,cloudfoundry/php-buildpack,141,392,Python,apache-2.0,Apache License 2.0,1,0,0,1,0,7.5,7.5 
exponentcms,exponentcms/exponent-cms,60,22,PHP,gpl-2.0,GNU General Public License v2.0,60,0,34,23,2,nan,nan 
crowbar,crowbar/barclamp-trove,0,13,HTML,,,1,0,1,0,0,9.8,9.8 
crowbar,crowbar/crowbar-openstack,26,89,Ruby,,,1,0,1,0,0,9.8,9.8 
loomio,loomio/loomio,2250,672,Ruby,agpl-3.0,GNU Affero General Public License v3.0,1,0,0,0,1,5.4,5.4 
OP-TEE,OP-TEE/optee_os,1391,1004,C,other,Other,16,0,6,6,1,7.327142857142862,9.8 
ghantoos,ghantoos/lshell,420,114,Python,gpl-3.0,GNU General Public License v3.0,2,0,2,0,0,9.9,9.9 
haakonnessjoen,haakonnessjoen/MAC-Telnet,346,121,C,gpl-2.0,GNU General Public License v2.0,1,0,1,0,0,9.8,9.8 
unrealircd,unrealircd/unrealircd,388,140,C,gpl-2.0,GNU General Public License v2.0,7,0,1,4,1,nan,nan 
evilnet,evilnet/nefarious2,36,24,C,other,Other,1,0,1,0,0,9.8,9.8 
ADOdb,ADOdb/ADOdb,409,273,PHP,other,Other,3,0,1,2,0,6.658333333333334,9.8 
nextcloud,nextcloud/gallery,110,60,JavaScript,agpl-3.0,GNU Affero General Public License v3.0,2,0,0,1,1,5.75,6.1 
SELinuxProject,SELinuxProject/selinux,1182,385,C,other,Other,7,0,1,1,5,nan,nan 
irssi,irssi/scripts.irssi.org,487,243,Perl,,,1,0,0,0,1,3.3,3.3 
ruby,ruby/openssl,229,160,C,other,Other,4,0,1,3,0,6.847619047619048,9.8 
vslavik,vslavik/winsparkle,1196,263,C++,other,Other,1,0,0,1,0,7.8,7.8 
dracutdevs,dracutdevs/dracut,468,378,Shell,gpl-2.0,GNU General Public License v2.0,4,0,0,1,3,nan,nan 
libav,libav/libav,1007,385,C,other,Other,64,0,23,41,0,nan,nan 
square,square/go-jose,1983,418,,,,3,0,0,3,0,8.033333333333333,9.1 
randombit,randombit/botan,2267,535,C++,bsd-2-clause,"BSD 2-Clause ""Simplified"" License",22,0,10,6,4,8.146907216494837,9.8 
pyca,pyca/cryptography,5867,1707,Python,other,Other,8,0,0,4,0,7.423076923076925,9.1 
tats,tats/w3m,718,85,C,other,Other,38,0,0,35,1,7.046372239747639,8.8 
nextcloud,nextcloud/apps,11,29,JavaScript,,,1,0,0,1,0,8.1,8.1 
owncloud,owncloud/gallery,88,69,JavaScript,agpl-3.0,GNU Affero General Public License v3.0,1,0,0,1,0,6.1,6.1 
madler,madler/zlib,4814,2292,C,other,Other,7,0,2,3,0,9.53125,9.8 
GNOME,GNOME/libgsf,31,8,C,lgpl-2.1,GNU Lesser General Public License v2.1,1,0,0,1,0,5.5,5.5 
html5lib,html5lib/html5lib-python,1066,321,Python,mit,MIT License,2,0,0,2,0,6.1,6.1 
ashinn,ashinn/irregex,89,15,Scheme,,,1,0,0,1,0,7.5,7.5 
bottlepy,bottlepy/bottle,8127,1460,Python,mit,MIT License,4,0,1,3,0,nan,nan 
chakra-core,chakra-core/ChakraCore,8965,1368,JavaScript,mit,MIT License,223,0,212,11,0,7.1779582366589105,9.8 
derrekr,derrekr/android_security,87,25,C,,,1,0,1,0,0,7.0,7.0 
jtdowney,jtdowney/private_address_check,40,10,Ruby,mit,MIT License,3,0,1,2,0,7.199999999999999,9.8 
recurly,recurly/recurly-client-ruby,183,124,Ruby,mit,MIT License,1,0,1,0,0,9.8,9.8 
recurly,recurly/recurly-client-python,91,77,Python,mit,MIT License,1,0,1,0,0,9.8,9.8 
recurly,recurly/recurly-client-dotnet,86,76,C#,mit,MIT License,0,0,0,0,0,, 
xenocrat,xenocrat/chyrp-lite,257,35,PHP,bsd-3-clause,"BSD 3-Clause ""New"" or ""Revised"" License",1,0,0,1,0,8.8,8.8 
opf,opf/openproject,7531,2004,Ruby,gpl-3.0,GNU General Public License v3.0,7,0,0,5,0,7.2639344262295085,8.8 
shopware,shopware/core,43,22,PHP,mit,MIT License,4,0,0,1,1,nan,nan 
openmediavault,openmediavault/openmediavault,4152,433,PHP,other,Other,3,0,2,1,0,nan,nan 
GNOME,GNOME/evince,304,112,C,gpl-2.0,GNU General Public License v2.0,7,0,0,7,0,nan,nan 
mde,mde/ejs,7333,826,JavaScript,apache-2.0,Apache License 2.0,5,0,2,2,0,9.500000000000004,9.8 
open-iscsi,open-iscsi/tcmu-runner,182,148,C,apache-2.0,Apache License 2.0,5,0,0,4,1,7.158536585365855,8.1 
root-project,root-project/root,2277,1197,C++,other,Other,1,0,1,0,0,8.8,8.8 
ThomasDickey,ThomasDickey/lynx-snapshots,33,10,C,other,Other,1,0,0,1,0,5.3,5.3 
WBCE,WBCE/WBCE_CMS,29,20,PHP,gpl-2.0,GNU General Public License v2.0,28,0,0,7,4,6.1666666666666625,9.8 
Enalean,Enalean/gitphp,0,0,PHP,,,1,0,1,0,0,9.8,9.8 
xrootd,xrootd/xrootd,129,143,C++,other,Other,1,0,1,0,0,9.8,9.8 
redis-store,redis-store/redis-store,1492,341,Ruby,mit,MIT License,1,0,1,0,0,9.8,9.8 
ImpulseAdventure,ImpulseAdventure/JPEGsnoop,449,82,C++,gpl-2.0,GNU General Public License v2.0,1,0,0,1,0,7.5,7.5 
Mindwerks,Mindwerks/wildmidi,187,37,C,other,Other,5,0,0,5,0,7.165625,7.8 
booth-f,booth-f/openhacker,0,0,JavaScript,gpl-3.0,GNU General Public License v3.0,0,0,0,0,0,, 
i7MEDIA,i7MEDIA/mojoportal,182,95,C#,other,Other,13,0,0,0,2,7.1057851239669345,9.8 
leanote,leanote/desktop-app,1509,600,JavaScript,other,Other,4,0,0,4,0,7.85,9.6 
codehaus-plexus,codehaus-plexus/plexus-utils,31,36,Java,apache-2.0,Apache License 2.0,3,0,1,0,0,7.2,9.8 
rhysd,rhysd/Shiba,752,50,TypeScript,mit,MIT License,1,0,0,1,0,6.1,6.1 
eldy,eldy/AWStats,328,120,Perl,,,1,0,0,0,0,6.1,6.1 
josdejong,josdejong/mathjs,13630,1275,JavaScript,apache-2.0,Apache License 2.0,3,0,3,0,0,8.966666666666667,9.8 
josdejong,josdejong/typed-function,64,20,JavaScript,mit,MIT License,1,0,0,1,0,8.8,8.8 
fedora-infra,fedora-infra/python-fedora,32,41,Python,lgpl-2.1,GNU Lesser General Public License v2.1,1,0,0,1,0,6.1,6.1 
haml,haml/haml,3734,607,Ruby,mit,MIT License,1,0,0,1,0,6.1,6.1 
blueness,blueness/sthttpd,71,15,C,,,2,0,0,2,0,7.65,7.8 
jabberd2,jabberd2/jabberd2,439,179,C,other,Other,3,0,1,1,1,7.121428571428571,9.8 
mqttjs,mqttjs/MQTT.js,7990,1385,TypeScript,other,Other,1,0,0,1,0,6.5,6.5 
irssi,irssi/irssi,2726,360,C,other,Other,39,0,10,28,0,nan,nan 
GNOME,GNOME/gnome-session,17,13,C,gpl-2.0,GNU General Public License v2.0,1,0,0,1,0,5.5,5.5 
cyu,cyu/rack-cors,3222,262,JavaScript,mit,MIT License,2,0,0,2,0,7.050000000000001,8.8 
symfony,symfony/symfony,28814,9339,PHP,mit,MIT License,57,0,11,40,1,nan,nan 
exe-thumbnailer,exe-thumbnailer/exe-thumbnailer,57,4,Shell,lgpl-2.1,GNU Lesser General Public License v2.1,0,0,0,0,0,, 
acpica,acpica/acpica,421,302,ASL,other,Other,4,0,0,1,3,5.551612903225807,7.1 
volca,volca/markdown-preview,235,70,JavaScript,mit,MIT License,1,0,0,1,0,6.1,6.1 
pear,pear/pearweb,8,14,PHP,,,2,0,2,0,0,9.8,9.8 
ioquake,ioquake/ioq3,2214,509,C,gpl-2.0,GNU General Public License v2.0,2,0,2,0,0,8.3,9.8 
shadow-maint,shadow-maint/shadow,261,210,Shell,other,Other,11,0,3,5,2,nan,nan 
axiomatic-systems,axiomatic-systems/Bento4,1742,448,C++,,,134,0,3,75,0,7.023746312684385,9.8 
q2a,q2a/question2answer,1600,634,PHP,gpl-3.0,GNU General Public License v3.0,1,0,0,1,0,7.5,7.5 
openmrs,openmrs/openmrs-module-htmlformentry,40,254,Java,,,3,0,2,1,0,9.085714285714284,9.8 
cyrusimap,cyrusimap/cyrus-imapd,481,134,C,other,Other,8,0,3,4,1,nan,nan 
kanboard,kanboard/kanboard,7827,1764,PHP,mit,MIT License,28,0,0,22,0,nan,nan 
nih-at,nih-at/libzip,718,248,C,other,Other,3,0,2,1,0,8.700000000000001,9.8 
simplesamlphp,simplesamlphp/simplesamlphp,1016,666,PHP,lgpl-2.1,GNU Lesser General Public License v2.1,22,0,4,16,2,nan,nan 
akrennmair,akrennmair/newsbeuter,781,100,C++,mit,MIT License,3,0,1,2,0,nan,nan 
flori,flori/json,652,328,Ruby,other,Other,3,0,2,1,0,nan,nan 
kaltura,kaltura/server,365,175,PHP,agpl-3.0,GNU Affero General Public License v3.0,5,0,1,4,0,6.442857142857142,9.8 
michaelryanmcneill,michaelryanmcneill/shibboleth,18,10,PHP,,,1,0,0,1,0,6.1,6.1 
silverstripe,silverstripe/silverstripe-installer,162,179,Twig,bsd-3-clause,"BSD 3-Clause ""New"" or ""Revised"" License",1,0,0,1,0,6.1,6.1 
GNOME,GNOME/nautilus,311,122,C,gpl-3.0,GNU General Public License v3.0,4,0,0,3,0,7.000000000000001,7.8 
go-ldap,go-ldap/ldap,2045,345,Go,other,Other,1,0,0,1,0,8.1,8.1 
weechat,weechat/weechat,2725,317,C,gpl-3.0,GNU General Public License v3.0,7,0,3,4,0,6.118749999999999,9.8 
EGroupware,EGroupware/egroupware,221,92,PHP,other,Other,20,0,8,11,0,nan,nan 
tine20,tine20/tine20,160,60,HTML,agpl-3.0,GNU Affero General Public License v3.0,4,0,0,0,4,5.400000000000004,5.4 
jdennis,jdennis/keycloak-httpd-client-install,12,9,Python,gpl-3.0,GNU General Public License v3.0,2,0,0,0,2,6.65,7.8 
dovecot,dovecot/core,843,277,C,other,Other,53,0,4,44,4,nan,nan 
Flyspray,flyspray/flyspray,368,170,PHP,lgpl-2.1,GNU Lesser General Public License v2.1,0,0,0,0,0,, 
bacula-web,bacula-web/bacula-web,102,44,PHP,gpl-2.0,GNU General Public License v2.0,2,0,2,0,0,nan,nan 
ILIAS-eLearning,ILIAS-eLearning/ILIAS,350,305,PHP,gpl-3.0,GNU General Public License v3.0,34,0,2,17,3,nan,nan 
shadowsocks,shadowsocks/shadowsocks-libev,15560,5743,C,gpl-3.0,GNU General Public License v3.0,4,0,1,3,0,7.556000000000004,7.8 
felixrieseberg,felixrieseberg/windows-build-tools,3379,289,TypeScript,mit,MIT License,1,0,1,0,0,8.1,8.1 
caolan,caolan/forms,1013,169,JavaScript,mit,MIT License,2,0,0,2,0,5.433333333333334,6.1 
apostrophecms,apostrophecms/sanitize-html,3462,392,JavaScript,mit,MIT License,4,0,0,3,0,5.55,7.5 
hapijs,hapijs/nes,500,88,JavaScript,other,Other,1,0,0,1,0,5.9,5.9 
socketio,socketio/socket.io,59259,10230,TypeScript,mit,MIT License,2,0,0,2,0,5.9,7.5 
openstack-archive,openstack-archive/swauth,26,7,,,,0,0,0,0,0,, 
thanethomson,thanethomson/MLAlchemy,40,4,Python,mit,MIT License,1,0,1,0,0,9.8,9.8 
tadashi-aikawa,tadashi-aikawa/owlmixin,4,1,Python,mit,MIT License,1,0,1,0,0,9.8,9.8 
derickr,derickr/timelib,113,65,C,mit,MIT License,1,0,0,1,0,7.5,7.5 
bit-team,bit-team/backintime,1682,131,Python,,,2,0,2,0,0,7.949999999999999,8.1 
bolt,bolt/bolt,4158,823,PHP,mit,MIT License,11,0,0,10,1,6.69726027397261,8.8 
bbengfort,bbengfort/confire,36,9,Python,mit,MIT License,1,0,1,0,0,9.8,9.8 
geminabox,geminabox/geminabox,1466,335,Ruby,mit,MIT License,3,0,0,2,1,6.766666666666667,8.8 
Ulterius,Ulterius/server,594,80,C#,mpl-2.0,Mozilla Public License 2.0,1,0,0,1,0,7.5,7.5 
PierreRambaud,PierreRambaud/gemirro,137,24,Ruby,gpl-3.0,GNU General Public License v3.0,1,0,0,1,0,6.1,6.1 
lepture,lepture/mistune,2342,239,Python,bsd-3-clause,"BSD 3-Clause ""New"" or ""Revised"" License",3,0,0,2,0,6.566666666666666,7.5 
filp,filp/whoops,13069,657,PHP,mit,MIT License,1,0,0,1,0,6.1,6.1 
horde,horde/kronolith,6,11,PHP,gpl-2.0,GNU General Public License v2.0,2,0,0,0,2,5.4,5.4 
horde,horde/base,48,21,PHP,other,Other,2,0,0,1,1,5.960000000000001,6.1 
lsegal,lsegal/yard,1877,411,Ruby,mit,MIT License,2,0,0,2,0,7.5,7.5 
jofpin,jofpin/trape,7757,1302,Python,,,0,0,0,0,0,, 
BlogoText,BlogoText/blogotext,136,32,PHP,other,Other,4,0,1,3,0,6.95,9.8 
openethereum,openethereum/parity-ethereum,6745,1742,Rust,other,Other,0,0,0,0,0,, 
kohler,kohler/gifsicle,3451,224,C,gpl-2.0,GNU General Public License v2.0,6,0,1,2,0,7.927272727272726,9.8 
apple,apple/cups,1754,459,C,apache-2.0,Apache License 2.0,52,0,13,33,6,nan,nan 
jasongoodwin,jasongoodwin/authentikat-jwt,134,47,Scala,apache-2.0,Apache License 2.0,1,0,0,1,0,9.8,9.8 
GoogleChrome,GoogleChrome/rendertron,5923,777,TypeScript,apache-2.0,Apache License 2.0,5,0,0,5,0,5.336363636363635,7.5 
seccomp,seccomp/libseccomp-golang,240,56,Go,bsd-2-clause,"BSD 2-Clause ""Simplified"" License",1,0,0,1,0,7.5,7.5 
LibVNC,LibVNC/libvncserver,980,456,C,gpl-2.0,GNU General Public License v2.0,34,0,13,20,0,8.524698795180715,9.8 
nginx,nginx/nginx,19293,6539,C,bsd-2-clause,"BSD 2-Clause ""Simplified"" License",34,0,11,20,0,nan,nan 
aawc,aawc/unrar,45,27,C++,other,Other,1,0,0,1,0,7.8,7.8 
gorilla,gorilla/handlers,1574,278,Go,bsd-3-clause,"BSD 3-Clause ""New"" or ""Revised"" License",1,0,0,0,0,9.8,9.8 
Challenge,Challenge/website,1,0,PHP,,,1,0,0,0,0,8.8,8.8 
itext,itext/rups,107,16,Java,other,Other,1,0,0,0,0,9.8,9.8 
aerouk,aerouk/imageserve,128,36,PHP,gpl-2.0,GNU General Public License v2.0,2,0,0,0,0,6.8,7.5 
ghostlander,ghostlander/Phoenixcoin,18,22,C++,mit,MIT License,1,0,0,0,0,7.5,7.5 
Sterc,Sterc/Analytics-dashboard-widget,11,9,PHP,gpl-2.0,GNU General Public License v2.0,1,0,0,0,0,6.1,6.1 
exciting-io,exciting-io/printer,469,94,Ruby,mit,MIT License,1,0,0,0,0,9.8,9.8 
Ariadne-CMS,Ariadne-CMS/arc-web,2,3,PHP,other,Other,1,0,0,0,0,9.8,9.8 
vova07,vova07/yii2-fileapi-widget,50,28,PHP,,,1,0,0,0,0,6.1,6.1 
rf-,rf-/keynote,128,10,Ruby,other,Other,1,0,0,0,0,6.1,6.1 
flitto,flitto/express-param,11,3,JavaScript,mit,MIT License,1,0,0,0,0,9.8,9.8 
rofl0r,rofl0r/MacGeiger,49,11,C,gpl-3.0,GNU General Public License v3.0,1,0,0,0,0,7.8,7.8 
vercel,vercel/ms,4784,280,TypeScript,mit,MIT License,1,0,0,0,0,5.3,5.3 
RedSnapper,RedSnapper/NView,5,1,PHP,,,1,0,0,0,0,9.8,9.8 
verdammelt,verdammelt/tnef,56,21,C,gpl-2.0,GNU General Public License v2.0,6,0,1,5,0,7.199999999999999,9.8 
symbiote,symbiote/silverstripe-seed,8,7,PHP,bsd-3-clause,"BSD 3-Clause ""New"" or ""Revised"" License",1,0,0,0,0,6.1,6.1 
debug-js,debug-js/debug,10864,951,JavaScript,mit,MIT License,2,0,0,1,0,6.4,7.5 
elixir-ecto,elixir-ecto/ecto,5857,1403,Elixir,apache-2.0,Apache License 2.0,1,0,0,0,0,9.8,9.8 
AlexRed,AlexRed/contentmap,0,0,PHP,gpl-2.0,GNU General Public License v2.0,1,0,0,0,0,9.8,9.8 
jfm-so,jfm-so/piWallet,255,320,PHP,,,1,0,0,0,0,9.8,9.8 
GGGGGGGG,GGGGGGGG/ToN-MasterServer,4,0,PHP,,,1,0,0,0,0,9.8,9.8 
ollpu,ollpu/parontalli,0,0,JavaScript,mit,MIT License,1,0,0,0,0,9.8,9.8 
PrivateSky,PrivateSky/apersistence,1,1,JavaScript,lgpl-2.1,GNU Lesser General Public License v2.1,1,0,0,0,0,9.8,9.8 
ridhoq,ridhoq/soundslike,6,2,JavaScript,,,1,0,0,0,0,9.8,9.8 
bastianallgeier,bastianallgeier/kirby-webmentions,30,5,PHP,mit,MIT License,1,0,0,0,0,9.8,9.8 
DaSchTour,DaSchTour/matomo-mediawiki-extension,17,20,PHP,,,1,0,0,0,0,6.1,6.1 
ciubotaru,ciubotaru/share-on-diaspora,7,3,PHP,gpl-2.0,GNU General Public License v2.0,1,0,0,0,0,6.1,6.1 
joseconti,joseconti/WangGuard,15,19,PHP,gpl-2.0,GNU General Public License v2.0,1,0,0,0,0,6.1,6.1 
Codiad,Codiad/Codiad,2832,707,PHP,mit,MIT License,6,0,2,3,0,nan,nan 
instedd,instedd/pollit,1,3,JavaScript,gpl-3.0,GNU General Public License v3.0,1,0,0,0,0,9.8,9.8 
Zerocoin,Zerocoin/libzerocoin,176,56,C++,mit,MIT License,1,0,0,0,0,7.5,7.5 
hgzojer,hgzojer/vocabletrainer,0,0,Java,mit,MIT License,1,0,0,0,0,5.5,5.5 
mvpoland,mvpoland/django-ajax-utilities,0,0,JavaScript,bsd-3-clause,"BSD 3-Clause ""New"" or ""Revised"" License",1,0,0,0,0,6.1,6.1 
zzxiang,zzxiang/external-media-without-import,119,35,PHP,gpl-3.0,GNU General Public License v3.0,1,0,0,0,0,6.1,6.1 
fuzzymannerz,fuzzymannerz/swmp,252,27,CSS,mit,MIT License,1,0,0,0,0,6.1,6.1 
nikooo777,nikooo777/ckSurf,35,31,SourcePawn,,,1,0,0,0,0,7.5,7.5 
choria-legacy,choria-legacy/mcollective-sshkey-security,12,14,Ruby,,,1,0,0,1,0,6.5,6.5 
tomoh1r,tomoh1r/ansible-vault,52,31,Python,gpl-3.0,GNU General Public License v3.0,1,0,0,1,0,7.8,7.8 
libofx,libofx/libofx,48,26,C++,gpl-2.0,GNU General Public License v2.0,4,0,0,4,0,7.524999999999999,8.8 
golang,golang/crypto,2826,2534,Go,bsd-3-clause,"BSD 3-Clause ""New"" or ""Revised"" License",5,0,0,4,0,6.171428571428572,8.1 
qbittorrent,qbittorrent/qBittorrent,22683,3591,C++,other,Other,5,0,1,2,1,8.725000000000005,9.8 
netblue30,netblue30/firejail,5161,549,C,gpl-2.0,GNU General Public License v2.0,18,0,11,6,1,7.817518248175171,9.8 
libimobiledevice,libimobiledevice/libplist,495,291,C,lgpl-2.1,GNU Lesser General Public License v2.1,13,0,0,7,5,6.920338983050848,9.8 
containers,containers/bubblewrap,3387,228,C,other,Other,1,0,1,0,0,7.8,7.8 
ntop,ntop/ntopng,5601,627,Lua,gpl-3.0,GNU General Public License v3.0,6,0,0,6,0,nan,nan 
WeblateOrg,WeblateOrg/weblate,3884,933,Python,gpl-3.0,GNU General Public License v3.0,5,0,1,2,1,6.683333333333333,9.8 
ge0rg,ge0rg/yaxim,90,38,Java,gpl-3.0,GNU General Public License v3.0,1,0,0,1,0,5.9,5.9 
ChatSecure,ChatSecure/ChatSecure-iOS,3110,1044,Objective-C,other,Other,1,0,0,1,0,5.9,5.9 
poezio,poezio/slixmpp,107,53,Python,other,Other,2,0,0,2,0,6.7,7.5 
profanity-im,profanity-im/profanity,1226,180,C,other,Other,0,0,0,0,0,, 
pagekit,pagekit/pagekit,5523,667,PHP,mit,MIT License,3,0,0,2,1,5.742857142857143,7.5 
jappix,jappix/jappix,433,147,JavaScript,other,Other,1,0,0,1,0,5.9,5.9 
jitsi,jitsi/jitsi,3973,971,Java,apache-2.0,Apache License 2.0,3,0,0,1,0,7.266666666666667,9.8 
GStreamer,GStreamer/gst-plugins-ugly,29,32,C,lgpl-2.1,GNU Lesser General Public License v2.1,1,0,0,1,0,7.5,7.5 
daltoniam,daltoniam/Starscream,7939,1137,Swift,apache-2.0,Apache License 2.0,2,0,0,2,0,7.5,7.5 
moinwiki,moinwiki/moin-1.9,135,57,Python,other,Other,3,0,1,1,1,7.1000000000000005,9.8 
openstack-archive,openstack-archive/nova-lxd,36,24,,,,0,0,0,0,0,, 
viewvc,viewvc/viewvc,290,179,Python,other,Other,18,0,1,15,2,nan,nan 
nuxsmin,nuxsmin/sysPass,932,203,PHP,gpl-3.0,GNU General Public License v3.0,5,0,0,4,0,nan,nan 
EyesOfNetworkCommunity,EyesOfNetworkCommunity/eonweb,8,13,PHP,,,37,0,16,12,6,8.196888888888875,9.8 
sandstorm-io,sandstorm-io/sandstorm,6542,737,JavaScript,other,Other,4,0,1,3,0,6.85,9.8 
soruly,soruly/trace.moe,4069,216,Shell,mit,MIT License,0,0,0,0,0,, 
appneta,appneta/tcpreplay,1045,262,C,,,39,0,1,28,0,7.257723577235766,9.8 
LocutusOfBorg,LocutusOfBorg/ettercap,3,1,C,gpl-2.0,GNU General Public License v2.0,1,0,0,1,0,5.5,5.5 
andrzuk,andrzuk/FineCMS,14,4,PHP,,,11,0,2,8,1,6.976666666666663,9.8 
antlarr,antlarr/audiofile,0,0,C++,lgpl-2.1,GNU Lesser General Public License v2.1,5,0,0,5,0,5.5,5.5 
LibRaw,LibRaw/LibRaw-demosaic-pack-GPL2,11,6,C,gpl-2.0,GNU General Public License v2.0,2,0,2,0,0,9.8,9.8 
concretecms,concretecms/concrete5-legacy,564,331,PHP,,,0,0,0,0,0,, 
JACoders,JACoders/OpenJK,1880,586,C++,gpl-2.0,GNU General Public License v2.0,1,0,1,0,0,7.8,7.8 
iortcw,iortcw/iortcw,549,70,C,gpl-3.0,GNU General Public License v3.0,1,0,1,0,0,7.8,7.8 
boonebgorges,boonebgorges/buddypress-docs,104,43,PHP,gpl-3.0,GNU General Public License v3.0,1,0,0,1,0,4.3,4.3 
cesanta,cesanta/mongoose-os,2423,433,C,other,Other,2,0,1,1,0,9.569999999999999,9.8 
cesanta,cesanta/mongoose,9986,2611,C,other,Other,29,0,13,13,0,9.019900497512412,9.8 
dmgerman,dmgerman/ninka,100,30,Roff,gpl-2.0,GNU General Public License v2.0,1,0,1,0,0,9.8,9.8 
Netflix,Netflix/security_monkey,4343,832,Python,apache-2.0,Apache License 2.0,1,0,0,1,0,6.1,6.1 
NixOS,NixOS/nixpkgs,13548,10965,Nix,mit,MIT License,2,0,1,1,0,6.216666666666666,7.8 
proftpd,proftpd/proftpd,462,185,C,gpl-2.0,GNU General Public License v2.0,24,0,6,14,2,nan,nan 
dropbox,dropbox/lepton,5012,371,C++,apache-2.0,Apache License 2.0,11,0,0,11,0,5.900000000000002,7.8 
rpm-software-management,rpm-software-management/rpm,442,345,C,other,Other,21,0,8,9,0,nan,nan 
tpm2-software,tpm2-software/tpm2-tools,628,358,C,,,1,0,0,1,0,5.8999999999999995,5.9 
trollepierre,trollepierre/tdm,2,0,PHP,,,1,0,0,1,0,6.1,6.1 
jsummers,jsummers/imageworsener,244,28,C,other,Other,23,0,1,21,1,5.983333333333334,8.8 
jcampbell1,jcampbell1/simple-file-manager,887,528,PHP,,,1,0,1,0,0,9.8,9.8 
aide,aide/aide,429,70,C,gpl-2.0,GNU General Public License v2.0,1,0,1,0,0,7.8,7.8 
Kozea,Kozea/Radicale,2890,403,Python,gpl-3.0,GNU General Public License v3.0,4,0,2,2,0,7.791304347826087,10.0 
DeuxHuitHuit,DeuxHuitHuit/symphonycms,2,2,PHP,mit,MIT License,0,0,0,0,0,, 
varnishcache,varnishcache/varnish-cache,3377,366,C,other,Other,14,0,1,9,1,nan,nan 
s3131212,s3131212/allendisk,38,8,PHP,mit,MIT License,5,0,0,4,1,6.586666666666669,7.5 
dinhvh,dinhvh/libetpan,592,313,C,other,Other,3,0,0,2,0,7.157142857142857,7.5 
stoth68000,stoth68000/media-tree,0,0,C,other,Other,1,0,0,1,0,6.4,6.4 
dgl,dgl/cgiirc,53,8,Perl,,,1,0,0,1,0,6.1,6.1 
kkos,kkos/oniguruma,2091,303,C,other,Other,14,0,7,6,0,8.429268292682927,9.8 
tikiorg,tikiorg/tiki,15,13,PHP,lgpl-2.1,GNU Lesser General Public License v2.1,1,0,0,1,0,6.1,6.1 
fosnola,fosnola/libstaroffice,6,8,C++,lgpl-2.1,GNU Lesser General Public License v2.1,1,0,1,0,0,9.8,9.8 
flatCore,flatCore/flatCore-CMS,50,17,JavaScript,gpl-3.0,GNU General Public License v3.0,21,0,4,11,5,6.7246987951807045,9.8 
resiprocate,resiprocate/resiprocate,559,286,C++,other,Other,5,0,2,3,0,nan,nan 
mruby,mruby/mruby,5183,782,C,mit,MIT License,39,0,15,23,0,8.649549549549546,9.8 
elric1,elric1/knc,15,4,C,other,Other,1,0,0,1,0,7.5,7.5 
sebastianbergmann,sebastianbergmann/phpunit,19384,2240,PHP,bsd-3-clause,"BSD 3-Clause ""New"" or ""Revised"" License",2,0,1,1,0,nan,nan 
OpenNMS,OpenNMS/opennms,845,554,Java,other,Other,31,0,2,10,5,nan,nan 
cisco,cisco/thor,695,102,C,bsd-2-clause,"BSD 2-Clause ""Simplified"" License",1,0,0,1,0,7.8,7.8 
ImageMagick,ImageMagick/rsvg,13,5,C,gpl-2.0,GNU General Public License v2.0,0,0,0,0,0,, 
nothings,nothings/stb,23630,7806,C,other,Other,43,0,0,27,0,8.058510638297845,9.8 
fmtlib,fmtlib/fmt,18252,2204,C++,mit,MIT License,2,0,0,1,0,7.5,7.5 
Bitmessage,Bitmessage/PyBitmessage,2772,593,Python,other,Other,2,0,0,1,1,5.8,8.8 
anymail,anymail/django-anymail,1513,118,Python,bsd-3-clause,"BSD 3-Clause ""New"" or ""Revised"" License",2,0,0,2,0,8.533333333333333,9.1 
sinatra,sinatra/sinatra,12007,2119,Ruby,mit,MIT License,5,0,0,4,0,6.942857142857142,8.8 
tridentli,tridentli/pitchfork,5,3,Go,apache-2.0,Apache License 2.0,1,0,0,1,0,7.5,7.5 
lightSAML,lightSAML/lightSAML,170,102,PHP,mit,MIT License,1,0,0,1,0,7.5,7.5 
ffi,ffi/ffi,2030,337,Ruby,bsd-3-clause,"BSD 3-Clause ""New"" or ""Revised"" License",1,0,0,1,0,7.8,7.8 
InstantUpdate,InstantUpdate/CMS,294,37,PHP,gpl-2.0,GNU General Public License v2.0,1,0,1,0,0,9.8,9.8 
spheredev,spheredev/neosphere,101,14,C,other,Other,0,0,0,0,0,, 
klaussilveira,klaussilveira/gitlist,2912,530,PHP,bsd-3-clause,"BSD 3-Clause ""New"" or ""Revised"" License",2,0,2,0,0,nan,nan 
laurent22,laurent22/joplin,39334,4223,TypeScript,other,Other,13,0,1,5,2,7.9774193548387125,9.8 
minio,minio/minio,41529,4984,Go,agpl-3.0,GNU Affero General Public License v3.0,15,0,1,8,0,7.311627906976745,8.8 
qutebrowser,qutebrowser/qutebrowser,9055,999,Python,gpl-3.0,GNU General Public License v3.0,4,0,0,4,0,4.628571428571428,8.8 
dom4j,dom4j/dom4j,867,278,Java,other,Other,2,0,1,1,0,8.65,9.8 
rust-lang,rust-lang/rust,86842,11513,Rust,apache-2.0,Apache License 2.0,22,0,4,16,1,7.50142180094785,9.8 
privacyidea,privacyidea/privacyidea,1386,302,Python,agpl-3.0,GNU Affero General Public License v3.0,1,0,0,1,0,7.5,7.5 
brave,brave/muon,970,114,C++,mit,MIT License,1,0,0,1,0,4.3,4.3 
square,square/retrofit,42145,7358,Java,apache-2.0,Apache License 2.0,2,0,0,2,0,8.566666666666666,9.1 
renlok,renlok/WeBid,115,119,PHP,,,3,0,0,3,0,7.466666666666666,8.8 
phpipam,phpipam/phpipam,2006,734,PHP,,,32,0,6,11,5,nan,nan 
elixir-plug,elixir-plug/plug,2708,574,Elixir,other,Other,3,0,0,3,0,7.880952380952378,8.1 
OpenMPT,OpenMPT/openmpt,472,62,C++,bsd-3-clause,"BSD 3-Clause ""New"" or ""Revised"" License",11,0,1,10,0,7.121686746987951,9.8 
codehaus-plexus,codehaus-plexus/plexus-archiver,44,46,Java,apache-2.0,Apache License 2.0,2,0,0,1,0,7.65,9.8 
zeroturnaround,zeroturnaround/zt-zip,1355,259,Java,apache-2.0,Apache License 2.0,1,0,0,1,0,5.5,5.5 
ZJONSSON,ZJONSSON/node-unzipper,396,107,JavaScript,other,Other,1,0,0,1,0,5.5,5.5 
cthackers,cthackers/adm-zip,1894,398,JavaScript,mit,MIT License,1,0,0,1,0,5.5,5.5 
haf,haf/DotNetZip.Semverd,514,210,C#,other,Other,1,0,0,1,0,5.5,5.5 
adamhathcock,adamhathcock/sharpcompress,2109,483,C#,mit,MIT License,2,0,0,2,0,4.539999999999999,5.5 
mholt,mholt/archiver,4110,376,Go,mit,MIT License,2,0,0,2,0,5.5,5.5 
stachenov,stachenov/quazip,503,256,C++,other,Other,1,0,0,1,0,5.5,5.5 
rainlab,rainlab/user-plugin,112,140,PHP,other,Other,1,0,0,1,0,6.1,6.1 
miniupnp,miniupnp/ngiflib,5,2,C,,,17,0,2,10,0,7.851282051282054,9.8 
dukereborn,dukereborn/cmum,10,14,PHP,mit,MIT License,1,0,1,0,0,9.8,9.8 
BlackCatDevelopment,BlackCatDevelopment/BlackCatCMS,12,9,PHP,other,Other,15,0,0,7,8,nan,nan 
containers,containers/podman,19645,2098,Go,apache-2.0,Apache License 2.0,12,0,0,8,0,6.395238095238098,8.8 
rpm-software-management,rpm-software-management/yum-utils,30,41,Python,gpl-2.0,GNU General Public License v2.0,1,0,1,0,0,8.1,8.1 
lavv17,lavv17/lftp,1027,158,C++,gpl-3.0,GNU General Public License v3.0,1,0,1,0,0,6.5,6.5 
openshift,openshift/console,361,571,TypeScript,apache-2.0,Apache License 2.0,1,0,0,0,1,5.4,5.4 
signalapp,signalapp/Signal-Desktop,13657,2517,TypeScript,agpl-3.0,GNU Affero General Public License v3.0,7,0,0,4,1,5.584615384615389,7.8 
vim-syntastic,vim-syntastic/syntastic,11317,1149,Vim script,wtfpl,Do What The F*ck You Want To Public License,1,0,1,0,0,7.5,7.5 
pluck-cms,pluck-cms/pluck,53,37,PHP,,,28,0,7,12,3,nan,nan 
AndreRenaud,AndreRenaud/PDFGen,432,111,C,unlicense,The Unlicense,1,0,0,1,0,7.5,7.5 
libjpeg-turbo,libjpeg-turbo/libjpeg-turbo,3438,953,C,other,Other,17,0,0,14,0,7.343243243243245,8.8 
espruino,espruino/Espruino,2647,770,C,other,Other,18,0,1,15,0,7.786666666666657,9.8 
jaredhanson,jaredhanson/oauth2orize-fprm,3,6,JavaScript,mit,MIT License,1,0,0,1,0,6.1,6.1 
sullo,sullo/nikto,7261,1111,Perl,other,Other,1,0,1,0,0,9.8,9.8 
igniterealtime,igniterealtime/Openfire,2728,1347,Java,apache-2.0,Apache License 2.0,31,0,3,22,5,nan,nan 
apache,apache/openwhisk-runtime-php,35,33,Scala,apache-2.0,Apache License 2.0,0,0,0,0,0,, 
apache,apache/openwhisk-runtime-docker,22,44,Python,apache-2.0,Apache License 2.0,0,0,0,0,0,, 
ethereum,ethereum/go-ethereum,44001,18853,Go,lgpl-3.0,GNU Lesser General Public License v3.0,19,0,0,13,3,6.97339449541284,7.5 
rodber,rodber/chevereto-free,2728,502,PHP,agpl-3.0,GNU Affero General Public License v3.0,0,0,0,0,0,, 
litecart,litecart/litecart,177,69,PHP,other,Other,6,0,0,6,0,nan,nan 
gamonoid,gamonoid/icehrm,520,352,JavaScript,other,Other,11,0,1,7,3,6.77605633802817,9.8 
wolfSSL,wolfSSL/wolfssl,2039,750,C,gpl-3.0,GNU General Public License v3.0,50,0,10,26,6,7.400913242009149,9.8 
mrvautin,mrvautin/expressCart,2228,862,JavaScript,mit,MIT License,4,0,0,3,1,8.49230769230769,8.8 
eclipse-vertx,eclipse-vertx/vert.x,13830,2033,Java,other,Other,6,0,3,3,0,8.656862745098046,9.8 
CDrummond,CDrummond/cantata,1025,173,C++,gpl-3.0,GNU General Public License v3.0,4,0,1,3,0,7.107692307692307,9.8 
pkp,pkp/omp,117,132,PHP,gpl-3.0,GNU General Public License v3.0,1,0,0,1,0,6.1,6.1 
civetweb,civetweb/civetweb,2541,971,C,other,Other,2,0,1,1,0,9.462499999999999,9.8 
dmlc,dmlc/ps-lite,1478,548,C++,apache-2.0,Apache License 2.0,1,0,0,1,0,6.5,6.5 
golang,golang/gddo,1104,337,Go,bsd-3-clause,"BSD 3-Clause ""New"" or ""Revised"" License",1,0,1,0,0,9.8,9.8 
omeka,omeka/Omeka,446,186,PHP,gpl-3.0,GNU General Public License v3.0,2,0,0,2,0,6.1,6.1 
scravy,scravy/node-macaddress,139,37,JavaScript,mit,MIT License,1,0,1,0,0,9.8,9.8 
twigphp,twigphp/Twig,7931,1264,PHP,bsd-3-clause,"BSD 3-Clause ""New"" or ""Revised"" License",5,0,2,2,0,nan,nan 
mongodb,mongodb/js-bson,1041,261,TypeScript,apache-2.0,Apache License 2.0,4,0,1,3,0,6.847368421052634,9.8 
smarty-php,smarty-php/smarty,2150,729,PHP,other,Other,31,0,21,7,0,nan,nan 
Monetra,Monetra/mstdlib,30,7,C,,,1,0,1,0,0,9.8,9.8 
cyberhobo,cyberhobo/wordpress-geo-mashup,61,15,JavaScript,,,2,0,1,1,0,nan,nan 
neomutt,neomutt/neomutt,2943,291,C,gpl-2.0,GNU General Public License v2.0,18,0,13,4,1,8.916666666666666,9.8 
eclipse-ee4j,eclipse-ee4j/mojarra,147,105,Java,other,Other,3,0,0,3,0,6.55,7.5 
s-gv,s-gv/orangeforum,439,30,Go,bsd-3-clause,"BSD 3-Clause ""New"" or ""Revised"" License",1,0,0,1,0,6.1,6.1 
evanphx,evanphx/json-patch,932,179,Go,bsd-3-clause,"BSD 3-Clause ""New"" or ""Revised"" License",1,0,0,1,0,7.7,7.7 
sosreport,sosreport/sos-collector,11,4,Python,gpl-2.0,GNU General Public License v2.0,1,0,0,0,1,5.0,5.0 
nystudio107,nystudio107/craft-seomatic,162,64,PHP,other,Other,6,0,3,3,0,8.3,9.8 
OCSInventory-NG,OCSInventory-NG/OCSInventory-ocsreports,213,147,JavaScript,gpl-2.0,GNU General Public License v2.0,2,0,0,2,0,8.8,8.8 
jbroadway,jbroadway/elefant,205,41,PHP,mit,MIT License,14,0,3,8,3,nan,nan 
swoole,swoole/swoole-src,18051,3237,C++,apache-2.0,Apache License 2.0,3,0,0,2,0,5.976190476190475,7.5 
javamelody,javamelody/javamelody,2877,769,Java,apache-2.0,Apache License 2.0,3,0,1,1,0,7.95,9.8 
gnuboard,gnuboard/gnuboard5,279,225,PHP,other,Other,26,0,1,23,0,nan,nan 
xkbcommon,xkbcommon/libxkbcommon,222,111,C,other,Other,11,0,0,1,10,5.709090909090909,7.8 
igrr,igrr/axtls-8266,79,33,C,other,Other,3,0,0,3,0,5.900000000000001,5.9 
google,google/gvisor,14336,1239,Go,apache-2.0,Apache License 2.0,3,0,2,1,0,5.966666666666666,9.8 
ImageMagick,ImageMagick/ImageMagick6,177,73,C,other,Other,33,0,0,25,0,6.723529411764709,8.8 
shellinabox,shellinabox/shellinabox,2694,458,C,other,Other,2,0,1,1,0,7.416666666666667,7.5 
mongodb,mongodb/mongo-c-driver,780,472,C,apache-2.0,Apache License 2.0,3,0,0,1,0,7.5285714285714285,8.1 
tecnickcom,tecnickcom/TCPDF,3863,1463,PHP,other,Other,1,0,1,0,0,9.8,9.8 
golang,golang/net,2753,1188,Go,bsd-3-clause,"BSD 3-Clause ""New"" or ""Revised"" License",8,0,0,7,0,7.208333333333338,7.5 
WAVM,WAVM/WAVM,2525,226,C++,bsd-3-clause,"BSD 3-Clause ""New"" or ""Revised"" License",9,0,0,9,0,8.754000000000007,8.8 
ratpack,ratpack/ratpack,1927,403,Java,other,Other,7,0,0,6,1,6.756250000000002,8.8 
TeX-Live,TeX-Live/texlive-source,222,55,C,,,3,0,1,1,0,7.966666666666665,9.8 
viabtc,viabtc/viabtc_exchange_server,2629,1513,C,mit,MIT License,3,0,3,0,0,9.8,9.8 
bertramdev,bertramdev/asset-pipeline,190,89,JavaScript,apache-2.0,Apache License 2.0,2,0,0,2,0,7.5,7.5 
coreutils,coreutils/gnulib,245,109,C,other,Other,1,0,0,1,0,8.8,8.8 
psf,psf/requests,50507,9233,Python,apache-2.0,Apache License 2.0,5,0,0,4,0,nan,nan 
Bytom,Bytom/bytom,1285,443,Go,agpl-3.0,GNU Affero General Public License v3.0,1,0,0,1,0,7.5,7.5 
linlinjava,linlinjava/litemall,18472,7130,Java,mit,MIT License,1,0,0,1,0,7.5,7.5 
iNPUTmice,iNPUTmice/Conversations,4194,1245,,,,0,0,0,0,0,, 
top-think,top-think/thinkphp,2873,1529,PHP,,,1,0,1,0,0,9.8,9.8 
MailCleaner,MailCleaner/MailCleaner,81,34,PHP,gpl-3.0,GNU General Public License v3.0,3,0,1,2,0,8.466666666666665,8.8 
netdata,netdata/netdata,65836,5726,C,gpl-3.0,GNU General Public License v3.0,5,0,0,5,0,6.171428571428571,7.5 
unicode-org,unicode-org/icu,2274,699,C++,other,Other,13,0,8,5,0,nan,nan 
acassen,acassen/keepalived,3654,728,C,gpl-2.0,GNU General Public License v2.0,5,0,1,2,2,7.087500000000002,9.8 
mycolorway,mycolorway/simditor,5015,830,JavaScript,other,Other,1,0,0,1,0,6.1,6.1 
uriparser,uriparser/uriparser,300,72,C,apache-2.0,Apache License 2.0,6,0,3,3,0,6.120833333333334,9.8 
sleuthkit,sleuthkit/sleuthkit,2378,588,C,,,15,0,3,10,1,nan,nan 
lxml,lxml/lxml,2470,577,Python,bsd-3-clause,"BSD 3-Clause ""New"" or ""Revised"" License",6,0,0,6,0,nan,nan 
sass,sass/libsass,4317,520,C++,other,Other,27,0,1,24,0,7.236708860759495,9.8 
mathjax,mathjax/MathJax,9635,1182,,apache-2.0,Apache License 2.0,2,0,0,1,0,6.975,7.5 
zenphoto,zenphoto/zenphoto,290,125,PHP,other,Other,22,0,1,20,0,nan,nan 
eclipse,eclipse/mosquitto,7849,2238,C,other,Other,23,0,0,17,2,6.771356783919596,8.1 
ua-parser,ua-parser/uap-core,691,438,JavaScript,other,Other,3,0,0,3,0,5.8500000000000005,7.5 
rdesktop,rdesktop/rdesktop,1200,433,C,gpl-3.0,GNU General Public License v3.0,24,0,13,11,0,nan,nan 
TheHive-Project,TheHive-Project/Cortex,1164,204,Scala,agpl-3.0,GNU Affero General Public License v3.0,1,0,0,1,0,7.2,7.2 
E2OpenPlugins,E2OpenPlugins/e2openplugin-OpenWebif,196,232,JavaScript,gpl-3.0,GNU General Public License v3.0,4,0,1,2,1,7.923333333333336,9.8 
zhutougg,zhutougg/c3p0,0,0,Java,other,Other,2,0,1,1,0,8.65,9.8 
libxsmm,libxsmm/libxsmm,756,177,C,bsd-3-clause,"BSD 3-Clause ""New"" or ""Revised"" License",0,0,0,0,0,, 
cacalabs,cacalabs/libcaca,482,65,C,wtfpl,Do What The F*ck You Want To Public License,10,0,0,10,0,7.89272727272728,8.8 
hs-web,hs-web/hsweb-framework,8167,3048,Java,apache-2.0,Apache License 2.0,2,0,0,2,0,7.45,8.8 
winscp,winscp/winscp,2097,286,C,other,Other,7,0,2,4,1,7.292682926829271,9.8 
mc2-project,mc2-project/opaque-sql,174,74,Scala,apache-2.0,Apache License 2.0,0,0,0,0,0,, 
highcharts,highcharts/highcharts,11631,3471,TypeScript,other,Other,2,0,0,1,1,5.59090909090909,7.5 
isaacs,isaacs/node-tar,775,187,JavaScript,blueoak-1.0.0,Blue Oak Model License 1.0.0,3,0,0,3,0,8.433333333333332,8.6 
mafintosh,mafintosh/tar-fs,343,79,JavaScript,mit,MIT License,1,0,0,1,0,7.5,7.5 
melnaron,melnaron/mel-spintax,18,5,JavaScript,,,1,0,0,0,0,7.5,7.5 
helpyio,helpyio/helpy,2317,491,Ruby,mit,MIT License,3,0,0,2,0,6.279999999999999,8.8 
mailpile,mailpile/Mailpile,8762,1045,Python,other,Other,1,0,0,1,0,7.5,7.5 
Laravel-Backpack,Laravel-Backpack/CRUD,2789,864,PHP,mit,MIT License,1,0,0,1,0,6.1,6.1 
balderdashy,balderdashy/sails-hook-sockets,23,51,JavaScript,,,1,0,0,1,0,7.5,7.5 
oblac,oblac/jodd,4035,771,Java,bsd-2-clause,"BSD 2-Clause ""Simplified"" License",1,0,1,0,0,9.8,9.8 
jaw187,jaw187/node-traceroute,25,20,JavaScript,,,1,0,1,0,0,9.8,9.8 
darktable-org,darktable-org/rawspeed,312,113,C++,lgpl-2.1,GNU Lesser General Public License v2.1,1,0,1,0,0,9.8,9.8 
encode,encode/django-rest-framework,26586,6790,Python,other,Other,2,0,0,1,0,6.1000000000000005,6.1 
cloudfoundry,cloudfoundry/archiver,26,16,Go,apache-2.0,Apache License 2.0,1,0,0,0,0,9.1,9.1 
nmanousos,nmanousos/email-existence,107,55,JavaScript,,,1,0,0,0,0,7.5,7.5 
shred,shred/cilla,3,1,Java,agpl-3.0,GNU Affero General Public License v3.0,1,0,0,0,0,5.4,5.4 
harvesthq,harvesthq/chosen,21950,4172,HTML,other,Other,1,0,0,0,0,6.1,6.1 
JmPotato,JmPotato/Pomash,66,8,Python,mit,MIT License,1,0,0,0,0,6.1,6.1 
perl-catalyst,perl-catalyst/Catalyst-Plugin-Session,2,4,Perl,,,1,0,0,0,0,6.1,6.1 
moappi,moappi/json2html,606,136,JavaScript,mit,MIT License,1,0,0,0,0,6.1,6.1 
jeffcoughlin,jeffcoughlin/farcrysolrpro,10,8,ColdFusion,other,Other,1,0,0,0,0,6.1,6.1 
yola,yola/yolapi,2,0,Python,,,1,0,0,0,0,6.1,6.1 
mikebharris,mikebharris/simple_php_link_shortener,1,1,PHP,gpl-2.0,GNU General Public License v2.0,1,0,0,0,0,9.8,9.8 
jasonmayes,jasonmayes/Twitter-Post-Fetcher,908,241,JavaScript,other,Other,1,0,0,0,0,6.1,6.1 
jessfraz,jessfraz/pastebinit,73,12,Go,mit,MIT License,1,0,0,0,0,5.3,5.3 
go-macaron,go-macaron/csrf,8,12,Go,apache-2.0,Apache License 2.0,1,0,0,0,0,7.5,7.5 
christian-bromann,christian-bromann/rgb2hex,13,6,JavaScript,mit,MIT License,1,0,0,0,0,7.5,7.5 
flar2,flar2/ElementalX-N9,7,7,C,other,Other,1,0,0,0,0,7.5,7.5 
zenoss,zenoss/ZenPacks.zenoss.Dashboard,6,6,JavaScript,other,Other,1,0,0,0,0,6.1,6.1 
osmlab,osmlab/show-me-the-way,125,45,JavaScript,mit,MIT License,1,0,0,0,0,6.1,6.1 
wikimedia,wikimedia/mediawiki-extensions-I18nTags,0,0,PHP,gpl-2.0,GNU General Public License v2.0,1,0,0,0,0,6.1,6.1 
PeterMu,PeterMu/nodebatis,36,7,JavaScript,,,1,0,0,0,0,9.8,9.8 
JoomGallery,JoomGallery/JoomGallery,18,29,PHP,gpl-3.0,GNU General Public License v3.0,1,0,0,0,0,7.2,7.2 
devent,devent/globalpom-utils,0,0,Java,apache-2.0,Apache License 2.0,1,0,0,0,0,9.8,9.8 
polterguy,polterguy/phosphorusfive,176,35,C#,gpl-3.0,GNU General Public License v3.0,1,0,0,0,0,9.8,9.8 
roxlukas,roxlukas/lmeve,53,13,JavaScript,other,Other,2,0,0,0,0,9.8,9.8 
lojban,lojban/jbovlaste,31,11,Ruby,,,1,0,0,0,0,9.8,9.8 
Newcomer1989,Newcomer1989/TSN-Ranksystem,138,61,PHP,gpl-3.0,GNU General Public License v3.0,1,0,0,0,0,6.1,6.1 
Prestaul,Prestaul/skeemas,11,1,JavaScript,mit,MIT License,1,0,0,0,0,7.5,7.5 
karsany,karsany/obridge,23,12,Java,mit,MIT License,1,0,0,0,0,9.8,9.8 
timbuckingham,timbuckingham/bigtree-events,1,3,PHP,,,1,0,0,0,0,9.8,9.8 
serbanghita,serbanghita/Mobile-Detect,10375,2702,PHP,mit,MIT License,1,0,0,0,0,6.1,6.1 
zwczou,zwczou/weixin-python,1457,429,Python,,,1,0,0,0,0,9.8,9.8 
jkup,jkup/pullit,180,12,JavaScript,mit,MIT License,1,0,0,0,0,9.8,9.8 
pingidentity,pingidentity/ssam,6,2,Java,apache-2.0,Apache License 2.0,1,0,0,0,0,6.1,6.1 
sea75300,sea75300/fanpresscm3,0,0,PHP,gpl-3.0,GNU General Public License v3.0,1,0,0,0,0,6.1,6.1 
Arborator,Arborator/arborator-server,24,12,Python,agpl-3.0,GNU Affero General Public License v3.0,1,0,0,0,0,7.5,7.5 
blue-yonder,blue-yonder/postgraas_server,29,9,Python,apache-2.0,Apache License 2.0,1,0,0,0,0,9.8,9.8 
glb,glb/mediawiki-tag-extension-meetup,0,0,PHP,mit,MIT License,1,0,0,0,0,5.3,5.3 
urllib3,urllib3/urllib3,3518,1101,Python,mit,MIT License,11,0,1,6,1,5.553124999999998,9.8 
jarofghosts,jarofghosts/glance,29,4,JavaScript,mit,MIT License,4,0,0,3,0,7.540000000000001,9.3 
pillarjs,pillarjs/resolve-path,31,8,JavaScript,mit,MIT License,1,0,0,1,0,7.5,7.5 
jonschlinkert,jonschlinkert/mixin-deep,80,26,JavaScript,mit,MIT License,2,0,1,1,0,9.3,9.8 
jonschlinkert,jonschlinkert/assign-deep,78,12,JavaScript,mit,MIT License,2,0,0,2,0,8.15,8.8 
lodash,lodash/lodash,57839,7122,JavaScript,other,Other,7,0,0,7,0,7.413636363636362,9.1 
jonschlinkert,jonschlinkert/merge-deep,112,32,JavaScript,mit,MIT License,2,0,1,1,0,9.3,9.8 
jonschlinkert,jonschlinkert/defaults-deep,26,11,JavaScript,mit,MIT License,1,0,0,1,0,8.8,8.8 
omphalos,omphalos/crud-file-server,17,12,JavaScript,unlicense,The Unlicense,2,0,0,2,0,6.8,7.5 
hapijs,hapijs/hoek,479,172,JavaScript,other,Other,2,0,0,1,0,8.45,8.8 
rgrove,rgrove/sanitize,2011,172,HTML,mit,MIT License,4,0,0,2,0,6.75,7.5 
ruby-grape,ruby-grape/grape,9784,1236,Ruby,mit,MIT License,1,0,0,1,0,6.1,6.1 
rails,rails/sprockets,910,805,Ruby,mit,MIT License,2,0,0,2,0,nan,nan 
unshiftio,unshiftio/url-parse,1007,107,JavaScript,mit,MIT License,8,0,2,6,0,6.406249999999998,10.0 
Arsenal21,Arsenal21/simple-download-monitor,7,16,PHP,,,11,0,0,8,3,6.685714285714285,9.0 
GoGentoOSS,GoGentoOSS/SAMLBase,12,5,PHP,,,1,0,0,1,0,7.5,7.5 
facebook,facebook/buck,8566,1229,Java,apache-2.0,Apache License 2.0,1,0,1,0,0,9.8,9.8 
facebookarchive,facebookarchive/nuclide,7823,750,JavaScript,other,Other,1,0,1,0,0,9.799999999999999,9.8 
facebook,facebook/folly,26250,5547,C++,apache-2.0,Apache License 2.0,3,0,2,1,0,9.033333333333333,9.8 
facebook,facebook/proxygen,7924,1542,C++,other,Other,7,0,3,4,0,8.604,9.8 
formspree,formspree/formspree,2791,254,Python,other,Other,1,0,0,1,0,6.1,6.1 
mpv-player,mpv-player/mpv,23990,2687,C,other,Other,3,0,0,2,0,7.216666666666666,8.8 
google,google/fscrypt,816,106,Go,apache-2.0,Apache License 2.0,4,0,1,1,2,6.928571428571428,7.3 
flatpak,flatpak/flatpak,3876,381,C,lgpl-2.1,GNU Lesser General Public License v2.1,11,0,2,7,0,8.007017543859652,9.0 
zblogcn,zblogcn/zblogphp,749,249,PHP,mit,MIT License,20,0,0,15,3,7.0960784313725505,9.8 
WonderCMS,WonderCMS/wondercms,604,150,PHP,mit,MIT License,0,0,0,0,0,, 
DanBloomberg,DanBloomberg/leptonica,1548,369,C,other,Other,13,0,4,7,1,7.479104477611945,9.8 
jupyterhub,jupyterhub/oauthenticator,383,357,Python,bsd-3-clause,"BSD 3-Clause ""New"" or ""Revised"" License",3,0,0,2,1,7.2,8.8 
TestLinkOpenSourceTRMS,TestLinkOpenSourceTRMS/testlink-code,1313,537,PHP,gpl-2.0,GNU General Public License v2.0,10,0,3,6,0,8.33636363636364,9.8 
lurcher,lurcher/unixODBC,75,40,C,lgpl-2.1,GNU Lesser General Public License v2.1,1,0,1,0,0,9.8,9.8 
OPCFoundation,OPCFoundation/UA-.NETStandard,1741,880,C#,other,Other,13,0,0,9,3,7.045454545454547,7.5 
OPCFoundation,OPCFoundation/UA-.NET-Legacy,330,295,C#,,,6,0,0,4,2,7.517241379310345,8.8 
myshenin,myshenin/aws-lambda-multipart-parser,75,76,JavaScript,mit,MIT License,1,0,0,1,0,7.5,7.5 
Enalean,Enalean/tuleap,906,263,PHP,,,31,0,3,16,2,nan,nan 
zkat,zkat/ssri,81,15,JavaScript,other,Other,2,0,0,2,0,6.7,7.5 
zonemaster,zonemaster/Zonemaster-GUI--ARCHIVED-OLD-VERSION-NOT-TO-BE-USED,3,11,JavaScript,other,Other,0,0,0,0,0,, 
voten-co,voten-co/voten,1258,243,PHP,apache-2.0,Apache License 2.0,1,0,0,1,0,6.1,6.1 
simplesamlphp,simplesamlphp/saml2,267,134,PHP,lgpl-2.1,GNU Lesser General Public License v2.1,4,0,0,2,0,7.521428571428571,8.1 
ronf,ronf/asyncssh,1407,149,Python,epl-2.0,Eclipse Public License 2.0,3,0,1,0,0,8.075,9.8 
paramiko,paramiko/paramiko,8576,1992,Python,lgpl-2.1,GNU Lesser General Public License v2.1,3,0,1,2,0,8.73076923076923,9.8 
mozilla,mozilla/bleach,2559,253,Python,other,Other,5,0,1,2,0,6.977777777777778,9.8 
jcupitt,jcupitt/libvips,33,5,C,lgpl-2.1,GNU Lesser General Public License v2.1,1,0,0,1,0,7.5,7.5 
silnrsi,silnrsi/graphite,135,40,C++,other,Other,8,0,0,8,0,8.765909090909098,9.1 
apache,apache/cxf-fediz,20,32,Java,apache-2.0,Apache License 2.0,6,0,1,5,0,8.887179487179493,9.8 
sshock,sshock/AFFLIBv3,74,21,C++,other,Other,1,0,0,1,0,6.5,6.5 
qos-ch,qos-ch/slf4j,2191,995,Java,mit,MIT License,1,0,1,0,0,9.8,9.8 
pyeve,pyeve/eve,6647,755,Python,other,Other,1,0,1,0,0,9.8,9.8 
pojome,pojome/activity-log,167,52,PHP,,,1,0,0,1,0,6.1,6.1 
libyal,libyal/libevt,54,25,C,lgpl-3.0,GNU Lesser General Public License v3.0,1,0,0,0,1,5.5,5.5 
IdentityServer,IdentityServer/IdentityServer4,9116,3943,C#,apache-2.0,Apache License 2.0,2,0,0,2,0,6.1000000000000005,6.1 
rap2hpoutre,rap2hpoutre/laravel-log-viewer,3060,373,PHP,mit,MIT License,1,0,0,1,0,7.5,7.5 
CDCgov,CDCgov/MicrobeTrace,80,37,TypeScript,,,2,0,2,0,0,7.8,7.8 
Studio-42,Studio-42/elFinder,4507,1422,JavaScript,other,Other,12,0,6,4,1,8.012903225806454,9.8 
perwendel,perwendel/spark,9552,1582,Java,apache-2.0,Apache License 2.0,2,0,0,2,0,6.9923076923076914,7.5 
Yubico,Yubico/yubico-pam,656,112,C,bsd-2-clause,"BSD 2-Clause ""Simplified"" License",1,0,0,1,0,8.2,8.2 
signalapp,signalapp/Signal-iOS,10167,2855,Swift,agpl-3.0,GNU Affero General Public License v3.0,4,0,1,3,0,7.122580645161291,8.6 
peterbraden,peterbraden/node-opencv,4335,870,C++,mit,MIT License,1,0,1,0,0,9.8,9.8 
ServiceStack,ServiceStack/ServiceStack,5282,1625,C#,other,Other,2,0,0,2,0,5.699999999999999,6.1 
google,google/voice-builder,590,133,JavaScript,apache-2.0,Apache License 2.0,1,0,1,0,0,9.8,9.8 
veracrypt,veracrypt/VeraCrypt,5574,892,C,other,Other,5,0,1,3,1,7.69024390243903,7.8 
DCIT,DCIT/perl-Crypt-JWT,54,19,Perl,other,Other,2,0,2,0,0,9.799999999999999,9.8 
univention,univention/univention-corporate-server,164,57,Python,agpl-3.0,GNU Affero General Public License v3.0,2,0,0,1,0,7.772727272727272,7.8 
aquaverde,aquaverde/aquarius-core,2,1,PHP,,,3,0,0,3,0,8.266666666666667,9.8 
docker,docker/docker-credential-helpers,945,181,Go,mit,MIT License,1,0,0,0,1,5.5,5.5 
hasura,hasura/graphql-engine,30454,2731,TypeScript,apache-2.0,Apache License 2.0,3,0,0,1,0,8.583333333333332,8.8 
discourse,discourse/discourse,39038,8158,Ruby,gpl-2.0,GNU General Public License v2.0,104,0,2,25,4,nan,nan 
totaljs,totaljs/cms,194,87,HTML,mit,MIT License,14,0,5,6,2,7.46153846153846,9.9 
fusioninventory,fusioninventory/fusioninventory-for-glpi,349,152,PHP,agpl-3.0,GNU Affero General Public License v3.0,1,0,0,1,0,7.5,7.5 
robo-code,robo-code/robocode,669,272,Java,other,Other,2,0,1,1,0,nan,nan 
domoticz,domoticz/domoticz,3347,1137,C++,gpl-3.0,GNU General Public License v3.0,3,0,1,1,1,5.941666666666666,9.8 
relekang,relekang/django-nopassword,181,40,Python,mit,MIT License,1,0,0,1,0,7.5,7.5 
patriksimek,patriksimek/vm2,3787,282,JavaScript,mit,MIT License,13,0,3,0,0,9.720000000000002,10.0 
catfan,catfan/Medoo,4736,1212,PHP,mit,MIT License,1,0,1,0,0,9.8,9.8 
ioBroker,ioBroker/ioBroker.admin,263,74,JavaScript,mit,MIT License,1,0,1,0,0,9.8,9.8 
ioBroker,ioBroker/ioBroker.js-controller,287,56,TypeScript,mit,MIT License,1,0,0,1,0,7.5,7.5 
kellyselden,kellyselden/git-diff-apply,9,15,JavaScript,mit,MIT License,1,0,1,0,0,9.8,9.8 
schema-inspector,schema-inspector/schema-inspector,500,46,JavaScript,mit,MIT License,1,0,0,1,0,7.5,7.5 
airsonic,airsonic/airsonic,1979,232,Java,gpl-3.0,GNU General Public License v3.0,3,0,2,1,0,9.799999999999999,9.8 
Turistforeningen,Turistforeningen/node-im-resize,20,11,JavaScript,mit,MIT License,1,0,1,0,0,9.8,9.8 
Turistforeningen,Turistforeningen/node-im-metadata,3,13,JavaScript,mit,MIT License,1,0,1,0,0,9.8,9.8 
dottgonzo,dottgonzo/node-promise-probe,0,0,TypeScript,,,1,0,1,0,0,9.8,9.8 
diegohaz,diegohaz/bodymen,48,13,JavaScript,other,Other,2,0,1,1,0,6.8,7.3 
rhalff,rhalff/dot-object,462,42,JavaScript,mit,MIT License,1,0,0,1,0,6.3,6.3 
remy,remy/undefsafe,70,9,JavaScript,mit,MIT License,1,0,0,1,0,6.3,6.3 
eiskalteschatten,eiskalteschatten/compile-sass,4,3,TypeScript,mit,MIT License,1,0,1,0,0,8.2,8.2 
codecov,codecov/codecov-python,184,187,Python,apache-2.0,Apache License 2.0,1,0,0,1,0,6.5,6.5 
kucherenko,kucherenko/blamer,5,8,TypeScript,mit,MIT License,3,0,2,0,0,9.683333333333334,9.8 
xcritical-software,xcritical-software/utilitify,2,1,TypeScript,mit,MIT License,1,0,0,1,0,8.8,8.8 
spip,spip/SPIP,79,28,PHP,,,50,0,13,30,3,nan,nan 
matrix-org,matrix-org/sydent,269,81,Python,apache-2.0,Apache License 2.0,7,0,0,5,1,6.890476190476191,7.5 
xjodoin,xjodoin/torpedoquery,80,18,Java,apache-2.0,Apache License 2.0,1,0,1,0,0,9.8,9.8 
arrow-kt,arrow-kt/arrow,5825,428,Kotlin,other,Other,1,0,0,1,0,5.9,5.9 
ccxvii,ccxvii/mujs,744,91,C,,,29,0,7,19,0,7.719298245614027,9.8 
strukturag,strukturag/libheif,1390,261,C++,other,Other,8,0,0,4,0,8.335000000000004,8.8 
snapcore,snapcore/snapd,1788,568,Go,gpl-3.0,GNU General Public License v3.0,12,0,1,8,1,8.090425531914889,10.0 
mnelson4,mnelson4/printmyblog,16,5,PHP,gpl-3.0,GNU General Public License v3.0,1,0,1,0,0,9.8,9.8 
pjsip,pjsip/pjproject,1667,692,C,gpl-2.0,GNU General Public License v2.0,32,0,11,15,0,8.868141592920345,9.8 
facebook,facebook/mcrouter,3170,541,C++,mit,MIT License,2,0,0,2,0,7.5,7.5 
facebookincubator,facebookincubator/fizz,1075,161,C++,other,Other,3,0,1,1,0,7.5,7.5 
koral--,koral--/android-gif-drawable,9443,1806,Java,other,Other,3,0,1,2,0,9.469999999999999,9.8 
facebook,facebook/fbthrift,2502,629,C++,apache-2.0,Apache License 2.0,9,0,1,8,0,7.709090909090909,9.8 
Supervisor,Supervisor/supervisor,7979,1233,Python,other,Other,2,0,1,1,0,8.5,8.8 
Yubico,Yubico/pam-u2f,498,74,C,bsd-2-clause,"BSD 2-Clause ""Simplified"" License",2,0,0,2,0,7.8,8.1 
blogifierdotnet,blogifierdotnet/Blogifier,1221,495,C#,mit,MIT License,2,0,1,0,0,7.300000000000001,9.8 
dollarshaveclub,dollarshaveclub/shave,2117,125,JavaScript,mit,MIT License,1,0,0,1,0,6.1,6.1 
twisted,twisted/twisted,5247,1180,Python,other,Other,11,0,2,7,0,6.365000000000004,9.8 
webbukkit,webbukkit/dynmap,1923,405,Java,apache-2.0,Apache License 2.0,1,0,0,1,0,5.3,5.3 
stdonato,stdonato/glpi-dashboard,41,40,PHP,gpl-2.0,GNU General Public License v2.0,2,0,1,1,0,7.050000000000001,9.8 
hapifhir,hapifhir/hapi-fhir,1795,1285,Java,apache-2.0,Apache License 2.0,2,0,0,2,0,5.699999999999999,6.1 
libming,libming/libming,104,38,C,lgpl-2.1,GNU Lesser General Public License v2.1,69,0,0,67,0,6.672704714640199,8.8 
jgraph,jgraph/mxgraph,6648,2034,HTML,other,Other,3,0,1,1,0,7.025,9.8 
npm,npm/fstream,205,52,JavaScript,isc,ISC License,1,0,0,1,0,7.5,7.5 
linuxdeepin,linuxdeepin/deepin-clone,64,30,C++,gpl-3.0,GNU General Public License v3.0,4,0,0,4,0,5.675,7.0 
RainLoop,RainLoop/rainloop-webmail,3994,850,PHP,mit,MIT License,1,0,0,1,0,6.1,6.1 
nuxt,nuxt/nuxt,48313,4525,TypeScript,mit,MIT License,2,0,0,0,0,6.436363636363637,9.8 
GreycLab,GreycLab/CImg,1343,265,C++,other,Other,1,0,0,0,0,5.5,5.5 
minimagick,minimagick/minimagick,2784,349,Ruby,mit,MIT License,2,0,1,1,0,nan,nan 
wpeverest,wpeverest/everest-forms,28,13,PHP,other,Other,2,0,1,1,0,6.4363636363636365,9.8 
impress-org,impress-org/givewp,310,186,PHP,gpl-3.0,GNU General Public License v3.0,0,0,0,0,0,, 
AntSwordProject,AntSwordProject/antSword,3059,522,JavaScript,mit,MIT License,3,0,0,3,0,8.79230769230769,9.6 
mastercactapus,mastercactapus/proxyprotocol,11,8,Go,apache-2.0,Apache License 2.0,1,0,0,1,0,7.5,7.5 
troglobit,troglobit/ssdp-responder,56,19,C,isc,ISC License,1,0,0,1,0,7.5,7.5 
WWBN,WWBN/AVideo,1781,957,JavaScript,other,Other,46,0,0,5,0,7.469806094182829,9.9 
Sigil-Ebook,Sigil-Ebook/Sigil,5379,571,C++,gpl-3.0,GNU General Public License v3.0,1,0,0,1,0,7.5,7.5 
phaag,phaag/nfdump,696,180,C,other,Other,2,0,0,2,0,7.772727272727272,7.8 
stephane,stephane/libmodbus,2941,1611,C,lgpl-2.1,GNU Lesser General Public License v2.1,3,0,0,2,0,8.666666666666666,9.1 
3proxy,3proxy/3proxy,3291,756,C,other,Other,0,0,0,0,0,, 
awslabs,awslabs/aws-js-s3-explorer,779,276,HTML,apache-2.0,Apache License 2.0,1,0,0,1,0,6.1,6.1 
firefly-iii,firefly-iii/firefly-iii,11629,1131,PHP,agpl-3.0,GNU Affero General Public License v3.0,26,0,0,13,9,6.181481481481482,9.8 
nltk,nltk/nltk,12500,2808,Python,apache-2.0,Apache License 2.0,4,0,0,4,0,7.5,7.5 
keycloak,keycloak/keycloak,17952,5824,Java,apache-2.0,Apache License 2.0,91,0,4,54,7,6.420219435736698,9.8 
att,att/ast,501,170,C,epl-1.0,Eclipse Public License 1.0,1,0,1,0,0,7.8,7.8 
swisspol,swisspol/GCDWebServer,6425,1224,Objective-C,other,Other,1,0,0,1,0,7.5,7.5 
veyon,veyon/veyon,1078,265,C++,gpl-2.0,GNU General Public License v2.0,1,0,1,0,0,6.7,6.7 
enferex,enferex/pdfresurrect,71,13,C,bsd-3-clause,"BSD 3-Clause ""New"" or ""Revised"" License",5,0,0,5,0,7.368749999999999,7.8 
iNextrix,iNextrix/ASTPP,145,162,PHP,agpl-3.0,GNU Affero General Public License v3.0,1,0,0,1,0,7.5,7.5 
ehang-io,ehang-io/nps,27544,5015,Go,gpl-3.0,GNU General Public License v3.0,0,0,0,0,0,, 
gopro,gopro/gpmf-parser,477,100,C,apache-2.0,Apache License 2.0,18,0,5,13,0,8.477669902912622,9.8 
mitogen-hq,mitogen-hq/mitogen,2191,186,Python,bsd-3-clause,"BSD 3-Clause ""New"" or ""Revised"" License",0,0,0,0,0,, 
Schine,Schine/MW-OAuth2Client,21,57,PHP,lgpl-3.0,GNU Lesser General Public License v3.0,1,0,0,1,0,8.8,8.8 
the-tcpdump-group,the-tcpdump-group/libpcap,2355,799,C,other,Other,170,0,125,43,0,nan,nan 
knik0,knik0/faad2,139,63,C,other,Other,37,0,6,29,0,6.188151658767762,7.8 
LINBIT,LINBIT/csync2,128,38,C,gpl-2.0,GNU General Public License v2.0,2,0,1,1,0,6.425000000000001,9.8 
gchq,gchq/CyberChef,23067,2746,JavaScript,apache-2.0,Apache License 2.0,1,0,0,1,0,6.1,6.1 
rustls,rustls/rustls,4917,536,Rust,other,Other,0,0,0,0,0,, 
TurboVNC,TurboVNC/turbovnc,657,131,C,gpl-2.0,GNU General Public License v2.0,1,0,1,0,0,9.8,9.8 
CendioOssman,CendioOssman/tigervnc,9,1,C++,gpl-2.0,GNU General Public License v2.0,5,0,0,5,0,7.2,7.2 
fontforge,fontforge/fontforge,5680,660,C,other,Other,15,0,1,14,0,7.753271028037375,9.8 
netdisco,netdisco/netdisco,539,75,Perl,bsd-3-clause,"BSD 3-Clause ""New"" or ""Revised"" License",3,0,0,1,0,5.449999999999999,6.1 
slicer69,slicer69/doas,709,50,C,bsd-2-clause,"BSD 2-Clause ""Simplified"" License",2,0,2,0,0,9.3,9.8 
libexpat,libexpat/libexpat,919,422,C,mit,MIT License,26,0,9,15,0,nan,nan 
OpenSC,OpenSC/pam_p11,21,19,C,lgpl-2.1,GNU Lesser General Public License v2.1,1,0,0,1,0,7.5,7.5 
goharbor,goharbor/harbor,21165,4477,Go,apache-2.0,Apache License 2.0,13,0,0,11,0,6.489285714285701,8.8 
diem,diem/diem,16689,2619,Rust,apache-2.0,Apache License 2.0,0,0,0,0,0,, 
dino,dino/dino,2127,232,Vala,gpl-3.0,GNU General Public License v3.0,5,0,0,4,0,6.529999999999997,7.5 
nayutaco,nayutaco/ptarmigan,132,20,C,apache-2.0,Apache License 2.0,1,0,0,1,0,7.5,7.5 
jhipster,jhipster/generator-jhipster,20960,4040,TypeScript,apache-2.0,Apache License 2.0,4,0,1,2,0,6.135714285714284,9.8 
gradle,gradle/gradle,15397,4430,Groovy,apache-2.0,Apache License 2.0,31,0,2,20,3,6.999612403100771,9.8 
simpleledger,simpleledger/slp-validate.js,8,17,TypeScript,,,2,0,0,2,0,6.2272727272727275,7.5 
simpleledger,simpleledger/slpjs,39,48,TypeScript,,,3,0,0,3,0,7.3999999999999995,8.6 
mpetroff,mpetroff/pannellum,3935,701,JavaScript,mit,MIT License,1,0,0,1,0,6.1,6.1 
pow-auth,pow-auth/pow_assent,305,48,Elixir,mit,MIT License,1,0,0,0,1,5.5,5.5 
labd,labd/wagtail-2fa,79,42,Python,mit,MIT License,2,0,0,2,0,8.700000000000001,8.8 
Sylius,Sylius/Sylius,7525,2066,PHP,mit,MIT License,9,0,0,8,1,5.776190476190477,8.2 
line,line/armeria,4479,844,Java,apache-2.0,Apache License 2.0,3,0,0,2,0,7.166666666666667,7.5 
commenthol,commenthol/serialize-to-js,24,13,JavaScript,mit,MIT License,2,0,1,1,0,7.95,9.8 
PHPSocialNetwork,PHPSocialNetwork/phpfastcache,2317,491,PHP,mit,MIT License,2,0,1,1,0,7.050000000000001,9.8 
excon,excon/excon,1146,279,Ruby,mit,MIT License,1,0,0,1,0,5.9,5.9 
WordPress,WordPress/wordpress-develop,2114,2192,PHP,gpl-2.0,GNU General Public License v2.0,31,0,5,15,11,6.029714285714278,9.8 
Pylons,Pylons/waitress,1310,165,Python,other,Other,7,0,0,7,0,7.35,8.2 
prasathmani,prasathmani/tinyfilemanager,4169,1580,PHP,gpl-3.0,GNU General Public License v3.0,11,0,2,5,1,7.898214285714292,9.8 
zcash,zcash/zcash,4798,2054,C++,other,Other,3,0,0,3,0,7.395238095238096,7.5 
NationalSecurityAgency,NationalSecurityAgency/ghidra,43964,5303,Java,apache-2.0,Apache License 2.0,7,0,1,5,0,8.586885245901646,9.8 
FreePBX,FreePBX/contactmanager,5,8,PHP,gpl-3.0,GNU General Public License v3.0,1,0,0,1,0,6.1,6.1 
FreePBX,FreePBX/manager,2,11,PHP,gpl-2.0,GNU General Public License v2.0,1,0,0,1,0,6.1,6.1 
dspinhirne,dspinhirne/netaddr-rb,21,18,Ruby,apache-2.0,Apache License 2.0,1,0,1,0,0,9.8,9.8 
Automattic,Automattic/mongoose,26159,3791,JavaScript,mit,MIT License,4,0,0,1,0,9.566666666666666,9.8 
libssh2,libssh2/libssh2,1199,514,C,bsd-3-clause,"BSD 3-Clause ""New"" or ""Revised"" License",12,0,1,10,0,8.835294117647067,9.1 
tbeu,tbeu/matio,308,97,C,bsd-2-clause,"BSD 2-Clause ""Simplified"" License",24,0,1,23,0,7.903896103896107,9.8 
libvips,libvips/libvips,8490,629,C,lgpl-2.1,GNU Lesser General Public License v2.1,6,0,0,5,0,6.923809523809522,8.8 
GNUAspell,GNUAspell/aspell,220,52,ReScript,lgpl-2.1,GNU Lesser General Public License v2.1,2,0,0,2,0,9.099999999999998,9.1 
OSGeo,OSGeo/gdal,4099,2213,C++,other,Other,4,0,1,3,0,7.94,9.8 
SonarSource,SonarSource/sonarqube,8162,1898,Java,lgpl-3.0,GNU Lesser General Public License v3.0,4,0,0,4,0,5.712903225806455,7.5 
adaltas,adaltas/node-csv-parse,810,170,,,,1,0,0,1,0,7.5,7.5 
libidn,libidn/libidn2,12,5,C,gpl-3.0,GNU General Public License v3.0,1,0,1,0,0,9.8,9.8 
bminor,bminor/bash,537,165,C,,,1,0,1,0,0,7.8,7.8 
fribidi,fribidi/fribidi,303,97,C,lgpl-2.1,GNU Lesser General Public License v2.1,4,0,0,1,0,6.336363636363637,7.8 
alanxz,alanxz/rabbitmq-c,1669,662,C,mit,MIT License,2,0,1,0,0,6.575,9.8 
SparkDevNetwork,SparkDevNetwork/Rock,527,327,C#,,,3,0,3,0,0,9.800000000000002,9.8 
ankane,ankane/chartkick,6189,558,Ruby,mit,MIT License,3,0,1,1,1,5.699999999999999,7.3 
projectacrn,projectacrn/acrn-hypervisor,1016,484,C,bsd-3-clause,"BSD 3-Clause ""New"" or ""Revised"" License",8,0,0,8,0,7.5055555555555555,7.8 
nov,nov/json-jwt,292,73,Ruby,mit,MIT License,2,0,0,2,0,6.4,7.5 
darylldoyle,darylldoyle/svg-sanitizer,428,61,PHP,gpl-2.0,GNU General Public License v2.0,4,0,0,3,0,6.566666666666666,7.5 
ProgVal,progval/Limnoria,603,172,Python,other,Other,0,0,0,0,0,, 
d4software,d4software/QueryTree,320,112,JavaScript,lgpl-3.0,GNU Lesser General Public License v3.0,1,0,1,0,0,9.8,9.8 
3s3s,3s3s/opentrade,393,415,JavaScript,mit,MIT License,2,0,1,0,1,6.5,9.8 
python,python/typed_ast,224,56,C,other,Other,2,0,0,2,0,7.5,7.5 
xmidt-org,xmidt-org/cjwt,15,20,C,,,1,0,0,1,0,7.5,7.5 
CESNET,CESNET/libyang,328,257,C,bsd-3-clause,"BSD 3-Clause ""New"" or ""Revised"" License",17,0,2,13,0,7.268750000000002,9.8 
xsmo,xsmo/Image-Uploader-and-Browser-for-CKEditor,17,20,PHP,mit,MIT License,1,0,1,0,0,9.8,9.8 
getk2,getk2/k2,134,100,PHP,gpl-3.0,GNU General Public License v3.0,1,0,1,0,0,9.8,9.8 
verot,verot/class.upload.php,834,392,PHP,gpl-2.0,GNU General Public License v2.0,3,0,2,0,0,9.46153846153846,9.8 
documize,documize/community,1983,205,JavaScript,agpl-3.0,GNU Affero General Public License v3.0,2,0,0,1,0,9.463636363636361,9.8 
SerpicoProject,SerpicoProject/Serpico,1081,380,JavaScript,other,Other,7,0,0,4,3,6.673529411764709,8.8 
FedericoCeratto,FedericoCeratto/nim-httpauth,83,7,Nim,lgpl-3.0,GNU Lesser General Public License v3.0,1,0,0,1,0,7.5,7.5 
SerenityOS,SerenityOS/serenity,26403,2878,C++,bsd-2-clause,"BSD 2-Clause ""Simplified"" License",8,0,1,6,0,8.285714285714286,9.8 
cure53,cure53/DOMPurify,11904,688,JavaScript,other,Other,4,0,0,3,0,6.369230769230769,9.6 
openSUSE,openSUSE/libsolv,467,142,C,other,Other,10,0,0,10,0,6.62,7.5 
paritytech,paritytech/libsecp256k1,162,91,Rust,apache-2.0,Apache License 2.0,3,0,1,2,0,9.283333333333331,9.8 
sctplab,sctplab/usrsctp,615,279,C,bsd-3-clause,"BSD 3-Clause ""New"" or ""Revised"" License",1,0,0,1,0,6.5,6.5 
ravibpatel,ravibpatel/AutoUpdater.NET,2638,701,C#,mit,MIT License,1,0,1,0,0,9.8,9.8 
pion,pion/dtls,527,135,Go,mit,MIT License,4,0,1,3,0,7.525,9.8 
openthread,openthread/openthread,3279,1057,C++,bsd-3-clause,"BSD 3-Clause ""New"" or ""Revised"" License",1,0,1,0,0,9.8,9.8 
gzpan123,gzpan123/pip,0,0,Python,mit,MIT License,1,0,0,1,0,7.5,7.5 
handlebars-lang,handlebars-lang/handlebars.js,17465,2110,JavaScript,mit,MIT License,5,0,4,1,0,8.985714285714284,9.8 
influxdata,influxdata/influxdb,26643,3461,Rust,apache-2.0,Apache License 2.0,3,0,1,0,1,7.419047619047619,9.8 
Duncaen,Duncaen/OpenDoas,569,32,C,other,Other,1,0,0,1,0,8.8,8.8 
libressl,libressl/portable,1257,272,C,other,Other,0,0,0,0,0,, 
gnuaspell,GNUAspell/aspell,220,52,ReScript,lgpl-2.1,GNU Lesser General Public License v2.1,2,0,0,2,0,9.099999999999998,9.1 
ajenti,ajenti/ajenti,7238,838,Python,mit,MIT License,9,0,0,8,1,nan,nan 
tendermint,tendermint/tendermint,5563,2115,Go,apache-2.0,Apache License 2.0,4,0,0,3,0,6.05,7.5 
goadesign,goadesign/goa,5331,596,Go,mit,MIT License,1,0,0,0,0,7.5,7.5 
manugarg,manugarg/pacparser,464,113,C,lgpl-3.0,GNU Lesser General Public License v3.0,2,0,0,0,0,6.254545454545456,7.8 
sindresorhus,sindresorhus/hide-files-on-github,315,40,TypeScript,mit,MIT License,1,0,0,0,0,6.1,6.1 
GNOME,GNOME/gvdb,2,3,C,lgpl-2.1,GNU Lesser General Public License v2.1,1,0,0,0,0,8.8,8.8 
IET-OU,IET-OU/open-media-player,13,1,PHP,other,Other,1,0,0,0,0,5.4,5.4 
RamseyK,RamseyK/httpserver,74,37,C++,apache-2.0,Apache License 2.0,1,0,0,0,0,7.5,7.5 
ytti,ytti/oxidized-web,106,69,JavaScript,,,1,0,0,0,0,5.4,5.4 
Morgawr,Morgawr/Muon,10,1,Clojure,,,1,0,0,0,0,7.5,7.5 
FreePBX,FreePBX/arimanager,2,7,PHP,gpl-3.0,GNU General Public License v3.0,1,0,0,0,0,6.1,6.1 
nsupdate-info,nsupdate-info/nsupdate.info,972,111,Python,other,Other,1,0,0,0,0,5.3,5.3 
Nakiami,Nakiami/mellivora,428,172,PHP,gpl-3.0,GNU General Public License v3.0,1,0,0,0,0,4.8,4.8 
dragonexpert,dragonexpert/recentthreads,8,2,PHP,other,Other,1,0,0,0,0,5.4,5.4 
innologi,innologi/typo3-appointments,1,1,PHP,gpl-3.0,GNU General Public License v3.0,1,0,0,0,0,6.1,6.1 
kakwa,kakwa/ldapcherry,220,70,Python,mit,MIT License,1,0,0,0,0,6.1,6.1 
soerennb,soerennb/extplorer,57,23,PHP,mit,MIT License,9,0,2,3,1,nan,nan 
kmackay,kmackay/micro-ecc,1145,439,PHP,bsd-2-clause,"BSD 2-Clause ""Simplified"" License",1,0,0,1,0,7.5,7.5 
Arthmoor,Arthmoor/QSF-Portal,3,3,PHP,gpl-2.0,GNU General Public License v2.0,1,0,0,0,0,5.3,5.3 
happyman,happyman/twmap,78,21,PHP,gpl-2.0,GNU General Public License v2.0,2,0,0,1,0,6.840000000000001,9.8 
OnShift,OnShift/turbogears,0,10,Python,other,Other,1,0,0,0,0,9.8,9.8 
ariabuckles,ariabuckles/simple-markdown,504,103,JavaScript,mit,MIT License,3,0,0,1,0,6.566666666666667,7.5 
rtcwcoop,rtcwcoop/rtcwcoop,74,12,C,gpl-3.0,GNU General Public License v3.0,1,0,0,0,0,7.5,7.5 
lgommans,lgommans/dro.pm,19,5,HTML,gpl-3.0,GNU General Public License v3.0,1,0,0,0,0,6.1,6.1 
robrichards,robrichards/xmlseclibs,366,183,PHP,bsd-3-clause,"BSD 3-Clause ""New"" or ""Revised"" License",1,0,0,1,0,8.8,8.8 
facebook,facebook/wangle,3008,547,C++,apache-2.0,Apache License 2.0,2,0,1,1,0,7.8500000000000005,9.8 
rpm-software-management,rpm-software-management/libcomps,28,36,C,gpl-2.0,GNU General Public License v2.0,1,0,0,1,0,8.8,8.8 
Uninett,Uninett/mod_auth_mellon,208,186,,,,4,0,0,4,0,6.766666666666666,8.1 
traccar,traccar/traccar,4415,2390,Java,apache-2.0,Apache License 2.0,4,0,1,1,1,9.276923076923076,9.8 
bower,bower/bower,15023,1941,JavaScript,mit,MIT License,1,0,0,1,0,7.5,7.5 
shirasagi,shirasagi/shirasagi,111,73,JavaScript,mit,MIT License,11,0,0,3,0,5.936956521739131,8.8 
graphpaperpress,graphpaperpress/Sell-Media,58,49,PHP,gpl-2.0,GNU General Public License v2.0,2,0,0,1,0,4.75,6.1 
lua,lua/lua,7449,1505,C,,,14,0,1,10,2,6.479310344827589,9.8 
mnoorenberghe,mnoorenberghe/ZoneMinder,0,0,PHP,gpl-2.0,GNU General Public License v2.0,1,0,0,1,0,6.1,6.1 
cooltey,cooltey/C.P.Sub,10,2,PHP,,,2,0,0,2,0,6.3,6.5 
abcprintf,abcprintf/upload-image-with-ajax,1,0,Hack,,,1,0,1,0,0,9.8,9.8 
ory,ory/hydra,14576,1454,Go,apache-2.0,Apache License 2.0,2,0,0,1,1,5.699999999999999,6.1 
totaljs,totaljs/framework,4333,472,JavaScript,other,Other,7,0,4,2,1,6.57058823529412,9.8 
pixeline,pixeline/bugs,88,24,PHP,mit,MIT License,4,0,1,3,0,6.219354838709674,9.8 
Kong,Kong/docs.konghq.com,188,566,Ruby,mit,MIT License,1,0,1,0,0,9.8,9.8 
Kong,Kong/docker-kong,1308,817,Shell,apache-2.0,Apache License 2.0,1,0,1,0,0,9.8,9.8 
spdk,spdk/spdk,2631,1073,C,other,Other,3,0,0,3,0,6.919047619047619,7.5 
Yubico,Yubico/libu2f-host,321,200,C,gpl-3.0,GNU General Public License v3.0,1,0,0,1,0,7.5,7.5 
w8tcha,w8tcha/CKEditor-oEmbed-Plugin,52,43,JavaScript,mit,MIT License,1,0,1,0,0,9.8,9.8 
teejee2008,teejee2008/timeshift,4596,287,Vala,lgpl-3.0,GNU Lesser General Public License v3.0,1,0,0,1,0,7.0,7.0 
doorkeeper-gem,doorkeeper-gem/doorkeeper,5211,1071,Ruby,mit,MIT License,6,0,0,5,0,nan,nan 
Zimbra,Zimbra/zm-mailbox,60,87,Java,,,49,0,6,40,2,nan,nan 
perl,Perl/perl5,1752,530,Perl,other,Other,30,0,8,17,1,nan,nan 
JeromeDevome,JeromeDevome/GRR,68,50,PHP,gpl-2.0,GNU General Public License v2.0,2,0,1,1,0,8.5,9.8 
rra,rra/pam-krb5,17,13,C,other,Other,1,0,1,0,0,9.8,9.8 
istio,istio/envoy,34,60,C++,apache-2.0,Apache License 2.0,1,0,0,1,0,7.5,7.5 
Accenture,Accenture/mercury,74,37,Java,apache-2.0,Apache License 2.0,1,0,1,0,0,9.8,9.8 
wagtail,wagtail/wagtail,16228,3478,Python,bsd-3-clause,"BSD 3-Clause ""New"" or ""Revised"" License",9,0,0,1,5,4.967647058823532,6.8 
tmux,tmux/tmux,30852,1978,C,other,Other,1,0,0,1,0,7.8,7.8 
dropwizard,dropwizard/dropwizard,8429,3477,Java,apache-2.0,Apache License 2.0,2,0,2,0,0,8.8,8.8 
Admidio,Admidio/admidio,254,108,PHP,gpl-2.0,GNU General Public License v2.0,7,0,1,4,1,nan,nan 
shopizer-ecommerce,shopizer-ecommerce/shopizer,3288,2859,Java,apache-2.0,Apache License 2.0,13,0,0,8,5,nan,nan 
tortoise,tortoise/tortoise-orm,3910,337,Python,apache-2.0,Apache License 2.0,1,0,0,1,0,8.8,8.8 
Alanaktion,Alanaktion/phproject,375,131,HTML,gpl-3.0,GNU General Public License v3.0,1,0,0,1,0,8.8,8.8 
simpleledger,simpleledger/Electron-Cash-SLP,64,58,Python,mit,MIT License,1,0,0,1,0,8.6,8.6 
certtools,certtools/intelmq-manager,102,55,JavaScript,,,1,0,0,1,0,8.8,8.8 
faye,faye/faye,4383,403,JavaScript,other,Other,2,0,1,1,0,8.8,9.8 
actions,actions/http-client,67,135,TypeScript,other,Other,1,0,0,1,0,7.5,7.5 
moonlight-stream,moonlight-stream/moonlight-ios,853,222,C,gpl-3.0,GNU General Public License v3.0,1,0,0,1,0,8.2,8.2 
Requarks,requarks/wiki,22246,2472,Vue,agpl-3.0,GNU Affero General Public License v3.0,1,0,1,0,0,7.2,7.2 
Sorcery,Sorcery/sorcery,1370,218,Ruby,mit,MIT License,1,0,0,1,0,9.8,9.8 
Lora-net,Lora-net/LoRaMac-node,1774,1072,C,other,Other,2,0,0,1,0,9.3,9.8 
MichaelAquilina,MichaelAquilina/zsh-autoswitch-virtualenv,433,71,Shell,gpl-3.0,GNU General Public License v3.0,1,0,0,1,0,7.8,7.8 
anchore,anchore/anchore-engine,1556,278,Python,apache-2.0,Apache License 2.0,1,0,0,1,0,9.9,9.9 
puma,puma/puma,7504,1420,Ruby,bsd-3-clause,"BSD 3-Clause ""New"" or ""Revised"" License",11,0,0,8,1,7.367741935483871,9.8 
httplib2,httplib2/httplib2,478,194,Python,other,Other,2,0,0,2,0,7.15,7.5 
nghttp2,nghttp2/nghttp2,4410,893,C++,other,Other,5,0,1,2,1,6.506060606060606,9.8 
osquery,osquery/osquery,20733,2492,C++,other,Other,5,0,1,3,1,8.231249999999996,9.1 
kaminari,kaminari/kaminari,8446,1083,Ruby,mit,MIT License,1,0,0,1,0,6.1,6.1 
rainlab,rainlab/blog-plugin,168,144,PHP,mit,MIT License,2,0,0,1,1,5.449999999999999,6.1 
weaveworks,weaveworks/weave,6516,669,Go,apache-2.0,Apache License 2.0,2,0,1,0,1,6.9,8.0 
hyperledger,hyperledger/indy-node,653,641,Python,apache-2.0,Apache License 2.0,4,0,0,2,0,7.6,8.8 
rainlab,rainlab/debugbar-plugin,35,19,Less,mit,MIT License,1,0,0,1,0,9.8,9.8 
getgrav,getgrav/grav,14109,1399,PHP,mit,MIT License,21,0,0,9,6,6.810227272727275,8.8 
argoproj,argoproj/argo-cd,14598,4373,Go,apache-2.0,Apache License 2.0,32,0,2,19,4,nan,nan 
linux4sam,linux4sam/at91bootstrap,105,231,C,,,2,0,0,2,0,7.949999999999999,9.1 
crawl,crawl/crawl,2101,1173,C++,other,Other,1,0,1,0,0,9.8,9.8 
openresty,openresty/lua-nginx-module,10888,2036,C,,,2,0,0,2,0,5.499999999999999,7.5 
canonical,canonical/subiquity,419,130,Python,other,Other,1,0,0,0,0,5.5,5.5 
ntop,ntop/nDPI,3430,859,C,lgpl-3.0,GNU Lesser General Public License v3.0,10,0,3,6,1,7.131578947368421,9.8 
skvadrik,skvadrik/re2c,919,191,C,other,Other,3,0,1,2,0,7.6571428571428575,9.8 
gburton,gburton/CE-Phoenix,131,208,PHP,,,2,0,0,1,1,4.918181818181817,6.1 
Opmantek,Opmantek/open-audit,124,47,PHP,agpl-3.0,GNU Affero General Public License v3.0,15,0,3,8,4,6.931578947368418,9.8 
LibVNC,LibVNC/x11vnc,618,133,C,gpl-2.0,GNU General Public License v2.0,1,0,0,1,0,8.8,8.8 
10gen-archive,10gen-archive/mongo-c-driver-legacy,293,213,C,apache-2.0,Apache License 2.0,1,0,0,1,0,5.5,5.5 
ArtifexSoftware,ArtifexSoftware/jbig2dec,29,16,C,other,Other,6,0,1,4,0,7.21025641025641,9.8 
sourcegraph,sourcegraph/sourcegraph,9120,1183,Go,,,10,0,0,6,0,6.8625,8.8 
AntonKueltz,AntonKueltz/fastecdsa,249,74,Python,unlicense,The Unlicense,1,0,0,1,0,7.5,7.5 
osticket,osTicket/osTicket,2879,1583,PHP,gpl-2.0,GNU General Public License v2.0,18,0,2,8,3,nan,nan 
gssapi,gssapi/gssproxy,35,21,C,other,Other,1,0,1,0,0,9.8,9.8 
iubenda,iubenda/iubenda-cookie-class,6,3,PHP,,,1,0,0,1,0,6.1,6.1 
mjmlio,mjmlio/mjml,15896,939,JavaScript,mit,MIT License,1,0,0,1,0,7.2,7.2 
mjurczak,mjurczak/mbed-coap,0,0,C,apache-2.0,Apache License 2.0,1,0,0,1,0,7.5,7.5 
MISP,MISP/MISP-maltego,159,46,Python,agpl-3.0,GNU Affero General Public License v3.0,1,0,1,0,0,9.8,9.8 
mariadb-corporation,mariadb-corporation/mariadb-connector-c,251,282,C,lgpl-2.1,GNU Lesser General Public License v2.1,1,0,0,1,0,8.8,8.8 
rejetto,rejetto/hfs2,565,130,Pascal,gpl-3.0,GNU General Public License v3.0,1,0,0,1,0,7.5,7.5 
pichi-router,pichi-router/pichi,163,17,C++,bsd-3-clause,"BSD 3-Clause ""New"" or ""Revised"" License",1,0,0,1,0,5.9,5.9 
pgjdbc,pgjdbc/pgjdbc,1334,789,Java,bsd-2-clause,"BSD 2-Clause ""Simplified"" License",7,0,3,2,0,nan,nan 
sabberworm,sabberworm/PHP-CSS-Parser,1679,173,PHP,mit,MIT License,1,0,1,0,0,9.8,9.8 
pupnp,pupnp/pupnp,315,112,C,bsd-3-clause,"BSD 3-Clause ""New"" or ""Revised"" License",6,0,4,2,0,nan,nan 
FGasper,FGasper/p5-Crypt-Perl,4,3,Perl,other,Other,2,0,0,2,0,7.76,8.8 
openbmc,openbmc/phosphor-host-ipmid,30,69,C++,apache-2.0,Apache License 2.0,1,0,0,1,0,8.8,8.8 
zammad,zammad/zammad,3778,683,Ruby,agpl-3.0,GNU Affero General Public License v3.0,71,0,5,42,7,6.498646616541377,9.8 
c-ares,c-ares/c-ares,1685,624,C,mit,MIT License,10,0,1,2,1,6.6093749999999964,9.8 
GNS3,GNS3/ubridge,100,47,C,gpl-3.0,GNU General Public License v3.0,1,0,0,1,0,5.5,5.5 
AXDOOMER,AXDOOMER/doom-vanille,16,2,C,gpl-2.0,GNU General Public License v2.0,1,0,1,0,0,9.8,9.8 
auth0,auth0/express-jwt,4416,447,TypeScript,mit,MIT License,1,0,0,1,0,9.1,9.1 
saleor,saleor/saleor-storefront,767,698,TypeScript,bsd-3-clause,"BSD 3-Clause ""New"" or ""Revised"" License",0,0,0,0,0,, 
FriendsOfTYPO3,FriendsOfTYPO3/mediace,3,14,PHP,gpl-2.0,GNU General Public License v2.0,1,0,1,0,0,9.8,9.8 
npm,npm/cli,7585,3075,JavaScript,other,Other,9,0,1,6,2,nan,nan 
loklak,loklak/loklak_server,1382,220,Java,lgpl-2.1,GNU Lesser General Public License v2.1,1,0,0,1,0,9.1,9.1 
schokokeksorg,schokokeksorg/freewvs,36,5,Python,0bsd,BSD Zero Clause License,2,0,0,1,1,3.3,3.3 
PrestaShop,PrestaShop/dashproducts,5,25,PHP,afl-3.0,Academic Free License v3.0,1,0,0,1,0,6.5,6.5 
jazzband,jazzband/django-two-factor-auth,1491,427,Python,mit,MIT License,0,0,0,0,0,, 
jupyterhub,jupyterhub/kubespawner,495,304,Python,bsd-3-clause,"BSD 3-Clause ""New"" or ""Revised"" License",1,0,0,1,0,8.1,8.1 
symless,symless/synergy-core,9684,3410,C++,gpl-2.0,GNU General Public License v2.0,1,0,0,1,0,6.5,6.5 
spiral-project,spiral-project/ihatemoney,986,249,Python,other,Other,1,0,0,1,0,4.9,4.9 
codecov,codecov/codecov-node,293,161,JavaScript,mit,MIT License,3,0,0,3,0,8.841666666666665,9.3 
intranda,intranda/goobi-viewer-core,19,9,Java,gpl-2.0,GNU General Public License v2.0,4,0,0,1,0,6.199999999999999,6.5 
openapi-generators,openapi-generators/openapi-python-client,874,182,Python,mit,MIT License,1,0,0,1,0,9.0,9.0 
composer,composer/windows-setup,138,75,Inno Setup,mit,MIT License,1,0,0,1,0,8.2,8.2 
NodeBB,NodeBB/NodeBB,13639,2784,JavaScript,gpl-3.0,GNU General Public License v3.0,13,0,0,6,0,6.726470588235294,9.9 
duffelhq,duffelhq/paginator,663,72,Elixir,mit,MIT License,1,0,1,0,0,9.8,9.8 
OpenMage,OpenMage/magento-lts,817,434,PHP,osl-3.0,Open Software License 3.0,15,0,2,7,0,8.061764705882347,9.8 
QuorumDMS,QuorumDMS/ftp-srv,361,112,JavaScript,mit,MIT License,0,0,0,0,0,, 
ampache,ampache/ampache,3343,585,PHP,agpl-3.0,GNU Affero General Public License v3.0,13,0,3,5,2,nan,nan 
psychobunny,psychobunny/nodebb-plugin-blog-comments,101,55,JavaScript,bsd-2-clause,"BSD 2-Clause ""Simplified"" License",1,0,0,1,0,8.1,8.1 
mz-automation,mz-automation/libiec61850,700,403,C,gpl-3.0,GNU General Public License v3.0,29,0,4,19,0,7.639583333333328,9.8 
InternationalScratchWiki,InternationalScratchWiki/mediawiki-scratch-login,3,4,PHP,,,2,0,0,1,0,6.533333333333334,10.0 
zephyrkul,Zephyrkul/FluffyCogs,26,27,Python,gpl-3.0,GNU General Public License v3.0,0,0,0,0,0,, 
accel-ppp,accel-ppp/accel-ppp,196,64,C,gpl-2.0,GNU General Public License v2.0,7,0,5,2,0,9.172727272727279,9.8 
PrestaShop,PrestaShop/contactform,10,39,PHP,afl-3.0,Academic Free License v3.0,1,0,0,1,0,9.3,9.3 
InternationalScratchWiki,InternationalScratchWiki/wiki-scratchsig,0,0,PHP,mit,MIT License,1,0,0,1,0,9.0,9.0 
FlexSolution,FlexSolution/AlfrescoResetPassword,7,11,Java,,,3,0,1,2,0,8.277777777777779,9.8 
russellhaering,russellhaering/goxmldsig,138,114,Go,apache-2.0,Apache License 2.0,2,0,0,2,0,7.166666666666667,7.5 
ory,ory/fosite,2170,343,Go,apache-2.0,Apache License 2.0,4,0,0,4,0,6.425000000000001,8.1 
openenclave,openenclave/openenclave,962,350,C,mit,MIT License,9,0,0,1,5,5.893055555555556,8.2 
apptainer,apptainer/singularity,2467,426,Go,other,Other,0,0,0,0,0,, 
carltongibson,carltongibson/django-filter,4171,748,Python,other,Other,1,0,0,1,0,6.5,6.5 
vapor,vapor/vapor,23332,1435,Swift,mit,MIT License,7,0,0,5,0,8.099999999999998,9.1 
ractf,ractf/core,24,9,Python,agpl-3.0,GNU Affero General Public License v3.0,2,0,0,2,0,9.033333333333333,9.8 
shrinerb,shrinerb/shrine,3115,277,Ruby,mit,MIT License,1,0,0,1,0,5.9,5.9 
horazont,horazont/xmpp-http-upload,23,11,Python,gpl-3.0,GNU General Public License v3.0,1,0,0,1,0,3.5,3.5 
auth0,auth0/omniauth-auth0,112,67,Ruby,mit,MIT License,1,0,0,1,0,9.1,9.1 
TYPO3,TYPO3/Fluid,145,88,PHP,lgpl-3.0,GNU Lesser General Public License v3.0,2,0,0,2,0,6.1,6.1 
junit-team,junit-team/junit4,8472,3275,Java,epl-1.0,Eclipse Public License 1.0,1,0,0,0,1,5.5,5.5 
grocy,grocy/grocy,5690,493,Blade,mit,MIT License,8,0,0,0,2,6.1888888888888856,8.8 
anuko,anuko/timetracker,179,113,PHP,other,Other,13,0,1,7,2,8.015384615384617,9.8 
mariocasciaro,mariocasciaro/object-path,1038,93,JavaScript,mit,MIT License,3,0,1,2,0,8.35,9.8 
containerd,containerd/containerd,15089,3141,Go,apache-2.0,Apache License 2.0,11,0,1,4,3,6.675000000000001,9.1 
wireapp,wireapp/wire-desktop,1059,245,TypeScript,gpl-3.0,GNU General Public License v3.0,11,0,1,8,1,6.138613861386148,9.8 
auth0,auth0/ad-ldap-connector,69,86,JavaScript,mit,MIT License,1,0,0,1,0,8.8,8.8 
waysact,waysact/webpack-subresource-integrity,349,51,TypeScript,mit,MIT License,1,0,0,1,0,3.7,3.7 
orchidsoftware,orchidsoftware/platform,3992,629,PHP,mit,MIT License,2,0,0,1,0,9.463636363636361,9.8 
chocolatey,chocolatey/boxstarter,1219,165,PowerShell,apache-2.0,Apache License 2.0,1,0,1,0,0,7.8,7.8 
spree,spree/spree,12443,4929,Ruby,bsd-3-clause,"BSD 3-Clause ""New"" or ""Revised"" License",7,0,0,7,0,nan,nan 
ericcornelissen,ericcornelissen/git-tag-annotation-action,4,2,Shell,mit,MIT License,1,0,0,1,0,9.6,9.6 
Cog-Creators,Cog-Creators/Red-DiscordBot,4230,2282,Python,gpl-3.0,GNU General Public License v3.0,3,0,0,3,0,8.976190476190476,9.6 
milkytracker,milkytracker/MilkyTracker,1565,157,C++,other,Other,5,0,0,4,0,6.937499999999999,7.8 
mozilla-mobile,mozilla-mobile/guardian-vpn-ios,48,15,Swift,mpl-2.0,Mozilla Public License 2.0,1,0,0,0,0,7.6,7.6 
mozilla-services,mozilla-services/guardian-vpn-windows-deprecated,40,23,C#,mpl-2.0,Mozilla Public License 2.0,0,0,0,0,0,, 
mozilla-mobile,mozilla-mobile/guardian-vpn-android,54,22,Kotlin,mpl-2.0,Mozilla Public License 2.0,1,0,0,0,0,7.6,7.6 
ArtifexSoftware,ArtifexSoftware/ghostpdl,87,40,C,other,Other,1,0,1,0,0,9.8,9.8 
ilanschnell,ilanschnell/bsdiff4,103,25,C,other,Other,1,0,0,1,0,7.8,7.8 
wildfly-security,wildfly-security/soteria,0,2,Java,other,Other,1,0,0,1,0,4.2,4.2 
Mibew,Mibew/mibew,458,206,PHP,other,Other,1,0,0,1,0,6.1,6.1 
manvel-khnkoyan,manvel-khnkoyan/jpv,10,2,JavaScript,mit,MIT License,2,0,1,1,0,6.425,9.8 
flexpaper,flexpaper/pdf2json,286,48,C++,,,14,0,0,14,0,5.5851851851851855,7.8 
facebook,facebook/hermes,8606,624,C++,mit,MIT License,20,0,3,6,0,8.92368421052632,9.8 
94fzb,94fzb/zrlog,337,156,Java,apache-2.0,Apache License 2.0,11,0,1,6,2,8.04146341463415,9.8 
facebook,facebook/react-native,112722,23951,Java,mit,MIT License,1,0,0,1,0,7.5,7.5 
laravel,laravel/framework,30442,10352,PHP,mit,MIT License,15,0,1,10,0,7.718699186991853,9.8 
pts,pts/sam2p,37,15,C++,gpl-2.0,GNU General Public License v2.0,14,0,8,6,0,9.169736842105257,9.8 
syoyo,syoyo/tinyexr,628,123,C++,bsd-3-clause,"BSD 3-Clause ""New"" or ""Revised"" License",13,0,4,8,0,8.432352941176468,9.8 
RackTables,RackTables/racktables,679,248,PHP,gpl-2.0,GNU General Public License v2.0,1,0,0,1,0,6.1,6.1 
pfsense,pfsense/pfsense-packages,257,258,PHP,other,Other,3,0,0,2,0,nan,nan 
plutinosoft,plutinosoft/Platinum,467,137,C++,other,Other,1,0,0,1,0,7.5,7.5 
NLnetLabs,NLnetLabs/ldns,246,93,C,bsd-3-clause,"BSD 3-Clause ""New"" or ""Revised"" License",7,0,2,4,1,nan,nan 
troglobit,troglobit/uftpd,165,32,C,isc,ISC License,5,0,2,3,0,8.122222222222222,9.8 
saitoha,saitoha/libsixel,2314,76,C,mit,MIT License,34,0,4,30,0,7.856505576208161,9.8 
trgil,trgil/gilcc,0,0,C,gpl-2.0,GNU General Public License v2.0,1,0,0,1,0,7.5,7.5 
karsonzhang,karsonzhang/fastadmin,1625,568,JavaScript,apache-2.0,Apache License 2.0,8,0,1,5,2,7.78679245283019,9.8 
nukeviet,nukeviet/module-shops,12,76,PHP,,,1,0,1,0,0,9.8,9.8 
ether,ether/ueberDB,260,90,TypeScript,apache-2.0,Apache License 2.0,1,0,0,1,0,7.5,7.5 
fecshop,fecshop/yii2_fecshop,5124,1411,PHP,bsd-3-clause,"BSD 3-Clause ""New"" or ""Revised"" License",2,0,0,2,0,7.016666666666667,7.2 
pcmacdon,pcmacdon/jsish,37,6,C,mit,MIT License,38,0,3,32,0,5.881388012618294,9.8 
free5gc,free5gc/udm,4,46,Go,apache-2.0,Apache License 2.0,1,0,0,0,0,7.5,7.5 
its-a-feature,its-a-feature/Mythic,2551,384,JavaScript,other,Other,0,0,0,0,0,, 
avast,avast/retdec,7523,934,C++,mit,MIT License,1,0,1,0,0,9.8,9.8 
yhirose,yhirose/cpp-peglib,755,101,C++,mit,MIT License,2,0,0,2,0,5.5,5.5 
kn007,kn007/silk-v3-decoder,2370,588,C,mit,MIT License,1,0,1,0,0,9.8,9.8 
mongo-express,mongo-express/mongo-express,5175,922,JavaScript,mit,MIT License,4,0,2,2,0,7.69,9.9 
RaspAP,RaspAP/raspap-webgui,4127,775,PHP,gpl-3.0,GNU General Public License v3.0,8,0,4,1,0,9.020338983050852,9.8 
mltframework,mltframework/shotcut,9365,1000,C++,gpl-3.0,GNU General Public License v3.0,1,0,0,1,0,5.9,5.9 
KDE,KDE/ark,73,20,C++,other,Other,3,0,0,3,0,nan,nan 
openzfs,openzfs/zfs,9674,1670,C,other,Other,4,0,1,2,0,7.527272727272727,7.8 
objsys,objsys/oocborrt,0,0,C,lgpl-3.0,GNU Lesser General Public License v3.0,1,0,1,0,0,9.8,9.8 
jitsi,jitsi/jitsi-meet-electron,1449,444,JavaScript,apache-2.0,Apache License 2.0,1,0,0,1,0,7.5,7.5 
rweather,rweather/noise-java,125,44,Java,mit,MIT License,3,0,3,0,0,9.8,9.8 
kirilkirkov,kirilkirkov/Ecommerce-CodeIgniter-Bootstrap,1171,930,PHP,mit,MIT License,11,0,0,9,0,6.1,6.1 
FederatedAI,FederatedAI/FATE,5276,1546,Python,apache-2.0,Apache License 2.0,1,0,0,1,0,7.5,7.5 
ruby,ruby/webrick,238,88,Ruby,bsd-2-clause,"BSD 2-Clause ""Simplified"" License",4,0,1,2,1,nan,nan 
ansible-collections,ansible-collections/community.crypto,76,78,Python,other,Other,1,0,0,1,0,7.5,7.5 
gazay,gazay/gon,3036,221,Ruby,mit,MIT License,1,0,0,1,0,6.1,6.1 
pritunl,pritunl/pritunl-client-electron,1132,223,Go,other,Other,5,0,4,1,0,8.144444444444444,9.8 
LiveHelperChat,LiveHelperChat/livehelperchat,1830,685,PHP,apache-2.0,Apache License 2.0,4,0,0,4,0,5.32727272727273,6.1 
nats-io,nats-io/nats.ws,265,26,JavaScript,apache-2.0,Apache License 2.0,1,0,0,1,0,7.5,7.5 
KDE,KDE/kdeconnect-kde,2175,169,C++,,,1,0,0,1,0,5.5,5.5 
salopensource,salopensource/sal,213,61,Python,apache-2.0,Apache License 2.0,1,0,0,0,1,5.4,5.4 
martinjw,martinjw/dbschemareader,282,121,C#,ms-pl,Microsoft Public License,1,0,0,1,0,8.0,8.0 
Fstark-prog,Fstark-prog/jhead,0,0,,,,0,0,0,0,0,, 
BookStackApp,BookStackApp/BookStack,12556,1637,PHP,mit,MIT License,7,0,1,1,4,6.373076923076923,8.8 
kitabisa,kitabisa/teler,2551,222,Go,apache-2.0,Apache License 2.0,2,0,0,1,0,6.45,7.5 
alerta,alerta/alerta,2291,354,Python,apache-2.0,Apache License 2.0,1,0,1,0,0,9.8,9.8 
x-stream,x-stream/xstream,721,224,Java,other,Other,35,0,9,25,0,8.53540983606556,9.9 
dependabot,dependabot/dependabot-core,3605,875,Ruby,mit,MIT License,1,0,0,1,0,8.8,8.8 
PrestaShop,PrestaShop/productcomments,30,85,PHP,afl-3.0,Academic Free License v3.0,3,0,0,2,0,6.8,8.2 
semantic-release,semantic-release/semantic-release,18894,1775,JavaScript,mit,MIT License,2,0,0,2,0,7.8,8.1 
RadarCOVID,RadarCOVID/radar-covid-backend-dp3t-server,81,36,Java,mpl-2.0,Mozilla Public License 2.0,1,0,0,0,1,5.3,5.3 
RadarCOVID,RadarCOVID/radar-covid-ios,145,46,Swift,mpl-2.0,Mozilla Public License 2.0,1,0,0,0,1,5.3,5.3 
RadarCOVID,RadarCOVID/radar-covid-android,385,84,Kotlin,mpl-2.0,Mozilla Public License 2.0,1,0,0,0,1,5.3,5.3 
jupyter-server,jupyter-server/jupyter_server,423,250,Python,bsd-3-clause,"BSD 3-Clause ""New"" or ""Revised"" License",7,0,1,3,0,7.78235294117647,8.8 
sah-comp,sah-comp/bienlein,8,3,PHP,,,1,0,0,0,0,6.5,6.5 
git-ecosystem,git-ecosystem/git-credential-manager,5098,1620,C#,other,Other,0,0,0,0,0,, 
opencast,opencast/opencast,350,220,Java,ecl-2.0,Educational Community License v2.0,16,0,0,13,1,7.6243243243243235,10.0 
ScratchVerifier,ScratchVerifier/ScratchVerifier,16,2,Python,bsd-3-clause,"BSD 3-Clause ""New"" or ""Revised"" License",1,0,0,1,0,7.5,7.5 
highlightjs,highlightjs/highlight.js,22311,3577,JavaScript,bsd-3-clause,"BSD 3-Clause ""New"" or ""Revised"" License",1,0,0,1,0,8.7,8.7 
jmrozanec,jmrozanec/cron-utils,1056,257,Java,apache-2.0,Apache License 2.0,2,0,0,2,0,9.233333333333333,9.8 
ScratchAddons,ScratchAddons/ScratchAddons,575,336,JavaScript,gpl-3.0,GNU General Public License v3.0,1,0,0,0,1,5.4,5.4 
CZ-NIC,CZ-NIC/pyoidc,673,251,Python,other,Other,0,0,0,0,0,, 
sebhildebrandt,sebhildebrandt/systeminformation,2373,302,JavaScript,mit,MIT License,8,0,5,2,0,8.98181818181818,9.8 
Cog-Creators,Cog-Creators/Red-Dashboard,69,45,CSS,agpl-3.0,GNU Affero General Public License v3.0,1,0,0,0,1,8.7,8.7 
open-zaak,open-zaak/open-zaak,38,32,Python,other,Other,1,0,0,1,0,4.7,4.7 
getkirby-v2,getkirby-v2/panel,134,74,PHP,other,Other,2,0,0,2,0,7.5,9.1 
nhosoya,nhosoya/omniauth-apple,246,94,Ruby,mit,MIT License,1,0,0,1,0,7.7,7.7 
getkirby,getkirby/kirby,1080,157,PHP,other,Other,14,0,0,2,4,5.4457627118644085,10.0 
C2FO,C2FO/fast-csv,1453,209,TypeScript,mit,MIT License,1,0,0,0,1,6.5,6.5 
jupyterhub,jupyterhub/systemdspawner,88,49,Python,bsd-3-clause,"BSD 3-Clause ""New"" or ""Revised"" License",1,0,0,0,1,7.9,7.9 
coturn,coturn/coturn,9820,1871,C,other,Other,7,0,3,4,0,8.659016393442624,9.8 
tlsfuzzer,tlsfuzzer/tlslite-ng,196,69,Python,other,Other,2,0,0,2,0,6.045454545454546,7.5 
fleetdm,fleetdm/fleet,1692,300,Go,other,Other,4,0,0,3,1,6.775,9.8 
datacharmer,datacharmer/dbdeployer,684,138,Go,apache-2.0,Apache License 2.0,1,0,0,1,0,6.1,6.1 
ipfs,ipfs/kubo,15483,3085,Go,other,Other,0,0,0,0,0,, 
whyrusleeping,whyrusleeping/tar-utils,4,7,Go,mit,MIT License,2,0,0,1,0,8.6,9.1 
OpenSlides,OpenSlides/OpenSlides,456,147,Shell,mit,MIT License,1,0,0,0,1,8.9,8.9 
browserup,browserup/browserup-proxy,154,42,Java,apache-2.0,Apache License 2.0,1,0,1,0,0,10.0,10.0 
hedgedoc,hedgedoc/hedgedoc,4261,335,TypeScript,agpl-3.0,GNU Affero General Public License v3.0,9,0,0,8,0,6.797222222222217,10.0 
knowledgecode,knowledgecode/date-and-time,179,43,JavaScript,mit,MIT License,1,0,0,1,0,7.5,7.5 
dexidp,dexidp/dex,8546,1582,Go,apache-2.0,Apache License 2.0,3,0,1,1,0,9.508333333333331,9.8 
medialize,medialize/URI.js,6251,551,JavaScript,mit,MIT License,4,0,0,4,0,6.3500000000000005,7.5 
mganss,mganss/HtmlSanitizer,1422,231,C#,mit,MIT License,2,0,0,1,0,6.1,6.1 
go-vela,go-vela/compiler,12,8,Go,apache-2.0,Apache License 2.0,1,0,0,1,0,5.3,5.3 
rust-lang,rust-lang/mdBook,15281,1486,Rust,mpl-2.0,Mozilla Public License 2.0,1,0,0,1,0,6.1,6.1 
vmg,vmg/redcarpet,4904,543,C,mit,MIT License,2,0,1,0,1,nan,nan 
mymarilyn,mymarilyn/clickhouse-driver,1105,201,Python,other,Other,1,0,1,0,0,9.8,9.8 
monero-project,monero-project/monero-gui,1514,775,C,other,Other,1,0,0,1,0,7.8,7.8 
bluez,bluez/bluez,521,215,C,gpl-2.0,GNU General Public License v2.0,27,0,1,14,8,6.2395744680851015,9.1 
erikdubbelboer,erikdubbelboer/phpRedisAdmin,3040,725,PHP,,,3,0,0,1,0,8.233333333333334,9.8 
solokeys,solokeys/solo1,2242,303,C,other,Other,0,0,0,0,0,, 
ttimot24,ttimot24/HorizontCMS,55,19,JavaScript,mit,MIT License,4,0,2,2,0,7.942857142857143,9.8 
scratchfoundation,scratchfoundation/scratch-svg-renderer,38,73,JavaScript,agpl-3.0,GNU Affero General Public License v3.0,0,0,0,0,0,, 
FoldingAtHome,FoldingAtHome/fah-control,122,47,Python,gpl-3.0,GNU General Public License v3.0,1,0,0,0,0,9.8,9.8 
davea42,davea42/libdwarf-code,104,43,C,other,Other,44,0,4,37,0,7.045263157894751,9.8 
neocturne,neocturne/fastd,100,14,C,other,Other,0,0,0,0,0,, 
Security-Onion-Solutions,Security-Onion-Solutions/securityonion,2436,417,Shell,other,Other,1,0,1,0,0,7.8,7.8 
smartstore,smartstore/SmartStoreNET,2604,1481,C#,gpl-3.0,GNU General Public License v3.0,7,0,3,4,0,8.36764705882353,9.8 
togglz,togglz/togglz,874,281,Java,apache-2.0,Apache License 2.0,1,0,0,0,0,8.8,8.8 
hlfshell,hlfshell/controlled-merge,0,1,JavaScript,,,1,0,0,1,0,7.5,7.5 
gemini-testing,gemini-testing/png-img,29,13,JavaScript,mit,MIT License,1,0,0,1,0,8.8,8.8 
mjpclab,mjpclab/object-hierarchy-access,0,0,JavaScript,isc,ISC License,1,0,1,0,0,9.8,9.8 
sharpred,sharpred/deepHas,1,1,JavaScript,,,1,0,1,0,0,9.8,9.8 
rumkin,rumkin/keyget,1,0,JavaScript,mit,MIT License,2,0,2,0,0,9.8,9.8 
ahdinosaur,ahdinosaur/set-in,4,2,JavaScript,,,2,0,2,0,0,9.8,9.8 
isaymatato,isaymatato/deepref,0,0,JavaScript,,,1,0,1,0,0,9.8,9.8 
brocaar,brocaar/chirpstack-network-server,1458,543,Go,mit,MIT License,1,0,0,1,0,6.5,6.5 
ReadyTalk,ReadyTalk/avian,1213,176,C++,other,Other,3,0,1,2,0,7.280000000000001,9.8 
loge5,loge5/conf-cfg-ini,8,1,JavaScript,mit,MIT License,1,0,0,0,0,9.8,9.8 
taoyuan,taoyuan/ntesseract,0,1,JavaScript,other,Other,1,0,0,0,0,9.8,9.8 
MrP,MrP/image-tiler,7,2,JavaScript,mit,MIT License,1,0,0,0,0,9.8,9.8 
s-cart,s-cart/core,13,17,PHP,,,5,0,0,2,3,5.671875,8.8 
s-cart,s-cart/s-cart,564,310,Blade,,,2,0,0,0,2,4.436363636363636,4.8 
DataTables,DataTables/DataTablesSrc,486,407,JavaScript,mit,MIT License,3,0,1,2,0,nan,nan 
evangelion1204,evangelion1204/multi-ini,9,7,JavaScript,mit,MIT License,2,0,2,0,0,9.587499999999999,9.8 
Sdju,Sdju/js-ini,25,6,TypeScript,mit,MIT License,1,0,0,0,0,9.8,9.8 
steveukx,steveukx/properties,75,30,JavaScript,mit,MIT License,1,0,0,0,0,9.8,9.8 
aws,aws/aws-sdk-js-v3,2636,543,TypeScript,apache-2.0,Apache License 2.0,1,0,1,0,0,9.8,9.8 
omrilotan,omrilotan/async-git,3,0,JavaScript,unlicense,The Unlicense,2,0,2,0,0,9.8,9.8 
FasterXML,FasterXML/jackson-dataformats-binary,295,124,Java,apache-2.0,Apache License 2.0,1,0,0,1,0,7.5,7.5 
indutny,indutny/elliptic,1599,409,JavaScript,,,2,0,0,2,0,7.25,7.7 
daylightstudio,daylightstudio/FUEL-CMS,1014,457,PHP,,,32,0,7,11,7,7.746017699115039,9.8 
Matthias-Wandel,Matthias-Wandel/jhead,188,29,C,,,13,0,0,9,0,7.125373134328362,9.8 
projectsend,projectsend/projectsend,1195,293,PHP,gpl-2.0,GNU General Public License v2.0,17,0,6,8,2,nan,nan 
scikit-learn,scikit-learn/scikit-learn,56354,24866,Python,bsd-3-clause,"BSD 3-Clause ""New"" or ""Revised"" License",2,0,1,1,0,9.59090909090909,9.8 
Arsenal21,Arsenal21/all-in-one-wordpress-security,40,29,PHP,,,1,0,0,1,0,6.1,6.1 
Blosc,Blosc/c-blosc2,369,70,C,other,Other,5,0,1,0,0,7.56,7.8 
mongoosejs,mongoosejs/mquery,473,75,JavaScript,mit,MIT License,0,0,0,0,0,, 
leenooks,leenooks/phpLDAPadmin,421,190,PHP,gpl-2.0,GNU General Public License v2.0,1,0,0,0,1,5.4,5.4 
uselagoon,uselagoon/lagoon,505,147,TypeScript,apache-2.0,Apache License 2.0,0,0,0,0,0,, 
joniles,joniles/mpxj,226,94,Java,lgpl-2.1,GNU Lesser General Public License v2.1,3,0,1,1,0,8.883333333333331,9.8 
roehling,roehling/postsrsd,303,36,C,,,2,0,0,2,0,6.4,7.5 
kovidgoyal,kovidgoyal/kitty,20265,871,Python,gpl-3.0,GNU General Public License v3.0,2,0,1,0,0,8.8,9.8 
twitter,twitter/twitter-server,1506,272,Scala,apache-2.0,Apache License 2.0,1,0,0,0,1,5.4,5.4 
agentejo,agentejo/cockpit,5385,537,JavaScript,mit,MIT License,6,0,4,1,0,8.772222222222222,9.8 
fluent,fluent/fluent-bit,4940,1378,C,apache-2.0,Apache License 2.0,6,0,1,3,0,7.704761904761911,9.8 
socketio,socketio/engine.io,4546,614,JavaScript,,,4,0,0,2,0,7.071428571428571,7.5 
socketio,socketio/socket.io-parser,131,102,JavaScript,,,3,0,0,1,0,7.959999999999999,9.8 
mkj,mkj/dropbear,1422,367,C,other,Other,2,0,0,1,0,7.6000000000000005,8.1 
relic-toolkit,relic-toolkit/relic,411,171,C,other,Other,4,0,0,2,0,7.6000000000000005,9.8 
wikimedia,wikimedia/analytics-quarry-web,44,14,,mit,MIT License,1,0,0,1,0,6.1,6.1 
zeromq,zeromq/libzmq,8894,2339,C++,mpl-2.0,Mozilla Public License 2.0,10,0,4,6,0,nan,nan 
ethereum,ethereum/solidity,21157,5527,C++,gpl-3.0,GNU General Public License v3.0,2,0,0,2,0,5.709090909090909,7.8 
samtools,samtools/htslib,727,493,C,other,Other,6,0,2,3,1,7.886,9.8 
AOMediaCodec,AOMediaCodec/libavif,1228,175,C,other,Other,1,0,0,1,0,8.8,8.8 
jech,jech/polipo,1782,362,C,mit,MIT License,1,0,0,1,0,7.5,7.5 
open62541,open62541/open62541,2284,1118,C,mpl-2.0,Mozilla Public License 2.0,2,0,0,0,1,6.5,7.5 
go-aah,go-aah/aah,685,39,Go,mit,MIT License,1,0,0,0,0,7.5,7.5 
artdarek,artdarek/go-unzip,46,11,Go,,,1,0,0,0,0,9.1,9.1 
yi-ge,yi-ge/unzip,3,0,Go,mit,MIT License,1,0,0,0,0,9.1,9.1 
justinas,justinas/nosurf,1452,148,Go,mit,MIT License,1,0,0,0,0,7.5,7.5 
labstack,labstack/echo,26985,2230,Go,mit,MIT License,2,0,0,0,0,7.449999999999999,9.6 
gin-gonic,gin-gonic/gin,72422,7754,Go,mit,MIT License,4,0,0,1,0,5.936363636363635,7.5 
revel,revel/revel,12994,1416,Go,mit,MIT License,1,0,0,0,0,7.5,7.5 
nanobox-io,nanobox-io/golang-nanoauth,5,5,Go,mit,MIT License,1,0,0,0,0,9.1,9.1 
omniauth,omniauth/omniauth,7767,1000,Ruby,mit,MIT License,2,0,0,1,0,7.959999999999999,9.8 
TribalSystems,TribalSystems/Zenario,31,14,PHP,bsd-3-clause,"BSD 3-Clause ""New"" or ""Revised"" License",19,0,0,6,2,5.817948717948722,9.8 
ewxrjk,ewxrjk/sftpserver,47,17,C,gpl-2.0,GNU General Public License v2.0,1,0,0,0,0,9.8,9.8 
FurqanSoftware,FurqanSoftware/node-whois,236,110,CoffeeScript,other,Other,1,0,0,0,0,9.8,9.8 
EliasOenal,EliasOenal/multimon-ng,852,202,C,gpl-2.0,GNU General Public License v2.0,1,0,0,0,0,9.8,9.8 
Brondahl,Brondahl/EnumStringValues,18,3,C#,mit,MIT License,1,0,0,0,0,7.5,7.5 
chedabob,chedabob/whatismyudid,23,8,JavaScript,mit,MIT License,1,0,0,0,0,6.1,6.1 
jtojnar,jtojnar/pengu,2,1,JavaScript,mit,MIT License,1,0,0,0,0,6.5,6.5 
ahorner,ahorner/text-helpers,9,5,Ruby,mit,MIT License,1,0,0,0,0,6.1,6.1 
destinygg,destinygg/chat,87,41,Go,,,1,0,0,0,0,8.8,8.8 
moderntribe,moderntribe/panel-builder,8,3,JavaScript,gpl-2.0,GNU General Public License v2.0,1,0,0,0,0,6.1,6.1 
go-macaron,go-macaron/i18n,12,10,Go,apache-2.0,Apache License 2.0,1,0,0,0,0,6.1,6.1 
Calsign,Calsign/APDE,323,76,Java,gpl-2.0,GNU General Public License v2.0,1,0,0,0,0,9.8,9.8 
SimbCo,SimbCo/httpster,337,36,JavaScript,,,1,0,0,0,0,7.5,7.5 
FreePBX,FreePBX/cdr,7,18,PHP,gpl-3.0,GNU General Public License v3.0,1,0,0,0,0,9.8,9.8 
barronwaffles,barronwaffles/dwc_network_server_emulator,1011,166,Python,agpl-3.0,GNU Affero General Public License v3.0,1,0,0,0,0,9.8,9.8 
hughsk,hughsk/flat,1723,199,JavaScript,bsd-3-clause,"BSD 3-Clause ""New"" or ""Revised"" License",1,0,0,0,0,9.8,9.8 
eberhardt,eberhardt/moodle-block_sitenews,0,1,PHP,gpl-3.0,GNU General Public License v3.0,1,0,0,0,0,6.5,6.5 
indeedeng,indeedeng/util,145,61,Java,apache-2.0,Apache License 2.0,1,0,0,0,0,5.4,5.4 
openmrs,openmrs/openmrs-module-appointmentscheduling,14,69,Java,other,Other,2,0,0,0,0,5.75,6.1 
openmrs,openmrs/openmrs-module-adminui,4,60,Groovy,,,3,0,0,0,0,6.099999999999999,6.1 
Chris92de,Chris92de/AdminServ,20,8,PHP,,,2,0,0,0,0,6.1,6.1 
alliedmodders,alliedmodders/amxmodx,441,179,C,,,1,0,0,0,0,9.8,9.8 
bonitasoft,bonitasoft/bonita-connector-webservice,5,8,Java,gpl-2.0,GNU General Public License v2.0,1,0,0,0,0,9.8,9.8 
gturri,gturri/aXMLRPC,141,73,Java,mit,MIT License,1,0,0,0,0,9.8,9.8 
trampgeek,trampgeek/jobe,94,69,PHP,mit,MIT License,2,0,0,0,0,9.8,9.8 
jamesmartin,jamesmartin/inline_svg,659,70,Ruby,mit,MIT License,1,0,0,0,0,6.1,6.1 
square,square/squalor,199,48,Go,apache-2.0,Apache License 2.0,1,0,0,0,0,9.8,9.8 
MediaArea,MediaArea/ZenLib,24,34,C++,zlib,zlib License,1,0,0,0,0,7.5,7.5 
LemonLDAPNG,LemonLDAPNG/Apache-Session-LDAP,2,2,Perl,other,Other,1,0,0,0,0,8.1,8.1 
YunoHost-Apps,YunoHost-Apps/transmission_ynh,7,21,Shell,gpl-3.0,GNU General Public License v3.0,1,0,0,0,0,5.3,5.3 
pouetnet,pouetnet/pouet2.0,128,31,PHP,other,Other,1,0,0,0,0,9.8,9.8 
mholt,mholt/PapaParse,11737,1161,JavaScript,mit,MIT License,1,0,0,0,0,7.5,7.5 
IonicaBizau,IonicaBizau/node-gry,6,4,JavaScript,mit,MIT License,1,0,0,0,0,8.0,8.0 
youngerheart,youngerheart/nodeserver,1,4,JavaScript,mit,MIT License,1,0,0,0,0,7.5,7.5 
GENI-NSF,GENI-NSF/geni-portal,3,8,PHP,other,Other,2,0,0,0,0,6.1,6.1 
LemonLDAPNG,LemonLDAPNG/Apache-Session-Browseable,3,5,Perl,other,Other,1,0,0,0,0,8.1,8.1 
paxswill,paxswill/evesrp,19,13,Python,bsd-2-clause,"BSD 2-Clause ""Simplified"" License",1,0,0,1,0,4.3,4.3 
Kong,Kong/lua-multipart,54,25,Lua,mit,MIT License,1,0,0,0,0,7.5,7.5 
artesaos,artesaos/seotools,2917,500,PHP,mit,MIT License,3,0,0,0,0,6.099999999999999,6.1 
ONSdigital,ONSdigital/ras-collection-instrument,2,1,Python,other,Other,1,0,0,0,0,9.8,9.8 
Nozbe,Nozbe/WatermelonDB,9577,561,JavaScript,mit,MIT License,1,0,0,1,0,5.9,5.9 
oauth2-proxy,oauth2-proxy/oauth2-proxy,7753,1366,Go,mit,MIT License,7,0,0,7,0,6.8558823529411725,8.8 
LianKee,LianKee/SO-CVEs,9,2,,,,0,0,0,0,0,, 
graphql,graphql/graphql-playground,8587,741,TypeScript,mit,MIT License,1,0,0,0,1,4.7,4.7 
phpMussel,phpMussel/phpMussel,400,113,,gpl-2.0,GNU General Public License v2.0,1,0,1,0,0,9.8,9.8 
neutrinolabs,neutrinolabs/xrdp,4920,2727,C,apache-2.0,Apache License 2.0,20,0,6,2,0,nan,nan 
ssbc,ssbc/ssb-db,1175,89,JavaScript,mit,MIT License,1,0,0,1,0,7.5,7.5 
dojo,dojo/dijit,175,189,HTML,other,Other,2,0,0,1,1,5.75,6.1 
mikaelbr,mikaelbr/mversion,199,20,JavaScript,mit,MIT License,2,0,1,1,0,7.55,7.8 
cyberark,cyberark/conjur-oss-helm-chart,26,22,Shell,apache-2.0,Apache License 2.0,1,0,1,0,0,9.0,9.0 
swift-server-community,swift-server-community/APNSwift,568,86,Swift,apache-2.0,Apache License 2.0,0,0,0,0,0,, 
w3c,w3c/css-validator,194,115,Java,other,Other,1,0,0,0,1,5.4,5.4 
jhipster,jhipster/jhipster-kotlin,444,101,Kotlin,apache-2.0,Apache License 2.0,2,0,1,1,0,9.390909090909089,9.8 
f3-factory,f3-factory/fatfree-core,198,71,PHP,gpl-3.0,GNU General Public License v3.0,0,0,0,0,0,, 
pow-auth,pow-auth/pow,1517,144,Elixir,mit,MIT License,2,0,0,1,0,5.499999999999999,6.5 
ipmitool,ipmitool/ipmitool,1080,336,C,other,Other,2,0,0,1,1,nan,nan 
github,github/secure_headers,3110,270,Ruby,mit,MIT License,0,0,0,0,0,, 
peerigon,peerigon/angular-expressions,90,21,JavaScript,unlicense,The Unlicense,2,0,0,2,0,8.8,8.8 
PrivateBin,PrivateBin/PrivateBin,5433,721,PHP,other,Other,2,0,0,1,1,5.25,6.1 
jazzband,jazzband/django-user-sessions,552,123,Python,mit,MIT License,1,0,0,1,0,8.8,8.8 
lkiesow,lkiesow/python-feedgen,643,150,Python,bsd-2-clause,"BSD 2-Clause ""Simplified"" License",1,0,0,1,0,7.5,7.5 
ensdomains,ensdomains/ens,1143,546,JavaScript,bsd-2-clause,"BSD 2-Clause ""Simplified"" License",1,0,0,1,0,8.7,8.7 
MessagePack-CSharp,MessagePack-CSharp/MessagePack-CSharp,4964,673,C#,other,Other,0,0,0,0,0,, 
1up-lab,1up-lab/OneupUploaderBundle,596,178,PHP,mit,MIT License,1,0,0,1,0,8.8,8.8 
github,github/cmark-gfm,819,183,C,other,Other,6,0,1,1,0,7.80625,9.8 
openhab,openhab/openhab-addons,1808,3513,Java,epl-2.0,Eclipse Public License 2.0,2,0,1,1,0,6.9,8.8 
buddypress,buddypress/buddypress,212,141,PHP,,,5,0,2,3,0,nan,nan 
thoughtbot,thoughtbot/administrate,5708,1101,Ruby,mit,MIT License,2,0,0,1,0,5.645454545454545,8.1 
dojo,dojo/dojo,1532,553,JavaScript,other,Other,6,0,1,5,0,nan,nan 
dojo,dojo/dojox,149,233,JavaScript,other,Other,3,0,1,2,0,8.575000000000001,9.8 
Sustainsys,Sustainsys/Saml2,902,598,C#,other,Other,5,0,0,3,0,7.471875,7.5 
auth0,auth0/auth0.js,948,490,JavaScript,mit,MIT License,6,0,1,5,0,8.44901960784314,9.8 
PrestaShop,PrestaShop/ps_linklist,13,50,PHP,afl-3.0,Academic Free License v3.0,2,0,0,0,2,5.4,5.4 
PrestaShop,PrestaShop/ps_facetedsearch,49,113,PHP,afl-3.0,Academic Free License v3.0,1,0,0,0,1,5.4,5.4 
http4s,http4s/http4s,2468,788,Scala,apache-2.0,Apache License 2.0,5,0,0,5,0,8.218749999999998,9.1 
CESNET,CESNET/perun,57,70,Java,bsd-2-clause,"BSD 2-Clause ""Simplified"" License",1,0,0,1,0,7.5,7.5 
asdfugil,asdfugil/nickchanbot,7,4,JavaScript,,,0,0,0,0,0,, 
Leantime,Leantime/leantime,3301,478,PHP,agpl-3.0,GNU Affero General Public License v3.0,3,0,0,1,0,5.774999999999999,8.8 
PrestaShop,PrestaShop/ps_socialfollow,7,21,PHP,afl-3.0,Academic Free License v3.0,1,0,0,0,1,5.4,5.4 
ValveSoftware,ValveSoftware/GameNetworkingSockets,7486,579,C++,bsd-3-clause,"BSD 3-Clause ""New"" or ""Revised"" License",4,0,3,1,0,9.225000000000001,9.8 
handsontable,handsontable/formula-parser,624,189,JavaScript,mit,MIT License,1,0,1,0,0,9.8,9.8 
ultimatemember,ultimatemember/ultimatemember,241,182,PHP,gpl-3.0,GNU General Public License v3.0,26,0,3,13,7,6.697520661157021,9.8 
adrienverge,adrienverge/openfortivpn,2309,305,Perl,gpl-3.0,GNU General Public License v3.0,3,0,0,3,0,6.566666666666666,9.1 
HewlettPackard,HewlettPackard/nagios-plugins-hpilo,26,11,Shell,other,Other,1,0,1,0,0,9.8,9.8 
diegohaz,diegohaz/querymen,129,71,JavaScript,other,Other,1,0,0,1,0,5.3,5.3 
mithunsatheesh,mithunsatheesh/node-rules,618,115,TypeScript,mit,MIT License,1,0,1,0,0,9.8,9.8 
micronaut-projects,micronaut-projects/micronaut-core,5845,1012,Java,apache-2.0,Apache License 2.0,3,0,1,2,0,8.1,9.8 
jooby-project,jooby-project/jooby,1613,200,Java,apache-2.0,Apache License 2.0,3,0,1,2,0,7.066666666666666,9.8 
typestack,typestack/class-transformer,6215,466,TypeScript,mit,MIT License,1,0,0,1,0,5.3,5.3 
davideicardi,davideicardi/confinit,0,1,TypeScript,mit,MIT License,1,0,0,1,0,5.3,5.3 
eivindfjeldstad,eivindfjeldstad/dot,2,1,JavaScript,,,1,0,0,1,0,5.3,5.3 
jhuckaby,jhuckaby/pixl-class,5,2,JavaScript,,,1,0,1,0,0,9.8,9.8 
aFarkas,aFarkas/lazysizes,17093,1778,JavaScript,mit,MIT License,1,0,0,0,1,5.4,5.4 
yahoo,yahoo/serialize-javascript,2739,237,JavaScript,other,Other,2,0,0,1,1,5.94,8.1 
snyk,snyk/broker,84,123,TypeScript,other,Other,7,0,0,6,0,6.277049180327871,7.5 
faye,faye/websocket-extensions-node,71,40,JavaScript,other,Other,2,0,0,2,0,7.5,7.5 
faye,faye/websocket-extensions-ruby,27,11,Ruby,other,Other,1,0,0,1,0,7.5,7.5 
sassoftware,sassoftware/go-rpmutils,44,37,Go,apache-2.0,Apache License 2.0,1,0,0,1,0,7.5,7.5 
ohler55,ohler55/agoo,853,36,C,mit,MIT License,2,0,0,2,0,7.5,7.5 
thenables,thenables/thenify,109,17,JavaScript,mit,MIT License,1,0,0,0,0,9.8,9.8 
googleapis,googleapis/google-oauth-java-client,592,309,Java,apache-2.0,Apache License 2.0,2,0,0,1,1,7.463636363636362,9.1 
sockjs,sockjs/sockjs-node,2072,315,JavaScript,mit,MIT License,1,0,0,1,0,5.3,5.3 
Gerapy,Gerapy/Gerapy,3108,616,Python,mit,MIT License,4,0,2,1,0,8.883333333333331,9.8 
piranna,piranna/linux-cmdline,0,1,JavaScript,,,1,0,1,0,0,9.8,9.8 
mattinsler,mattinsler/connie-lang,0,1,JavaScript,,,1,0,1,0,0,9.8,9.8 
jquense,jquense/expr,21,15,JavaScript,mit,MIT License,1,0,1,0,0,9.8,9.8 
Irrelon,Irrelon/irrelon-path,5,4,JavaScript,mit,MIT License,1,0,1,0,0,9.8,9.8 
gruntjs,gruntjs/grunt,12235,1591,JavaScript,other,Other,3,0,0,2,1,6.533333333333334,7.1 
nfriedly,nfriedly/node-bestzip,78,16,JavaScript,mit,MIT License,1,0,1,0,0,9.8,9.8 
faisalman,faisalman/ua-parser-js,8282,1172,JavaScript,agpl-3.0,GNU Affero General Public License v3.0,5,0,1,3,0,8.366666666666665,8.8 
ng-packagr,ng-packagr/ng-packagr,1825,297,TypeScript,mit,MIT License,1,0,0,1,0,6.6,6.6 
b-heilman,b-heilman/bmoor,2,2,JavaScript,mit,MIT License,2,0,2,0,0,9.8,9.8 
MrSwitch,MrSwitch/hello.js,4629,557,JavaScript,mit,MIT License,2,0,1,0,0,9.850000000000001,9.9 
tsedio,tsedio/tsed,2637,279,TypeScript,mit,MIT License,0,0,0,0,0,, 
npm,npm/npm-user-validate,13,12,JavaScript,other,Other,1,0,0,1,0,7.5,7.5 
pofider,pofider/phantom-html-to-pdf,160,34,JavaScript,mit,MIT License,1,0,0,1,0,7.5,7.5 
browserless,browserless/browserless,6541,599,TypeScript,other,Other,0,0,0,0,0,, 
codemirror,codemirror/codemirror5,26265,5050,JavaScript,mit,MIT License,0,0,0,0,0,, 
absolunet,absolunet/kafe,5,5,JavaScript,mit,MIT License,1,0,0,1,0,5.3,5.3 
jsreport,jsreport/jsreport-chrome-pdf,10,8,JavaScript,lgpl-3.0,GNU Lesser General Public License v3.0,1,0,0,1,0,6.5,6.5 
delvedor,delvedor/find-my-way,1353,141,JavaScript,mit,MIT License,1,0,0,1,0,7.5,7.5 
firebase,firebase/firebase-js-sdk,4610,910,TypeScript,other,Other,1,0,0,1,0,5.3,5.3 
nodemailer,nodemailer/nodemailer,15969,1372,JavaScript,other,Other,2,0,1,1,0,9.3,9.8 
sonnyp,sonnyp/JSON8,98,13,JavaScript,isc,ISC License,2,0,1,1,0,8.65,9.8 
mrodrig,mrodrig/doc-path,3,0,TypeScript,,,1,0,1,0,0,9.8,9.8 
softwaremill,softwaremill/akka-http-session,440,61,Scala,apache-2.0,Apache License 2.0,2,0,0,2,0,8.8,8.8 
PHPOffice,PHPOffice/PhpSpreadsheet,12620,3261,PHP,mit,MIT License,3,0,0,2,1,8.6,8.8 
npm,npm/ini,736,229,JavaScript,isc,ISC License,1,0,1,0,0,9.8,9.8 
turquoiseowl,turquoiseowl/i18n,551,155,C#,other,Other,1,0,0,1,0,7.5,7.5 
hoperyy,hoperyy/get-npm-package-version,3,2,JavaScript,isc,ISC License,1,0,0,0,0,9.8,9.8 
mirumee,mirumee/saleor,85,32,,bsd-3-clause,"BSD 3-Clause ""New"" or ""Revised"" License",4,0,0,3,1,5.82272727272727,8.8 
alexreisner,alexreisner/geocoder,6242,1200,Ruby,mit,MIT License,1,0,1,0,0,9.8,9.8 
kolya5544,kolya5544/BearFTP,13,4,C#,,,2,0,0,2,0,7.5,7.5 
bradyvercher,bradyvercher/gistpress,147,26,PHP,gpl-2.0,GNU General Public License v2.0,1,0,0,0,1,5.4,5.4 
CIRCL,CIRCL/AIL-framework,1248,289,Python,agpl-3.0,GNU Affero General Public License v3.0,1,0,0,1,0,7.5,7.5 
google,google/asylo,950,133,C++,apache-2.0,Apache License 2.0,16,0,0,6,10,6.1187499999999995,9.6 
google,google/guava,48566,10830,Java,apache-2.0,Apache License 2.0,3,0,0,1,1,5.592307692307691,7.1 
google,google/closure-library,4791,1107,JavaScript,apache-2.0,Apache License 2.0,1,0,0,1,0,6.5,6.5 
google,google/tink,13357,1221,Java,apache-2.0,Apache License 2.0,1,0,0,1,0,5.3,5.3 
containers,containers/image,792,360,Go,apache-2.0,Apache License 2.0,3,0,0,3,0,3.8666666666666667,7.5 
mantisbt-plugins,mantisbt-plugins/source-integration,179,133,PHP,mit,MIT License,4,0,0,4,0,5.7799999999999985,6.1 
zhaozg,zhaozg/lua-openssl,263,118,C,other,Other,3,0,0,3,0,9.1,9.1 
lukashinsch,lukashinsch/spring-boot-actuator-logview,40,22,Java,mit,MIT License,2,0,0,1,0,6.26,7.7 
kamadak,kamadak/exif-rs,165,34,Rust,bsd-2-clause,"BSD 2-Clause ""Simplified"" License",1,0,0,1,0,6.5,6.5 
Kozea,Kozea/CairoSVG,671,147,Python,lgpl-3.0,GNU Lesser General Public License v3.0,2,0,0,1,0,6.566666666666666,7.1 
git-lfs,git-lfs/git-lfs,11962,2271,Go,other,Other,4,0,1,3,0,8.754545454545458,9.8 
theonedev,theonedev/onedev,12020,803,Java,mit,MIT License,17,0,4,7,0,8.608571428571432,9.9 
jquery-validation,jquery-validation/jquery-validation,10326,2848,JavaScript,mit,MIT License,3,0,0,2,0,7.5,7.5 
bijaythapaa,bijaythapaa/OnlineVotingSystem,4,3,JavaScript,,,0,0,0,0,0,, 
oras-project,oras-project/oras,1103,141,Go,apache-2.0,Apache License 2.0,0,0,0,0,0,, 
OctopusDeploy,OctopusDeploy/OctopusDSC,0,0,PowerShell,other,Other,1,0,0,0,1,5.5,5.5 
Kenny2github,Kenny2github/Report,5,5,PHP,gpl-3.0,GNU General Public License v3.0,1,0,0,1,0,4.3,4.3 
cydrobolt,cydrobolt/polr,4778,894,PHP,gpl-2.0,GNU General Public License v2.0,1,0,0,1,0,9.3,9.3 
DIYgod,DIYgod/RSSHub,26647,6113,JavaScript,agpl-3.0,GNU Affero General Public License v3.0,4,0,1,1,0,7.68,9.8 
flarum,flarum/sticky,8,18,PHP,mit,MIT License,1,0,0,0,1,5.4,5.4 
carrierwaveuploader,carrierwaveuploader/carrierwave,8773,1658,Ruby,,,3,0,1,1,0,6.325000000000001,8.8 
sparklemotion,sparklemotion/mechanize,4321,482,Ruby,mit,MIT License,3,0,1,1,0,7.566666666666666,8.3 
http4s,http4s/blaze,344,62,Scala,apache-2.0,Apache License 2.0,1,0,0,1,0,7.5,7.5 
node-red,node-red/node-red,17574,3223,JavaScript,apache-2.0,Apache License 2.0,3,0,0,1,2,5.976190476190476,6.5 
hyperium,hyperium/hyper,12712,1456,Rust,mit,MIT License,8,0,1,5,0,7.739622641509433,9.8 
wireapp,wireapp/wire-ios,17,7,Swift,gpl-3.0,GNU General Public License v3.0,11,0,1,8,1,6.286486486486487,9.8 
dynamoose,dynamoose/dynamoose,2065,356,JavaScript,unlicense,The Unlicense,1,0,1,0,0,9.8,9.8 
markedjs,markedjs/marked,30841,3369,TypeScript,other,Other,8,0,0,8,0,nan,nan 
lucee,lucee/Lucee,831,184,Java,lgpl-2.1,GNU Lesser General Public License v2.1,1,0,1,0,0,9.8,9.8 
vrana,vrana/adminer,5864,1087,PHP,other,Other,4,0,1,3,0,7.800000000000002,9.8 
SAP,SAP/less-openui5,29,13,JavaScript,apache-2.0,Apache License 2.0,1,0,0,1,0,7.8,7.8 
galette,galette/galette,40,28,PHP,gpl-3.0,GNU General Public License v3.0,4,0,0,2,2,6.4333333333333345,8.8 
matrix-org,matrix-org/matrix-react-sdk,1017,858,TypeScript,apache-2.0,Apache License 2.0,6,0,0,2,0,6.890909090909087,8.2 
fastify,fastify/fastify-reply-from,133,69,JavaScript,mit,MIT License,2,0,1,0,0,8.75,10.0 
fastify,fastify/fastify-http-proxy,300,83,JavaScript,mit,MIT License,1,0,1,0,0,9.8,9.8 
brave,brave/brave-core,2184,802,HTML,mpl-2.0,Mozilla Public License 2.0,15,0,0,9,2,5.910526315789467,7.5 
stnoonan,stnoonan/spnego-http-auth-nginx-module,266,106,C,other,Other,1,0,1,0,0,9.8,9.8 
zopefoundation,zopefoundation/Products.PluggableAuthService,9,18,Python,other,Other,2,0,0,2,0,6.3,6.5 
pugjs,pugjs/pug,21377,1987,JavaScript,,,1,0,0,1,0,9.0,9.0 
mozilla,mozilla/PollBot,8,21,Python,mpl-2.0,Mozilla Public License 2.0,2,0,0,1,0,6.1,6.1 
zopefoundation,zopefoundation/Products.GenericSetup,3,12,Python,other,Other,1,0,0,1,0,5.3,5.3 
wireapp,wireapp/wire-webapp,1107,307,TypeScript,gpl-3.0,GNU General Public License v3.0,5,0,0,4,1,5.857142857142857,6.5 
swagger-api,swagger-api/swagger-codegen,16093,6024,Mustache,apache-2.0,Apache License 2.0,2,0,0,1,1,6.25,7.0 
benjaminkott,benjaminkott/bootstrap_package,326,198,PHP,mit,MIT License,1,0,0,0,1,5.4,5.4 
xmldom,xmldom/xmldom,288,82,HTML,mit,MIT License,4,0,0,2,0,9.030769230769229,9.8 
elementary,elementary/switchboard-plug-bluetooth,25,11,Vala,gpl-3.0,GNU General Public License v3.0,1,0,0,1,0,8.1,8.1 
mcollina,mcollina/msgpack5,483,78,JavaScript,mit,MIT License,1,0,0,1,0,8.8,8.8 
hyperledger,hyperledger/besu,1311,668,Java,apache-2.0,Apache License 2.0,3,0,0,2,0,8.749999999999998,9.1 
tenable,tenable/integration-jira-cloud,59,49,Python,,,1,0,0,1,0,8.6,8.6 
nim-lang,nim-lang/nimble,1181,171,Nim,other,Other,3,0,0,3,0,7.085714285714284,8.8 
ome,ome/omero-web,13,26,Python,,,4,0,0,3,1,5.76923076923077,6.5 
ericcornelissen,ericcornelissen/shescape,1,6,JavaScript,mpl-2.0,Mozilla Public License 2.0,8,0,0,1,1,7.600000000000001,9.8 
openMF,openMF/mifos-mobile,229,612,Kotlin,mpl-2.0,Mozilla Public License 2.0,1,0,0,1,0,7.4,7.4 
dwisiswant0,dwisiswant0/apkleaks,4284,451,Python,apache-2.0,Apache License 2.0,1,0,1,0,0,9.8,9.8 
wireapp,wireapp/wire-server,2562,367,Haskell,agpl-3.0,GNU Affero General Public License v3.0,7,0,1,3,1,7.788461538461545,9.8 
jellyfin,jellyfin/jellyfin,26255,2420,C#,gpl-2.0,GNU General Public License v2.0,8,0,0,2,0,6.945454545454547,8.8 
kongchuanhujiao,kongchuanhujiao/ProvinceServer,1,0,Go,agpl-3.0,GNU Affero General Public License v3.0,0,0,0,0,0,, 
syncthing,syncthing/syncthing,55603,3951,Go,mpl-2.0,Mozilla Public License 2.0,3,0,0,2,0,6.8,7.5 
thi-ng,thi-ng/umbrella,3074,139,TypeScript,apache-2.0,Apache License 2.0,1,0,0,1,0,8.8,8.8 
laverdet,laverdet/isolated-vm,1727,154,C++,isc,ISC License,2,0,0,1,0,9.666666666666666,9.8 
PrestaShop,PrestaShop/ps_emailsubscription,7,39,PHP,afl-3.0,Academic Free License v3.0,1,0,0,0,1,5.4,5.4 
creharmony,creharmony/node-etsy-client,8,5,JavaScript,mit,MIT License,1,0,0,1,0,6.5,6.5 
projen,projen/projen,2224,340,TypeScript,apache-2.0,Apache License 2.0,1,0,0,1,0,8.1,8.1 
FOSSBots,FOSSBots/sopel-channelmgnt,0,2,Python,other,Other,0,0,0,0,0,, 
go-vela,go-vela/server,92,28,Go,apache-2.0,Apache License 2.0,2,0,0,0,1,8.2,9.9 
DEMON1A,DEMON1A/Discord-Recon,64,16,Python,mit,MIT License,5,0,2,2,0,8.706250000000002,9.8 
exiftool,exiftool/exiftool,2459,274,Perl,gpl-3.0,GNU General Public License v3.0,3,0,1,2,0,7.799999999999998,7.8 
google,google/exposure-notifications-verification-server,225,98,Go,apache-2.0,Apache License 2.0,2,0,0,2,0,6.709090909090909,8.8 
dart-lang,dart-lang/sdk,9487,1511,Dart,bsd-3-clause,"BSD 3-Clause ""New"" or ""Revised"" License",6,0,0,4,1,7.662500000000002,9.8 
michaelrsweet,michaelrsweet/htmldoc,184,78,C++,gpl-2.0,GNU General Public License v2.0,23,0,3,13,0,7.522222222222225,9.8 
ericpaulbishop,ericpaulbishop/gargoyle,453,226,C,,,1,0,0,1,0,7.5,7.5 
ardatan,ardatan/graphql-tools,5232,801,TypeScript,mit,MIT License,1,0,1,0,0,8.8,8.8 
apexcharts,apexcharts/apexcharts.js,13361,1225,JavaScript,other,Other,1,0,0,1,0,6.3,6.3 
PrismJS,PrismJS/prism,11686,1310,JavaScript,mit,MIT License,4,0,0,3,1,7.315384615384615,7.5 
docsifyjs,docsifyjs/docsify,25433,5663,JavaScript,mit,MIT License,3,0,0,3,0,6.1000000000000005,6.1 
HenrikJoreteg,HenrikJoreteg/html-parse-stringify,326,116,JavaScript,,,1,0,0,1,0,5.3,5.3 
rrainn,rrainn/PortProcesses,0,0,JavaScript,mit,MIT License,1,0,0,1,0,8.8,8.8 
pires,pires/go-proxyproto,397,100,Go,apache-2.0,Apache License 2.0,2,0,0,2,0,6.2,7.5 
pahen,pahen/madge,7890,321,JavaScript,mit,MIT License,1,0,1,0,0,9.8,9.8 
parallax,parallax/jsPDF,27543,4677,JavaScript,mit,MIT License,0,0,0,0,0,, 
ssnau,ssnau/killport,2,1,JavaScript,,,1,0,0,1,0,8.8,8.8 
npm,npm/hosted-git-info,208,106,JavaScript,isc,ISC License,1,0,0,1,0,5.3,5.3 
GuyMograbi,GuyMograbi/kill-by-port,1,0,JavaScript,,,1,0,0,1,0,8.8,8.8 
facebook,facebook/mvfst,1343,221,C++,mit,MIT License,0,0,0,0,0,, 
browserslist,browserslist/browserslist,12401,727,JavaScript,mit,MIT License,1,0,0,1,0,5.3,5.3 
TykTechnologies,TykTechnologies/tyk-identity-broker,108,32,Go,other,Other,1,0,0,1,0,9.1,9.1 
postcss,postcss/postcss,27889,1591,TypeScript,mit,MIT License,3,0,0,2,0,5.74,7.5 
nolimits4web,nolimits4web/swiper,37134,9784,JavaScript,mit,MIT License,1,0,1,0,0,9.8,9.8 
wanasit,wanasit/chrono,3708,376,TypeScript,mit,MIT License,1,0,0,1,0,7.5,7.5 
mafintosh,mafintosh/dns-packet,189,70,JavaScript,mit,MIT License,1,0,0,1,0,6.5,6.5 
fardog,fardog/trailing-slash,2,1,JavaScript,mit,MIT License,1,0,0,1,0,6.1,6.1 
totaljs,totaljs/framework4,91,34,JavaScript,other,Other,2,0,1,0,0,7.6000000000000005,9.8 
locutusjs,locutusjs/locutus,3711,1160,JavaScript,other,Other,2,0,1,1,0,8.65,9.8 
briancappello,briancappello/flask-unchained,80,7,Python,mit,MIT License,1,0,0,1,0,5.4,5.4 
TooTallNate,TooTallNate/node-degenerator,19,17,,,,1,0,1,0,0,9.8,9.8 
trannamtrung1st,trannamtrung1st/elFinder.Net.Core,11,5,C#,apache-2.0,Apache License 2.0,1,0,0,1,0,7.5,7.5 
Stuk,Stuk/jszip,9194,1328,JavaScript,other,Other,2,0,0,1,0,6.3,7.3 
videojs,videojs/video.js,36406,7482,JavaScript,other,Other,1,0,0,1,0,6.1,6.1 
mguinness,mguinness/elFinder.AspNet,4,1,CSS,bsd-2-clause,"BSD 2-Clause ""Simplified"" License",1,0,0,1,0,7.5,7.5 
nicolargo,nicolargo/glances,23774,1410,Python,other,Other,1,0,1,0,0,9.8,9.8 
samholmes,samholmes/node-open-graph,77,31,JavaScript,,,1,0,0,1,0,9.8,9.8 
speced,speced/bikeshed,970,198,HTML,cc0-1.0,Creative Commons Zero v1.0 Universal,0,0,0,0,0,, 
algolia,algolia/algoliasearch-helper-js,174,47,JavaScript,mit,MIT License,1,0,0,1,0,9.8,9.8 
immerjs,immerjs/immer,26131,854,JavaScript,mit,MIT License,3,0,2,1,0,9.033333333333333,9.8 
mongoosejs,mongoosejs/mpath,47,18,JavaScript,mit,MIT License,0,0,0,0,0,, 
jonschlinkert,jonschlinkert/set-value,263,44,JavaScript,mit,MIT License,2,0,2,0,0,9.8,9.8 
tony-tsx,tony-tsx/cookiex-deep,0,0,TypeScript,,,1,0,1,0,0,9.8,9.8 
edge-js,edge-js/edge,500,21,TypeScript,mit,MIT License,1,0,0,1,0,6.1,6.1 
clientIO,clientIO/joint,4137,880,JavaScript,mpl-2.0,Mozilla Public License 2.0,3,0,2,1,0,9.34,9.8 
DataTables,DataTables/Dist-DataTables,41,29,JavaScript,other,Other,1,0,0,1,0,6.1,6.1 
Maheshkumar-Kakade,Maheshkumar-Kakade/otp-generator,64,18,JavaScript,mit,MIT License,1,0,0,0,0,9.8,9.8 
h2database,h2database/h2database,3917,1212,Java,other,Other,6,0,2,3,0,8.711904761904767,9.8 
panates,panates/putil-merge,3,1,JavaScript,mit,MIT License,2,0,2,0,0,9.8,9.8 
Mostafa-Samir,Mostafa-Samir/zip-local,113,12,JavaScript,mit,MIT License,1,0,1,0,0,9.8,9.8 
thlorenz,thlorenz/parse-link-header,296,27,JavaScript,mit,MIT License,1,0,0,1,0,7.5,7.5 
karma-runner,karma-runner/karma,11889,1837,JavaScript,mit,MIT License,2,0,0,2,0,6.1,6.1 
skratchdot,skratchdot/object-path-set,5,0,JavaScript,mit,MIT License,1,0,1,0,0,9.8,9.8 
flitbit,flitbit/json-ptr,86,31,TypeScript,,,2,0,2,0,0,9.8,9.8 
ashaffer,ashaffer/cached-path-relative,5,10,JavaScript,,,2,0,1,1,0,8.65,9.8 
dingelish,dingelish/rust-base64,0,0,Rust,apache-2.0,Apache License 2.0,1,0,0,1,0,4.9,4.9 
juce-framework,juce-framework/JUCE,5615,1546,C++,other,Other,2,0,1,1,0,8.8,9.8 
ai,ai/nanoid,21981,781,JavaScript,mit,MIT License,1,0,0,0,1,5.5,5.5 
Marak,Marak/colors.js,5136,465,JavaScript,other,Other,1,0,0,1,0,7.5,7.5 
eggjs,eggjs/extend2,46,4,JavaScript,mit,MIT License,1,0,1,0,0,9.8,9.8 
top-think,top-think/framework,2635,1047,PHP,other,Other,18,0,13,2,0,9.315151515151504,9.8 
fastify,fastify/fastify-multipart,402,96,JavaScript,mit,MIT License,3,0,0,2,0,7.5,7.5 
deoxxa,deoxxa/dotty,128,20,JavaScript,bsd-3-clause,"BSD 3-Clause ""New"" or ""Revised"" License",2,0,2,0,0,9.8,9.8 
simonhaenisch,simonhaenisch/md-to-pdf,963,97,TypeScript,mit,MIT License,1,0,1,0,0,9.8,9.8 
isomorphic-git,isomorphic-git/cors-proxy,85,28,JavaScript,mit,MIT License,1,0,0,1,0,7.5,7.5 
kataras,kataras/iris,24457,2494,Go,bsd-3-clause,"BSD 3-Clause ""New"" or ""Revised"" License",1,0,0,1,0,8.8,8.8 
lukeed,lukeed/tempura,515,9,JavaScript,mit,MIT License,1,0,0,1,0,6.1,6.1 
haraldk,haraldk/TwelveMonkeys,1716,301,Java,bsd-3-clause,"BSD 3-Clause ""New"" or ""Revised"" License",1,0,1,0,0,9.8,9.8 
janl,janl/node-jsonpointer,187,26,JavaScript,mit,MIT License,1,0,1,0,0,9.8,9.8 
podlove,podlove/podlove-publisher,288,82,PHP,mit,MIT License,6,0,1,3,0,7.701960784313733,9.8 
IonicaBizau,IonicaBizau/set-or-get.js,1,3,JavaScript,mit,MIT License,1,0,1,0,0,9.8,9.8 
eugeneware,eugeneware/changeset,115,8,JavaScript,other,Other,1,0,1,0,0,9.8,9.8 
gocd,gocd/gocd,6925,1005,Java,apache-2.0,Apache License 2.0,18,0,3,7,1,7.023880597014927,9.8 
jessie-codes,jessie-codes/safe-flat,5,7,JavaScript,mit,MIT License,1,0,1,0,0,9.8,9.8 
angus-c,angus-c/just,5624,229,JavaScript,mit,MIT License,2,0,2,0,0,9.799999999999999,9.8 
janeczku,janeczku/calibre-web,10331,1161,Python,gpl-3.0,GNU General Public License v3.0,18,0,7,7,2,9.008108108108113,9.9 
publify,publify/publify,1807,3742,Less,mit,MIT License,14,0,0,7,3,6.956521739130436,9.8 
PiranhaCMS,PiranhaCMS/piranha.core,1847,531,C#,mit,MIT License,2,0,0,1,1,6.75,8.1 
debiki,debiki/talkyard,1640,125,TypeScript,agpl-3.0,GNU Affero General Public License v3.0,2,0,1,1,0,9.466666666666667,9.8 
ifmeorg,ifmeorg/ifme,1406,727,Ruby,agpl-3.0,GNU Affero General Public License v3.0,5,0,1,1,3,6.660000000000001,9.8 
godaddy,godaddy/node-config-shield,13,6,JavaScript,mit,MIT License,1,0,0,1,0,5.3,5.3 
Oryx-Embedded,Oryx-Embedded/CycloneTCP,136,68,C,gpl-2.0,GNU General Public License v2.0,1,0,0,1,0,7.5,7.5 
ThomasDickey,ThomasDickey/xterm-snapshots,44,16,C,other,Other,1,0,1,0,0,9.8,9.8 
JoeScho,JoeScho/get-ip-range,8,8,TypeScript,isc,ISC License,1,0,0,1,0,7.5,7.5 
pygments,pygments/pygments,1431,561,Python,bsd-2-clause,"BSD 2-Clause ""Simplified"" License",5,0,1,3,0,7.4,9.0 
sanluan,sanluan/PublicCMS,1937,809,Java,other,Other,18,0,3,5,2,7.886666666666659,9.8 
libexif,libexif/exif,45,18,C,lgpl-2.1,GNU Lesser General Public License v2.1,15,0,4,10,1,nan,nan 
PHPFusion,PHPFusion/PHPFusion,109,148,PHP,agpl-3.0,GNU Affero General Public License v3.0,13,0,0,9,1,6.491964285714288,9.6 
jsummers,jsummers/deark,136,11,C,other,Other,3,0,0,2,0,7.416666666666665,7.8 
opencontainers,opencontainers/umoci,639,98,Go,apache-2.0,Apache License 2.0,1,0,0,0,1,5.5,5.5 
sveltejs,sveltejs/language-tools,1098,175,TypeScript,mit,MIT License,1,0,0,1,0,7.8,7.8 
ronomon,ronomon/opened,13,7,JavaScript,mit,MIT License,1,0,1,0,0,9.8,9.8 
rs,rs/node-netmask,240,39,CoffeeScript,mit,MIT License,2,0,0,2,0,8.677777777777777,9.1 
pikepdf,pikepdf/pikepdf,1904,171,Python,mpl-2.0,Mozilla Public License 2.0,1,0,0,1,0,7.5,7.5 
TrestleAdmin,TrestleAdmin/trestle-auth,50,22,Ruby,lgpl-3.0,GNU Lesser General Public License v3.0,1,0,0,1,0,6.5,6.5 
ScratchVerifier,ScratchVerifier/ScratchOAuth2,9,1,PHP,other,Other,4,0,1,3,0,7.35,10.0 
ManyDesigns,ManyDesigns/Portofino,178,56,Java,other,Other,2,0,0,1,0,8.1,9.1 
grassrootza,grassrootza/grassroot-platform,12,9,Java,bsd-3-clause,"BSD 3-Clause ""New"" or ""Revised"" License",1,0,0,1,0,5.3,5.3 
redis,redis/node-redis,16462,1833,TypeScript,mit,MIT License,0,0,0,0,0,, 
ulikunitz,ulikunitz/xz,432,41,Go,other,Other,2,0,0,2,0,7.5,7.5 
miraheze,miraheze/ManageWiki,26,25,PHP,gpl-3.0,GNU General Public License v3.0,1,0,0,1,0,7.5,7.5 
kubernetes-client,kubernetes-client/java,3181,1903,Java,apache-2.0,Apache License 2.0,2,0,0,2,0,6.918181818181819,9.1 
aws,aws/aws-iot-device-sdk-java-v2,95,80,Java,apache-2.0,Apache License 2.0,4,0,0,4,0,8.676923076923076,8.8 
starkbank,starkbank/ecdsa-java,32,18,Java,mit,MIT License,1,0,1,0,0,9.8,9.8 
apache,apache/shenyu,8124,2872,Java,apache-2.0,Apache License 2.0,6,0,1,2,0,8.054545454545456,9.8 
ruby,ruby/date,65,33,C,other,Other,1,0,0,1,0,7.5,7.5 
ejschmitt,ejschmitt/delayed_job_web,472,188,Ruby,mit,MIT License,1,0,0,1,0,6.1,6.1 
nprapps,nprapps/pym.js,795,118,JavaScript,mit,MIT License,1,0,0,1,0,8.8,8.8 
sandy98,sandy98/node-simple-router,36,18,CoffeeScript,mit,MIT License,1,0,0,1,0,7.5,7.5 
vvo,vvo/node-whereis,7,5,JavaScript,mit,MIT License,1,0,1,0,0,9.8,9.8 
vercel,vercel/serve,8910,720,TypeScript,mit,MIT License,2,0,0,2,0,5.409090909090907,6.5 
jazzband,jazzband/tablib,4298,584,Python,mit,MIT License,1,0,1,0,0,9.8,9.8 
herber,herber/hekto,2,1,JavaScript,mit,MIT License,1,0,0,1,0,6.1,6.1 
expressjs,expressjs/method-override,604,59,JavaScript,mit,MIT License,1,0,0,1,0,7.5,7.5 
aio-libs,aio-libs/aiohttp-session,233,89,Python,other,Other,2,0,0,2,0,6.5,6.5 
eggjs,eggjs/egg-scripts,113,38,JavaScript,mit,MIT License,1,0,1,0,0,9.8,9.8 
tj,tj/node-growl,484,101,JavaScript,,,1,0,1,0,0,9.8,9.8 
TritonDataCenter,TritonDataCenter/node-sshpk,181,54,JavaScript,mit,MIT License,0,0,0,0,0,, 
jonschlinkert,jonschlinkert/randomatic,178,26,JavaScript,mit,MIT License,1,0,0,1,0,5.3,5.3 
parcel-bundler,parcel-bundler/parcel,42771,2316,JavaScript,mit,MIT License,1,0,0,1,0,7.5,7.5 
florianholzapfel,florianholzapfel/express-restify-mongoose,638,156,JavaScript,mit,MIT License,1,0,0,1,0,8.8,8.8 
neo4j,neo4j/neo4j,11951,2311,Java,gpl-3.0,GNU General Public License v3.0,4,0,2,2,0,nan,nan 
spring-projects,spring-projects/spring-security,8060,5631,Java,apache-2.0,Apache License 2.0,26,0,5,16,0,nan,nan 
OpenKMIP,OpenKMIP/PyKMIP,240,121,Python,apache-2.0,Apache License 2.0,1,0,0,1,0,6.5,6.5 
Dav-Git,Dav-Git/Dav-Cogs,27,26,Python,gpl-3.0,GNU General Public License v3.0,2,0,1,1,0,6.9,7.3 
laggron42,laggron42/Laggrons-Dumb-Cogs,52,50,Python,gpl-3.0,GNU General Public License v3.0,0,0,0,0,0,, 
graphhopper,graphhopper/graphhopper,4417,1463,Java,apache-2.0,Apache License 2.0,2,0,0,2,0,4.499999999999999,6.5 
pydantic,pydantic/pydantic,16317,1502,Python,mit,MIT License,1,0,0,1,0,7.5,7.5 
rust-blockchain,rust-blockchain/evm,1014,306,Rust,apache-2.0,Apache License 2.0,4,0,1,1,0,8.722222222222221,9.8 
dpgaspar,dpgaspar/Flask-AppBuilder,4351,1352,Python,bsd-3-clause,"BSD 3-Clause ""New"" or ""Revised"" License",8,0,0,5,0,5.413953488372089,8.8 
lostintangent,lostintangent/gistpad,881,55,TypeScript,mit,MIT License,1,0,0,1,0,5.3,5.3 
jnbt,jnbt/vscode-rufo,3,6,TypeScript,mit,MIT License,1,0,0,1,0,8.8,8.8 
houseabsolute,houseabsolute/Data-Validate-IP,4,1,Perl,other,Other,1,0,0,1,0,7.5,7.5 
mity,mity/md4c,638,127,C,mit,MIT License,8,0,4,4,0,8.297777777777782,9.8 
beego,beego/beego,30339,5683,Go,other,Other,7,0,4,2,1,7.602040816326535,9.8 
sandhje,sandhje/vscode-phpmd,14,3,TypeScript,mit,MIT License,1,0,1,0,0,9.8,9.8 
ClusterLabs,ClusterLabs/crmsh,120,91,Python,gpl-2.0,GNU General Public License v2.0,2,0,1,0,0,7.89090909090909,8.8 
michaelforney,michaelforney/samurai,730,47,C,other,Other,3,0,0,3,0,7.142857142857143,7.8 
LibrIT,LibrIT/passhport,52,19,Python,agpl-3.0,GNU Affero General Public License v3.0,1,0,0,1,0,6.5,6.5 
dramforever,dramforever/vscode-ghc-simple,223,15,TypeScript,isc,ISC License,1,0,1,0,0,9.8,9.8 
hsimpson,hsimpson/vscode-glsllint,61,10,TypeScript,mit,MIT License,1,0,1,0,0,9.8,9.8 
sqlcipher,sqlcipher/sqlcipher,5671,1239,C,bsd-3-clause,"BSD 3-Clause ""New"" or ""Revised"" License",2,0,0,2,0,7.5,7.5 
gogo,gogo/protobuf,5606,828,Go,other,Other,1,0,1,0,0,8.6,8.6 
Ysurac,Ysurac/openmptcprouter-vps-admin,12,11,Python,gpl-3.0,GNU General Public License v3.0,1,0,0,1,0,5.9,5.9 
LaurentTreguier,LaurentTreguier/vscode-rpm-spec,7,5,TypeScript,mit,MIT License,1,0,1,0,0,9.8,9.8 
FreeRTOS,FreeRTOS/FreeRTOS-Kernel,1982,891,C,mit,MIT License,4,0,4,0,0,8.37142857142857,9.8 
RIOT-OS,RIOT-OS/RIOT,4584,1938,C,lgpl-2.1,GNU Lesser General Public License v2.1,29,0,9,7,1,8.482722513088989,9.8 
pwndoc,pwndoc/pwndoc,1793,385,JavaScript,mit,MIT License,4,0,1,0,0,6.386206896551725,8.8 
mjwwit,mjwwit/node-XMLHttpRequest,14,24,JavaScript,mit,MIT License,1,0,1,0,0,9.4,9.4 
jpuri,jpuri/react-draft-wysiwyg,6207,1152,JavaScript,mit,MIT License,1,0,0,0,1,5.4,5.4 
Piwigo,Piwigo/LocalFilesEditor,2,2,PHP,,,1,0,0,1,0,7.5,7.5 
fortra,fortra/impacket,11940,3338,Python,other,Other,0,0,0,0,0,, 
FirelyTeam,FirelyTeam/spark,234,163,C#,bsd-3-clause,"BSD 3-Clause ""New"" or ""Revised"" License",1,0,0,1,0,6.1,6.1 
schismtracker,schismtracker/schismtracker,927,82,C,gpl-2.0,GNU General Public License v2.0,4,0,0,3,0,7.719354838709681,7.8 
zmister2016,zmister2016/MrDoc,2618,509,JavaScript,gpl-3.0,GNU General Public License v3.0,0,0,0,0,0,, 
q2a-projects,q2a-projects/Q2A-Ultimate-SEO,12,11,PHP,,,1,0,0,0,1,5.4,5.4 
github,github/codeql-action,941,348,TypeScript,mit,MIT License,1,0,0,0,1,4.4,4.4 
bytecodealliance,bytecodealliance/wasmtime,13380,1088,Rust,apache-2.0,Apache License 2.0,16,0,1,3,3,6.880000000000001,9.9 
nimble-platform,nimble-platform/common,2,2,Java,apache-2.0,Apache License 2.0,1,0,0,1,0,6.5,6.5 
NationalSecurityAgency,NationalSecurityAgency/emissary,230,122,Java,apache-2.0,Apache License 2.0,8,0,0,8,0,8.171830985915497,9.9 
authelia,authelia/authelia,17774,970,Go,apache-2.0,Apache License 2.0,2,0,1,1,0,5.8181818181818175,10.0 
websockets,websockets/ws,20450,2335,JavaScript,mit,MIT License,3,0,0,3,0,7.316666666666666,7.5 
auth0,auth0/lock,1121,581,JavaScript,other,Other,4,0,0,2,2,5.925000000000001,6.1 
tenancy,tenancy/multi-tenant,2481,393,PHP,mit,MIT License,1,0,0,1,0,6.1,6.1 
backstage,backstage/backstage,23994,4706,TypeScript,apache-2.0,Apache License 2.0,8,0,0,5,1,6.564705882352941,9.9 
nextcloud,nextcloud/android,3649,1681,Java,gpl-2.0,GNU General Public License v2.0,11,0,0,5,4,4.2821428571428575,7.5 
matrix-org,matrix-org/matrix-appservice-bridge,141,65,TypeScript,apache-2.0,Apache License 2.0,2,0,0,0,1,5.7,6.5 
wireapp,wireapp/wire-ios-data-model,27,17,Swift,,,2,0,0,2,0,6.5,6.5 
reg-viz,reg-viz/reg-suit,1077,84,TypeScript,mit,MIT License,1,0,1,0,0,9.8,9.8 
tiangolo,tiangolo/fastapi,64381,5460,Python,mit,MIT License,1,0,0,1,0,8.1,8.1 
scandipwa,scandipwa/create-magento-app,30,17,JavaScript,osl-3.0,Open Software License 3.0,1,0,0,1,0,5.5,5.5 
TogaTech,TogaTech/tEnvoy,3,1,JavaScript,lgpl-3.0,GNU Lesser General Public License v3.0,1,0,1,0,0,9.8,9.8 
elabftw,elabftw/elabftw,827,183,PHP,agpl-3.0,GNU Affero General Public License v3.0,8,0,1,5,1,7.366129032258068,9.8 
ApollosProject,ApollosProject/apollos-apps,1,0,JavaScript,other,Other,1,0,1,0,0,9.8,9.8 
symfony,symfony/security-http,1597,24,PHP,mit,MIT License,1,0,0,1,0,8.8,8.8 
ericnorris,ericnorris/striptags,487,54,TypeScript,mit,MIT License,1,0,0,1,0,5.3,5.3 
neos,neos/form,15,33,PHP,mit,MIT License,1,0,0,1,0,5.3,5.3 
pterodactyl,pterodactyl/wings,605,270,Go,mit,MIT License,4,0,0,0,1,8.558333333333332,8.8 
ballerina-platform,ballerina-platform/ballerina-lang,3473,724,Ballerina,apache-2.0,Apache License 2.0,1,0,0,1,0,7.4,7.4 
ory,ory/oathkeeper,3069,339,Go,apache-2.0,Apache License 2.0,1,0,0,1,0,7.5,7.5 
auth0,auth0/nextjs-auth0,1804,346,TypeScript,mit,MIT License,2,0,0,2,0,6.1,6.1 
thephpleague,thephpleague/flysystem,13054,813,PHP,mit,MIT License,1,0,1,0,0,8.1,8.1 
miraheze,miraheze/GlobalNewFiles,0,2,PHP,gpl-3.0,GNU General Public License v3.0,2,0,0,2,0,6.3,6.5 
check-spelling,check-spelling/check-spelling,213,27,Shell,mit,MIT License,1,0,0,1,0,9.9,9.9 
sporkmonger,sporkmonger/addressable,1516,291,Ruby,apache-2.0,Apache License 2.0,1,0,0,1,0,7.5,7.5 
redis,redis/hiredis,5926,1825,C,bsd-3-clause,"BSD 3-Clause ""New"" or ""Revised"" License",2,0,0,2,0,7.644444444444444,8.8 
racket,racket/racket,4600,641,Scheme,other,Other,1,0,0,1,0,7.5,7.5 
miraheze,miraheze/DataDump,3,8,PHP,gpl-3.0,GNU General Public License v3.0,1,0,0,1,0,5.4,5.4 
nextcloud,nextcloud/circles,137,46,PHP,agpl-3.0,GNU Affero General Public License v3.0,6,0,0,3,1,4.939534883720935,6.5 
projectcontour,projectcontour/contour,3533,656,Go,apache-2.0,Apache License 2.0,2,0,0,2,0,7.666666666666667,8.5 
JustArchiNET,JustArchiNET/ArchiSteamFarm,9987,1058,C#,apache-2.0,Apache License 2.0,3,0,0,3,0,7.269230769230769,7.5 
jupyterlab,jupyterlab/jupyterlab,13386,2888,TypeScript,other,Other,3,0,0,1,0,nan,nan 
plone,plone/Products.isurlinportal,2,1,Python,,,1,0,0,1,0,6.1,6.1 
zopefoundation,zopefoundation/AccessControl,11,20,Python,other,Other,3,0,0,2,0,7.325,7.7 
TekMonksGitHub,TekMonksGitHub/monkshu,8,14,JavaScript,other,Other,1,0,0,1,0,6.1,6.1 
skytable,skytable/skytable,1783,64,Rust,agpl-3.0,GNU Affero General Public License v3.0,2,0,1,1,0,7.8,8.1 
TryGhost,TryGhost/express-hbs,457,81,JavaScript,mit,MIT License,1,0,0,1,0,6.8,6.8 
squirrellyjs,squirrellyjs/squirrelly,519,80,TypeScript,mit,MIT License,1,0,0,1,0,8.8,8.8 
express-handlebars,express-handlebars/express-handlebars,224,67,TypeScript,bsd-3-clause,"BSD 3-Clause ""New"" or ""Revised"" License",2,0,0,2,0,6.963636363636362,8.6 
dmendel,dmendel/bindata,568,53,Ruby,bsd-2-clause,"BSD 2-Clause ""Simplified"" License",1,0,0,1,0,3.7,3.7 
bblfsh,bblfsh/bblfshd,347,53,Go,gpl-3.0,GNU General Public License v3.0,1,0,0,1,0,9.1,9.1 
python-mechanize,python-mechanize/mechanize,668,104,Python,bsd-3-clause,"BSD 3-Clause ""New"" or ""Revised"" License",1,0,0,0,0,7.5,7.5 
python-restx,python-restx/flask-restx,1975,318,Python,other,Other,1,0,0,1,0,7.5,7.5 
andialbrecht,andialbrecht/sqlparse,3432,661,Python,bsd-3-clause,"BSD 3-Clause ""New"" or ""Revised"" License",2,0,0,1,0,7.5,7.5 
icsharpcode,icsharpcode/SharpZipLib,3501,964,C#,mit,MIT License,4,0,1,3,0,5.595454545454544,9.8 
moby,moby/hyperkit,3533,356,C,bsd-2-clause,"BSD 2-Clause ""Simplified"" License",5,0,0,0,0,6.62,7.8 
claviska,claviska/jquery-minicolors,954,320,JavaScript,mit,MIT License,2,0,0,0,0,6.1,6.1 
ssshooter,ssshooter/mind-elixir-core,1729,259,TypeScript,mit,MIT License,1,0,0,0,0,6.1,6.1 
Vanessa219,Vanessa219/vditor,7083,776,TypeScript,mit,MIT License,1,0,0,0,0,6.1,6.1 
marcelodolza,marcelodolza/iziModal,2144,293,CSS,apache-2.0,Apache License 2.0,1,0,0,0,0,6.1,6.1 
futurepress,futurepress/epub.js,5962,1065,JavaScript,other,Other,1,0,0,1,0,6.1,6.1 
apache,apache/openoffice,830,290,C++,apache-2.0,Apache License 2.0,26,0,5,16,0,nan,nan 
pgpartman,pgpartman/pg_partman,1686,266,PLpgSQL,other,Other,1,0,1,0,0,9.8,9.8 
jchristn,jchristn/IpMatcher,15,2,C#,mit,MIT License,1,0,1,0,0,9.8,9.8 
ipfire,ipfire/ipfire-2.x,126,66,Perl,,,7,0,1,3,2,6.586885245901645,8.8 
cubecart,cubecart/v6,67,59,PHP,,,1,0,0,1,0,5.4,5.4 
inikulin,inikulin/replicator,25,8,JavaScript,mit,MIT License,1,0,0,0,0,9.8,9.8 
dutchcoders,dutchcoders/transfer.sh,14515,1524,Go,mit,MIT License,3,0,0,2,0,8.2,9.1 
libsdl-org,libsdl-org/SDL,7020,1318,C,zlib,zlib License,15,0,1,12,0,7.45175438596491,9.8 
drudru,drudru/ansi_up,723,98,JavaScript,mit,MIT License,1,0,0,1,0,6.1,6.1 
bdew-minecraft,bdew-minecraft/bdlib,19,16,Scala,mit,MIT License,1,0,1,0,0,9.8,9.8 
python-websockets,python-websockets/websockets,4771,500,Python,bsd-3-clause,"BSD 3-Clause ""New"" or ""Revised"" License",0,0,0,0,0,, 
systemd,systemd/systemd-stable,107,89,C,gpl-2.0,GNU General Public License v2.0,1,0,0,1,0,5.5,5.5 
openkm,openkm/document-management-system,631,288,Java,gpl-2.0,GNU General Public License v2.0,10,0,1,1,1,nan,nan 
lifion,lifion/lifion-verify-deps,3,1,JavaScript,apache-2.0,Apache License 2.0,1,0,1,0,0,8.8,8.8 
canonical,canonical/cloud-init,2379,780,Python,other,Other,7,0,1,0,3,6.639534883720929,8.8 
nvbn,nvbn/thefuck,80012,3492,Python,mit,MIT License,1,0,0,1,0,9.1,9.1 
gulpjs,gulpjs/glob-parent,75,49,JavaScript,isc,ISC License,2,0,0,1,0,7.5,7.5 
gitpod-io,gitpod-io/gitpod,11682,1204,Go,agpl-3.0,GNU Affero General Public License v3.0,3,0,0,1,0,7.85,9.6 
maxsite,maxsite/cms,139,64,PHP,gpl-3.0,GNU General Public License v3.0,6,0,2,2,2,7.9719999999999995,9.8 
containers,containers/buildah,6623,721,Go,apache-2.0,Apache License 2.0,5,0,1,2,1,7.216666666666668,8.8 
tesseract-ocr,tesseract-ocr/tesseract,54465,8871,C++,apache-2.0,Apache License 2.0,3,0,0,2,0,6.1066666666666665,7.8 
skalenetwork,skalenetwork/sgxwallet,59,40,Shell,agpl-3.0,GNU Affero General Public License v3.0,2,0,1,1,0,8.65,9.8 
open-power,open-power/skiboot,95,134,C,apache-2.0,Apache License 2.0,1,0,1,0,0,9.8,9.8 
dandavison,dandavison/delta,19025,327,Rust,mit,MIT License,1,0,0,1,0,7.8,7.8 
latchset,latchset/mod_auth_mellon,101,45,C,other,Other,1,0,0,0,0,6.1,6.1 
wildfly,wildfly/wildfly-core,174,463,Java,apache-2.0,Apache License 2.0,6,0,0,4,0,6.176470588235298,7.8 
viking04,Viking04/merge,1,1,JavaScript,mit,MIT License,0,0,0,0,0,, 
chatwoot,chatwoot/chatwoot,16639,2515,Ruby,other,Other,10,0,0,4,1,6.609999999999999,9.8 
fiznool,fiznool/body-parser-xml,35,10,JavaScript,mit,MIT License,1,0,1,0,0,9.8,9.8 
libjxl,libjxl/libjxl,1345,183,C++,bsd-3-clause,"BSD 3-Clause ""New"" or ""Revised"" License",9,0,1,3,3,6.701351351351354,9.8 
sharkdp,sharkdp/bat,43738,1161,Rust,apache-2.0,Apache License 2.0,1,0,0,1,0,7.8,7.8 
nightscout,nightscout/cgm-remote-monitor,2212,70566,JavaScript,agpl-3.0,GNU Affero General Public License v3.0,1,0,0,1,0,6.1,6.1 
dankogai,dankogai/p5-encode,36,50,Perl,,,1,0,0,1,0,7.8,7.8 
openshift,openshift/assisted-installer,54,83,Go,apache-2.0,Apache License 2.0,1,0,0,0,0,5.5,5.5 
undertow-io,undertow-io/undertow,3454,968,Java,apache-2.0,Apache License 2.0,34,0,3,21,1,nan,nan 
ledgersmb,ledgersmb/LedgerSMB,343,144,Perl,other,Other,14,0,8,6,0,nan,nan 
google,google/oss-fuzz-vulns,108,39,Python,cc-by-4.0,Creative Commons Attribution 4.0 International,1,0,0,1,0,6.5,6.5 
unicorn-engine,unicorn-engine/unicorn,6760,1253,C,gpl-2.0,GNU General Public License v2.0,7,0,0,6,1,7.358823529411763,8.1 
wez,wez/atomicparsley,481,62,C++,gpl-2.0,GNU General Public License v2.0,2,0,1,1,0,6.575,9.8 
yourls,YOURLS/YOURLS,9695,1917,PHP,mit,MIT License,4,0,1,2,1,nan,nan 
flatcore,flatCore/flatCore-CMS,50,17,JavaScript,gpl-3.0,GNU General Public License v3.0,21,0,4,11,5,6.7246987951807045,9.8 
axios,axios/axios,102443,10765,JavaScript,mit,MIT License,5,0,1,2,0,6.85,7.5 
bfabiszewski,bfabiszewski/libmobi,388,69,C,lgpl-3.0,GNU Lesser General Public License v3.0,21,0,2,18,1,7.309677419354836,9.8 
bookstackapp,BookStackApp/BookStack,12555,1638,PHP,mit,MIT License,7,0,1,1,4,6.373076923076923,8.8 
quay,quay/claircore,124,78,Go,apache-2.0,Apache License 2.0,1,0,1,0,0,9.8,9.8 
ckeditor,ckeditor/ckeditor4,5745,2535,Rich Text Format,other,Other,18,0,0,9,6,nan,nan 
validatorjs,validatorjs/validator.js,22004,2256,JavaScript,mit,MIT License,1,0,0,1,0,7.5,7.5 
Vincit,Vincit/objection.js,7116,662,JavaScript,mit,MIT License,1,0,1,0,0,9.8,9.8 
microsoft,microsoft/onefuzz,2779,199,C#,mit,MIT License,1,0,0,1,0,10.0,10.0 
github,github/paste-markdown,199,43,TypeScript,mit,MIT License,1,0,0,1,0,6.1,6.1 
daaku,daaku/nodejs-tmpl,20,34,JavaScript,other,Other,1,0,1,0,0,7.5,7.5 
filebrowser,filebrowser/filebrowser,21349,2524,Go,apache-2.0,Apache License 2.0,3,0,0,1,1,7.733333333333334,9.0 
chocobozzz,Chocobozzz/PeerTube,12076,1382,TypeScript,agpl-3.0,GNU Affero General Public License v3.0,0,0,0,0,0,, 
barebox,barebox/barebox,110,50,C,other,Other,0,0,0,0,0,, 
vuelidate,vuelidate/vuelidate,6757,505,JavaScript,mit,MIT License,1,0,0,1,0,7.5,7.5 
sindresorhus,sindresorhus/semver-regex,142,39,JavaScript,mit,MIT License,2,0,0,2,0,7.5,7.5 
opencryptoki,opencryptoki/opencryptoki,116,51,C,other,Other,1,0,0,0,0,5.5,5.5 
getgrav,getgrav/grav-plugin-admin,348,225,PHP,mit,MIT License,4,0,1,2,1,8.173913043478258,9.8 
prismjs,PrismJS/prism,11686,1310,JavaScript,mit,MIT License,4,0,0,3,1,7.315384615384615,7.5 
fb55,fb55/nth-check,52,27,TypeScript,bsd-2-clause,"BSD 2-Clause ""Simplified"" License",1,0,0,1,0,7.5,7.5 
nervjs,NervJS/taro,33801,4782,TypeScript,other,Other,0,0,0,0,0,, 
chalk,chalk/ansi-regex,168,67,JavaScript,mit,MIT License,1,0,1,0,0,7.5,7.5 
coder,coder/code-server,62800,5262,TypeScript,mit,MIT License,1,0,0,0,0,9.3,9.3 
fabiocaccamo,fabiocaccamo/utils.js,19,5,JavaScript,mit,MIT License,1,0,1,0,0,9.8,9.8 
wbce,WBCE/WBCE_CMS,29,20,PHP,gpl-2.0,GNU General Public License v2.0,28,0,0,7,4,6.1666666666666625,9.8 
digint,digint/btrbk,1368,106,Perl,gpl-3.0,GNU General Public License v3.0,1,0,1,0,0,9.8,9.8 
pksunkara,pksunkara/inflect,224,70,JavaScript,mit,MIT License,1,0,0,1,0,7.5,7.5 
josdejong,josdejong/jsoneditor,10683,2023,JavaScript,apache-2.0,Apache License 2.0,2,0,0,2,0,6.333333333333333,7.5 
openwhyd,openwhyd/openwhyd,381,78,JavaScript,mit,MIT License,2,0,0,2,0,6.1,6.1 
dbeaver,dbeaver/dbeaver,34824,3122,Java,apache-2.0,Apache License 2.0,1,0,0,1,0,5.5,5.5 
owntone,owntone/owntone-server,1827,221,C,gpl-2.0,GNU General Public License v2.0,1,0,1,0,0,9.8,9.8 
DPDK,DPDK/dpdk,2751,1111,C,,,14,0,1,6,4,6.73770491803278,8.8 
netristv,NetrisTV/ws-scrcpy,1164,234,TypeScript,mit,MIT License,0,0,0,0,0,, 
adodb,ADOdb/ADOdb,409,273,PHP,other,Other,3,0,1,2,0,6.658333333333334,9.8 
weseek,weseek/growi,1211,218,TypeScript,mit,MIT License,42,0,0,22,6,6.034825870646785,9.1 
wal-g,wal-g/wal-g,2744,396,Go,other,Other,1,0,0,1,0,7.5,7.5 
yogeshojha,yogeshojha/rengine,6025,949,Python,gpl-3.0,GNU General Public License v3.0,6,0,3,0,1,8.51428571428572,9.8 
icecoder,icecoder/ICEcoder,1402,351,PHP,other,Other,2,0,0,0,1,6.8,7.5 
netless-io,netless-io/flat-server,593,251,TypeScript,mit,MIT License,1,0,0,1,0,9.1,9.1 
jgm,jgm/gitit,2104,228,Haskell,gpl-2.0,GNU General Public License v2.0,1,0,0,1,0,7.5,7.5 
Richard-W,Richard-W/late-static,2,0,Rust,mit,MIT License,1,0,0,1,0,7.0,7.0 
sonicdoe,sonicdoe/ced,11,2,C++,other,Other,1,0,0,1,0,7.5,7.5 
rundeck,rundeck/rundeck,5119,879,Groovy,apache-2.0,Apache License 2.0,10,0,0,8,0,6.873913043478256,9.8 
kapetan,kapetan/dns,392,127,C#,mit,MIT License,1,0,0,0,0,9.8,9.8 
sonicdoe,sonicdoe/detect-character-encoding,82,15,C++,other,Other,2,0,0,2,0,7.5,7.5 
jupyterhub,jupyterhub/binderhub,2400,389,Python,bsd-3-clause,"BSD 3-Clause ""New"" or ""Revised"" License",1,0,1,0,0,9.8,9.8 
jupyterhub,jupyterhub/nbgitpuller,193,83,Python,bsd-3-clause,"BSD 3-Clause ""New"" or ""Revised"" License",1,0,0,1,0,8.8,8.8 
fiveai,fiveai/Cachet,103,30,PHP,bsd-3-clause,"BSD 3-Clause ""New"" or ""Revised"" License",4,0,0,4,0,8.59090909090909,8.8 
OpenZeppelin,OpenZeppelin/openzeppelin-contracts,23210,11674,JavaScript,mit,MIT License,19,0,3,1,0,6.539603960396037,9.8 
coreos,coreos/coreos-installer,193,94,Rust,apache-2.0,Apache License 2.0,2,0,0,1,0,7.59090909090909,7.8 
GeyserMC,GeyserMC/Geyser,4195,594,Java,mit,MIT License,1,0,1,0,0,9.8,9.8 
dhis2,dhis2/dhis2-core,263,313,Java,bsd-3-clause,"BSD 3-Clause ""New"" or ""Revised"" License",8,0,0,4,0,7.624074074074075,8.8 
kriszyp,kriszyp/json-schema,507,173,JavaScript,other,Other,1,0,1,0,0,9.8,9.8 
OpenOLAT,OpenOLAT/OpenOLAT,263,123,Java,other,Other,4,0,2,2,0,8.442857142857145,8.8 
spyware-suyash,spyware-suyash/EnroCrypt,4,2,Python,mit,MIT License,0,0,0,0,0,, 
pluginsGLPI,pluginsGLPI/sccm,31,25,PHP,gpl-3.0,GNU General Public License v3.0,1,0,0,0,0,5.3,5.3 
paritytech,paritytech/frontier,495,402,Rust,apache-2.0,Apache License 2.0,8,0,0,4,0,5.699999999999998,7.5 
charleskorn,charleskorn/kaml,409,37,Kotlin,apache-2.0,Apache License 2.0,2,0,0,1,0,7.0,7.5 
jdhwpgmbca,jdhwpgmbca/pcapture,1,1,Java,bsd-2-clause,"BSD 2-Clause ""Simplified"" License",1,0,0,1,0,6.5,6.5 
BetterErrors,BetterErrors/better_errors,6843,454,Ruby,mit,MIT License,1,0,0,1,0,8.8,8.8 
remarkjs,remarkjs/remark-html,287,24,JavaScript,mit,MIT License,1,0,0,1,0,6.1,6.1 
facebookresearch,facebookresearch/ParlAI,10365,2087,Python,mit,MIT License,2,0,1,1,0,9.133333333333335,9.8 
webrecorder,webrecorder/pywb,1231,198,JavaScript,gpl-3.0,GNU General Public License v3.0,1,0,0,1,0,6.1,6.1 
grafana,grafana/grafana,57899,11418,TypeScript,agpl-3.0,GNU Affero General Public License v3.0,63,0,3,28,9,6.691295546558705,9.8 
FrankEnderman,FrankEnderman/Butter,0,1,Batchfile,gpl-3.0,GNU General Public License v3.0,1,0,0,1,0,6.5,6.5 
area17,area17/twill,3441,531,PHP,apache-2.0,Apache License 2.0,1,0,0,1,0,4.3,4.3 
DIPlib,DIPlib/diplib,189,49,C++,apache-2.0,Apache License 2.0,1,0,0,0,0,6.5,6.5 
django-helpdesk,django-helpdesk/django-helpdesk,1453,617,Python,bsd-3-clause,"BSD 3-Clause ""New"" or ""Revised"" License",3,0,0,2,1,7.033333333333334,9.6 
elgg,Elgg/Elgg,1610,729,PHP,other,Other,8,0,1,7,0,nan,nan 
haproxy,haproxy/haproxy,4105,735,C,other,Other,26,0,1,19,0,nan,nan 
ansible,ansible/ansible-runner,866,326,Python,other,Other,3,0,0,0,0,6.675,7.8 
OpenMathLib,OpenMathLib/OpenBLAS,5588,1379,C,bsd-3-clause,"BSD 3-Clause ""New"" or ""Revised"" License",0,0,0,0,0,, 
Reference-LAPACK,Reference-LAPACK/lapack,1267,395,Fortran,other,Other,1,0,0,1,0,9.1,9.1 
openrisc,openrisc/or1200,142,74,Verilog,,,2,0,0,0,0,9.8,9.8 
babelouest,babelouest/ulfius,977,181,C,lgpl-2.1,GNU Lesser General Public License v2.1,1,0,1,0,0,9.8,9.8 
v2fly,v2fly/v2ray-core,25298,4246,Go,mit,MIT License,1,0,0,1,0,9.1,9.1 
latchset,latchset/tang,388,56,C,gpl-3.0,GNU General Public License v3.0,2,0,0,1,0,6.4,7.5 
Lightning-AI,Lightning-AI/lightning,25069,3060,Python,apache-2.0,Apache License 2.0,0,0,0,0,0,, 
babelouest,babelouest/glewlwyd,414,84,C,other,Other,5,0,2,2,0,9.14,9.8 
aresch,aresch/rencode,29,5,Python,gpl-3.0,GNU General Public License v3.0,1,0,0,1,0,7.5,7.5 
ONLYOFFICE,ONLYOFFICE/plugin-translator,3,7,JavaScript,apache-2.0,Apache License 2.0,1,0,1,0,0,9.8,9.8 
justingit,justingit/dada-mail,160,39,Perl,gpl-2.0,GNU General Public License v2.0,1,0,0,1,0,8.8,8.8 
jsuites,jsuites/jsuites,476,63,JavaScript,mit,MIT License,2,0,0,0,1,5.633333333333333,6.1 
in-toto,in-toto/in-toto-golang,106,45,Go,other,Other,1,0,0,1,0,6.5,6.5 
elves,elves/elvish,5169,291,Go,bsd-2-clause,"BSD 2-Clause ""Simplified"" License",1,0,1,0,0,8.8,8.8 
grafana,grafana/agent,1338,420,Go,apache-2.0,Apache License 2.0,1,0,0,1,0,7.5,7.5 
docker,docker/cli,4320,1856,Go,apache-2.0,Apache License 2.0,1,0,0,1,0,7.5,7.5 
mayankmetha,mayankmetha/Rucky,432,59,Java,gpl-3.0,GNU General Public License v3.0,1,0,0,1,0,7.5,7.5 
aurelia,aurelia/path,20,26,TypeScript,mit,MIT License,1,0,0,1,0,7.5,7.5 
lcobucci,lcobucci/jwt,7083,592,PHP,bsd-3-clause,"BSD 3-Clause ""New"" or ""Revised"" License",2,0,0,1,1,6.8,7.5 
common-workflow-language,common-workflow-language/cwlviewer,41,27,Java,apache-2.0,Apache License 2.0,1,0,1,0,0,9.8,9.8 
composer,composer/composer,27931,6770,PHP,mit,MIT License,5,0,1,2,0,8.840000000000003,9.8 
Universal-Omega,Universal-Omega/DynamicPageList3,16,21,PHP,gpl-3.0,GNU General Public License v3.0,1,0,0,1,0,7.5,7.5 
Sylius,Sylius/PayPalPlugin,31,48,PHP,mit,MIT License,1,0,0,1,0,7.5,7.5 
surveysolutions,surveysolutions/surveysolutions,32,17,C#,other,Other,1,0,0,1,0,5.3,5.3 
scrapy-plugins,scrapy-plugins/scrapy-splash,3005,490,Python,bsd-3-clause,"BSD 3-Clause ""New"" or ""Revised"" License",1,0,0,1,0,7.5,7.5 
scrapy,scrapy/scrapy,49192,10288,Python,bsd-3-clause,"BSD 3-Clause ""New"" or ""Revised"" License",3,0,1,2,0,7.333333333333333,7.5 
RasaHQ,RasaHQ/rasa,17200,4473,Python,apache-2.0,Apache License 2.0,1,0,0,1,0,7.1,7.1 
jshmrtn,jshmrtn/hygeia,41,9,Elixir,other,Other,1,0,0,1,0,8.8,8.8 
pterodactyl,pterodactyl/panel,5447,1383,PHP,other,Other,4,0,0,4,0,6.05,8.1 
cloudendpoints,cloudendpoints/esp,280,73,C++,bsd-2-clause,"BSD 2-Clause ""Simplified"" License",1,0,0,1,0,5.4,5.4 
jupyter,jupyter/nbdime,2527,164,TypeScript,other,Other,1,0,0,0,1,5.4,5.4 
cosmos,cosmos/cosmos-sdk,5500,3059,Go,apache-2.0,Apache License 2.0,1,0,0,1,0,6.5,6.5 
discourse,discourse/discourse-reactions,29,16,Ruby,mit,MIT License,3,0,0,1,0,nan,nan 
awslabs,awslabs/tough,174,38,Rust,,,3,0,1,1,1,8.383333333333331,8.6 
wireapp,wireapp/wire-avs,132,58,C,gpl-3.0,GNU General Public License v3.0,2,0,1,0,0,9.3,9.8 
signalwire,signalwire/freeswitch,2665,1221,C,other,Other,13,0,3,7,0,nan,nan 
nicolas-van,nicolas-van/modern-async,179,7,JavaScript,mit,MIT License,1,0,0,1,0,7.5,7.5 
reddit,reddit/snudown,179,79,C,bsd-3-clause,"BSD 3-Clause ""New"" or ""Revised"" License",1,0,0,1,0,6.5,6.5 
sroehrl,sroehrl/neoan3-template,3,1,PHP,,,1,0,1,0,0,9.8,9.8 
kizniche,kizniche/Mycodo,2689,456,Python,gpl-3.0,GNU General Public License v3.0,1,0,0,1,0,6.5,6.5 
opencontainers,opencontainers/distribution-spec,664,200,Go,apache-2.0,Apache License 2.0,1,0,0,1,0,5.0,5.0 
Redon-Tech,Redon-Tech/Roblox-Purchasing-Hub,13,15,Python,mit,MIT License,1,0,0,1,0,7.5,7.5 
getredash,getredash/redash,24072,4180,Python,bsd-2-clause,"BSD 2-Clause ""Simplified"" License",5,0,0,4,1,6.365217391304348,8.8 
python-discord,python-discord/bot,1204,727,Python,mit,MIT License,1,0,0,1,0,4.3,4.3 
StevenWeathers,StevenWeathers/thunderdome-planning-poker,328,91,Svelte,apache-2.0,Apache License 2.0,1,0,1,0,0,9.8,9.8 
oroinc,oroinc/platform,622,353,PHP,mit,MIT License,3,0,0,1,1,9.299999999999999,9.8 
auth0,auth0/express-openid-connect,413,136,JavaScript,mit,MIT License,2,0,0,2,0,7.45,8.8 
jupyterhub,jupyterhub/jupyterhub,7390,1965,Python,bsd-3-clause,"BSD 3-Clause ""New"" or ""Revised"" License",3,0,0,2,1,5.404761904761905,7.5 
graphql,graphql/graphiql,15345,1760,TypeScript,mit,MIT License,1,0,0,0,1,4.7,4.7 
nextcloud,nextcloud/news-android,643,249,Java,agpl-3.0,GNU Affero General Public License v3.0,1,0,0,1,0,7.1,7.1 
discourse,discourse/rails_multisite,216,16,Ruby,mit,MIT License,1,0,0,1,0,8.8,8.8 
solidusio,solidusio/solidus_auth_devise,50,127,Ruby,bsd-3-clause,"BSD 3-Clause ""New"" or ""Revised"" License",1,0,0,1,0,8.8,8.8 
metabase,metabase/metabase,34824,4732,Clojure,other,Other,14,0,0,3,2,7.64711538461538,9.8 
edgexfoundry,edgexfoundry/app-functions-sdk-go,36,77,Go,apache-2.0,Apache License 2.0,1,0,0,0,1,5.7,5.7 
sharetribe,sharetribe/sharetribe,2306,1319,Ruby,other,Other,1,0,1,0,0,9.8,9.8 
mandatoryprogrammer,mandatoryprogrammer/xsshunter-express,1073,259,JavaScript,mit,MIT License,1,0,1,0,0,9.8,9.8 
albertodemichelis,albertodemichelis/squirrel,838,142,C++,mit,MIT License,2,0,1,0,0,10.0,10.0 
opencats,opencats/OpenCATS,426,218,PHP,other,Other,24,0,2,2,0,6.4083333333333306,9.8 
jaredhanson,jaredhanson/passport-oauth2,580,333,JavaScript,mit,MIT License,1,0,0,1,0,5.3,5.3 
archivy,archivy/archivy,3063,106,Python,mit,MIT License,2,0,0,2,0,5.199999999999999,6.1 
DCMTK,DCMTK/dcmtk,632,280,C++,other,Other,10,0,4,4,1,nan,nan 
sdfsky,sdfsky/tipask,313,109,JavaScript,,,1,0,0,1,0,6.5,6.5 
dogtagpki,dogtagpki/jss,18,26,Java,,,3,0,0,1,0,7.200000000000001,7.5 
adamghill,adamghill/django-unicorn,1969,100,Python,mit,MIT License,2,0,0,1,1,5.463636363636363,6.1 
ArtifexSoftware,ArtifexSoftware/mupdf,906,234,C,agpl-3.0,GNU Affero General Public License v3.0,56,0,3,44,0,nan,nan 
angular,angular/angular,91714,24600,TypeScript,mit,MIT License,1,0,0,0,1,5.4,5.4 
OpenRC,OpenRC/openrc,1282,223,C,bsd-2-clause,"BSD 2-Clause ""Simplified"" License",2,0,0,1,1,5.863636363636363,7.5 
go-yaml,go-yaml/yaml,6510,1077,Go,other,Other,4,0,0,2,0,6.75,7.5 
ecnepsnai,ecnepsnai/web,0,0,Go,mit,MIT License,1,0,0,0,0,9.8,9.8 
Masterminds,Masterminds/goutils,92,27,Go,apache-2.0,Apache License 2.0,1,0,0,0,0,9.1,9.1 
EvanHerman,EvanHerman/yikes-inc-easy-mailchimp-extender,24,26,PHP,gpl-2.0,GNU General Public License v2.0,1,0,0,0,0,6.1,6.1 
chbrown,chbrown/rfc6902,290,35,TypeScript,,,1,0,0,0,0,9.8,9.8 
OWASP,OWASP/NodeGoat,1780,1480,HTML,apache-2.0,Apache License 2.0,1,0,0,0,0,7.5,7.5 
snoyberg,snoyberg/xml,69,62,Haskell,,,1,0,0,0,0,7.5,7.5 
cgriego,cgriego/active_attr,1193,89,Ruby,mit,MIT License,1,0,0,0,0,7.5,7.5 
andrewsauder,andrewsauder/as,0,0,PHP,mit,MIT License,1,0,0,0,0,6.1,6.1 
lesterchan,lesterchan/wp-ban,20,10,PHP,,,2,0,0,0,0,6.1,6.1 
ctrlo,ctrlo/lenio,0,1,Perl,agpl-3.0,GNU Affero General Public License v3.0,5,0,0,0,0,6.1,6.1 
whohas,whohas/whohas,57,11,Perl,gpl-2.0,GNU General Public License v2.0,1,0,0,0,0,7.5,7.5 
mannyvergel,mannyvergel/oils-js,3,0,JavaScript,mit,MIT License,1,0,0,0,0,6.1,6.1 
platzhersh,platzhersh/pacman-canvas,321,561,JavaScript,cc0-1.0,Creative Commons Zero v1.0 Universal,1,0,0,0,0,9.8,9.8 
mgallegos,mgallegos/laravel-jqgrid,69,43,PHP,other,Other,1,0,0,0,0,9.8,9.8 
leanote,leanote/leanote,11356,2486,JavaScript,,,2,0,0,0,1,6.099999999999999,6.1 
siwapp,siwapp/siwapp-ror,324,190,Ruby,mit,MIT License,1,0,0,0,0,6.1,6.1 
linkedin,linkedin/dustjs,2915,508,JavaScript,mit,MIT License,1,0,0,0,0,8.8,8.8 
webdetails,webdetails/cpf,8,60,Java,other,Other,1,0,0,0,0,6.1,6.1 
tad0616,tad0616/tad_discuss,1,4,PHP,,,1,0,0,0,0,6.1,6.1 
simplerisk,simplerisk/code,87,51,PHP,,,2,0,0,1,0,6.1000000000000005,6.1 
peders,peders/Imprint-CMS,1,0,C#,,,1,0,0,0,0,6.1,6.1 
panicsteve,panicsteve/w2wiki,122,24,PHP,mit,MIT License,1,0,0,0,0,6.1,6.1 
studygolang,studygolang/studygolang,2583,769,Go,bsd-3-clause,"BSD 3-Clause ""New"" or ""Revised"" License",2,0,0,0,0,6.1,6.1 
sileht,sileht/bird-lg,299,107,Python,other,Other,1,0,0,0,0,6.1,6.1 
katlings,katlings/pyambic-pentameter,15,5,Python,mit,MIT License,1,0,0,0,0,8.8,8.8 
dns-stats,dns-stats/hedgehog,29,13,R,other,Other,1,0,0,0,0,8.8,8.8 
cronvel,cronvel/tree-kit,28,6,JavaScript,mit,MIT License,2,0,0,0,0,8.8,9.8 
Starcounter-Jack,Starcounter-Jack/JSON-Patch,1705,210,JavaScript,mit,MIT License,1,0,0,0,0,9.8,9.8 
stylerw,stylerw/styler_praat_scripts,87,30,,,,1,0,0,0,0,6.5,6.5 
forthebadge,forthebadge/for-the-badge,1780,157,SCSS,gpl-3.0,GNU General Public License v3.0,0,0,0,0,0,, 
FreePBX,FreePBX/voicemail,2,18,PHP,gpl-3.0,GNU General Public License v3.0,2,0,0,0,0,5.75,6.1 
tidwall,tidwall/gjson,12978,857,Go,mit,MIT License,5,0,0,5,0,7.5,7.5 
openmrs,openmrs/openmrs-module-htmlformentryui,2,61,Java,,,1,0,0,0,0,6.1,6.1 
NagiosEnterprises,NagiosEnterprises/ncpa,166,94,Python,other,Other,1,0,0,0,0,6.1,6.1 
cocagne,cocagne/pysrp,109,41,Python,mit,MIT License,1,0,0,0,0,7.5,7.5 
ReFirmLabs,ReFirmLabs/binwalk,9741,1453,Python,mit,MIT License,2,0,0,0,0,7.366666666666667,7.8 
openmrs,openmrs/openmrs-module-referenceapplication,6,137,SCSS,other,Other,3,0,1,0,0,9.127272727272727,9.8 
maboehm,maboehm/fallstudie,0,0,JavaScript,mit,MIT License,1,0,0,0,0,9.8,9.8 
fuzzard,fuzzard/xbmc,12,1,C++,other,Other,1,0,0,1,0,5.5,5.5 
xbmc,xbmc/xbmc,16465,6230,C++,other,Other,6,0,0,3,1,nan,nan 
gnuboard,gnuboard/youngcart5,7,12,PHP,other,Other,1,0,0,0,0,6.1,6.1 
openshift,openshift/osin,1845,405,Go,bsd-3-clause,"BSD 3-Clause ""New"" or ""Revised"" License",1,0,0,0,0,5.9,5.9 
onc-healthit,onc-healthit/code-validator-api,6,29,Java,other,Other,1,0,0,0,0,9.8,9.8 
w3c,w3c/Unicorn,119,76,Java,other,Other,1,0,0,0,0,6.1,6.1 
ndlib,ndlib/sipity,13,2,Ruby,,,1,0,0,0,0,9.8,9.8 
cronvel,cronvel/string-kit,16,3,JavaScript,mit,MIT License,1,0,0,0,0,7.5,7.5 
ghostlander,ghostlander/Halcyon,7,3,C,mit,MIT License,1,0,0,0,0,9.8,9.8 
shannah,shannah/xataface,131,56,PHP,gpl-2.0,GNU General Public License v2.0,1,0,0,0,0,6.1,6.1 
eprintsug,eprintsug/ulcc-core,4,6,Perl,gpl-3.0,GNU General Public License v3.0,1,0,0,0,0,9.8,9.8 
Woorank,Woorank/robots-txt-guard,2,1,JavaScript,mit,MIT License,1,0,0,0,0,7.5,7.5 
Yomguithereal,Yomguithereal/baobab,3145,129,JavaScript,mit,MIT License,1,0,0,0,0,9.8,9.8 
WebPA,WebPA/WebPA,31,26,PHP,gpl-3.0,GNU General Public License v3.0,1,0,0,0,0,9.8,9.8 
membrane,membrane/soa-model,89,74,Groovy,apache-2.0,Apache License 2.0,1,0,1,0,0,9.8,9.8 
yeswiki,YesWiki/yeswiki,92,46,PHP,agpl-3.0,GNU Affero General Public License v3.0,1,0,1,0,0,9.799999999999999,9.8 
Talend,Talend/tmdm-server-se,20,15,HTML,,,2,0,0,0,0,7.050000000000001,9.8 
Th3-822,Th3-822/rapidleech,585,563,PHP,,,3,0,0,2,0,nan,nan 
NethServer,NethServer/nethserver-phonehome,0,9,PHP,gpl-3.0,GNU General Public License v3.0,1,0,0,0,0,9.8,9.8 
caolan,caolan/async,27961,2510,JavaScript,mit,MIT License,1,0,0,1,0,7.8,7.8 
NYUCCL,NYUCCL/psiTurk,277,140,Python,mit,MIT License,1,0,0,0,0,8.8,8.8 
nhn,nhn/tui.chart,5273,342,TypeScript,mit,MIT License,1,0,0,0,0,6.1,6.1 
jwadhams,jwadhams/json-logic-js,1122,135,JavaScript,mit,MIT License,1,0,0,0,0,9.8,9.8 
ITRS-Group,ITRS-Group/monitor-ninja,29,13,PHP,other,Other,1,0,0,0,0,9.8,9.8 
wbx-github,wbx-github/uclibc-ng,102,34,C,lgpl-2.1,GNU Lesser General Public License v2.1,6,0,1,5,0,7.4833333333333325,9.8 
starkbank,starkbank/ecdsa-python,119,40,Python,mit,MIT License,1,0,1,0,0,9.8,9.8 
doctrine,doctrine/dbal,9188,1279,PHP,mit,MIT License,1,0,1,0,0,9.8,9.8 
spotweb,spotweb/spotweb,495,184,PHP,bsd-3-clause,"BSD 3-Clause ""New"" or ""Revised"" License",10,0,2,7,1,6.836263736263753,9.8 
pluginsGLPI,pluginsGLPI/barcode,31,32,PHP,agpl-3.0,GNU Affero General Public License v3.0,1,0,0,1,0,7.5,7.5 
pluginsGLPI,pluginsGLPI/addressing,29,17,PHP,gpl-2.0,GNU General Public License v2.0,1,0,1,0,0,9.9,9.9 
inveniosoftware,inveniosoftware/invenio-drafts-resources,0,33,Python,mit,MIT License,1,0,0,1,0,4.3,4.3 
bytecodealliance,bytecodealliance/lucet,4079,167,Rust,apache-2.0,Apache License 2.0,2,0,0,2,0,9.009090909090908,9.1 
vercel,vercel/next.js,114397,25147,JavaScript,mit,MIT License,10,0,0,8,0,6.795890410958904,7.5 
solidusio,solidusio/solidus,4796,1264,Ruby,other,Other,4,0,0,4,0,5.393333333333333,7.5 
dweomer,dweomer/containerd,0,1,Go,apache-2.0,Apache License 2.0,1,0,0,1,0,9.1,9.1 
jackalope,jackalope/jackalope-doctrine-dbal,138,60,PHP,other,Other,1,0,0,1,0,7.5,7.5 
discourse,discourse/discourse-footnote,12,6,Ruby,,,1,0,0,1,0,4.3,4.3 
Patrowl,Patrowl/PatrowlManager,593,114,HTML,agpl-3.0,GNU Affero General Public License v3.0,2,0,0,2,0,7.618181818181818,8.8 
gradio-app,gradio-app/gradio,23310,1656,Python,apache-2.0,Apache License 2.0,7,0,0,1,1,7.488461538461541,9.8 
peopledoc,peopledoc/vault-cli,71,18,Python,other,Other,1,0,1,0,0,9.1,9.1 
yhatt,yhatt/jsx-slack,368,14,TypeScript,mit,MIT License,2,0,0,2,0,7.5,7.5 
crypto-org-chain,crypto-org-chain/cronos,252,222,Go,other,Other,1,0,0,1,0,7.5,7.5 
discourse,discourse/message_bus,1638,135,Ruby,mit,MIT License,1,0,0,0,1,6.5,6.5 
NiklasMerz,NiklasMerz/cordova-plugin-fingerprint-aio,309,183,Java,mit,MIT License,1,0,0,0,1,5.5,5.5 
mermaid-js,mermaid-js/mermaid,62615,5389,JavaScript,mit,MIT License,3,0,0,2,1,6.041666666666667,6.1 
open5gs,open5gs/open5gs,1420,616,C,agpl-3.0,GNU Affero General Public License v3.0,21,0,2,5,0,7.611538461538468,9.8 
e2guardian,e2guardian/e2guardian,441,133,HTML,gpl-2.0,GNU General Public License v2.0,1,0,0,1,0,7.4,7.4 
what3words,what3words/wordpress-autosuggest-plugin,3,2,PHP,,,1,0,0,0,0,7.5,7.5 
occlum,occlum/occlum,1232,212,Rust,other,Other,1,0,0,0,1,5.5,5.5 
tmate-io,tmate-io/tmate-ssh-server,591,140,C,other,Other,2,0,0,2,0,7.0,7.0 
thexerteproject,thexerteproject/xerteonlinetoolkits,61,56,JavaScript,apache-2.0,Apache License 2.0,4,0,1,2,1,8.0,9.8 
opensearch-project,opensearch-project/opensearch-cli,36,28,Go,apache-2.0,Apache License 2.0,1,0,1,0,0,9.8,9.8 
pac4j,pac4j/pac4j,2333,678,Java,apache-2.0,Apache License 2.0,2,0,0,2,0,6.633333333333333,7.5 
DMPRoadmap,DMPRoadmap/roadmap,92,109,Ruby,mit,MIT License,1,0,0,1,0,6.1,6.1 
cve-search,cve-search/cve-search,2122,583,Python,agpl-3.0,GNU Affero General Public License v3.0,1,0,0,1,0,7.5,7.5 
AuthGuard,AuthGuard/AuthGuard,9,0,Java,other,Other,1,0,1,0,0,9.8,9.8 
mdbtools,mdbtools/mdbtools,901,198,C,gpl-2.0,GNU General Public License v2.0,2,0,0,2,0,7.8,7.8 
wolfSSL,wolfSSL/wolfMQTT,483,154,C,gpl-3.0,GNU General Public License v3.0,7,0,0,7,0,5.5,5.5 
LoicMarechal,LoicMarechal/libMeshb,38,9,C,mit,MIT License,1,0,0,1,0,6.5,6.5 
InternationalScratchWiki,InternationalScratchWiki/scratch-confirmaccount-v3,4,7,PHP,,,1,0,0,1,0,6.5,6.5 
ruven,ruven/iipsrv,271,113,C++,gpl-3.0,GNU General Public License v3.0,1,0,0,1,0,7.5,7.5 
nginx,nginx/njs,706,106,C,bsd-2-clause,"BSD 2-Clause ""Simplified"" License",44,0,11,10,6,8.035510204081623,9.8 
CVEProject,CVEProject/cve-services,121,92,JavaScript,cc0-1.0,Creative Commons Zero v1.0 Universal,2,0,0,2,0,7.35,7.5 
genieacs,genieacs/genieacs,571,289,TypeScript,agpl-3.0,GNU Affero General Public License v3.0,1,0,1,0,0,9.8,9.8 
phoenixframework,phoenixframework/phoenix_html,362,252,Elixir,mit,MIT License,1,0,0,0,0,6.1,6.1 
nim-lang,nim-lang/Nim,15645,1443,Nim,other,Other,10,0,2,7,0,7.965853658536587,9.8 
ezsystems,ezsystems/ezpublish-kernel,159,210,PHP,other,Other,19,0,3,11,1,nan,nan 
sehmaschine,sehmaschine/django-grappelli,3509,654,HTML,other,Other,1,0,0,0,0,6.1,6.1 
xnio,xnio/xnio,275,142,Java,apache-2.0,Apache License 2.0,2,0,0,1,0,6.166666666666667,7.5 
transloadit,transloadit/uppy,27539,1935,JavaScript,mit,MIT License,4,0,2,2,0,8.65,9.8 
keystonejs,keystonejs/keystone,8428,1081,TypeScript,mit,MIT License,11,0,1,5,1,7.448192771084342,9.8 
digitalbazaar,digitalbazaar/forge,4843,782,JavaScript,other,Other,5,0,1,4,0,6.6428571428571415,7.5 
hoppscotch,hoppscotch/hoppscotch,56353,3913,TypeScript,mit,MIT License,2,0,0,1,0,8.4,8.8 
shelljs,shelljs/shelljs,14001,772,JavaScript,bsd-3-clause,"BSD 3-Clause ""New"" or ""Revised"" License",1,0,0,0,1,7.1,7.1 
follow-redirects,follow-redirects/follow-redirects,484,147,JavaScript,mit,MIT License,3,0,0,2,0,6.166666666666667,6.5 
broofa,broofa/mime,2018,355,TypeScript,mit,MIT License,1,0,0,1,0,7.5,7.5 
phoronix-test-suite,phoronix-test-suite/phoronix-test-suite,2161,357,PHP,gpl-3.0,GNU General Public License v3.0,6,0,0,4,1,6.583333333333333,8.8 
orchardcms,OrchardCMS/OrchardCore,6862,2245,C#,bsd-3-clause,"BSD 3-Clause ""New"" or ""Revised"" License",2,0,0,1,0,8.49090909090909,8.8 
skylot,skylot/jadx,36953,4569,Java,apache-2.0,Apache License 2.0,2,0,0,1,0,5.5,5.5 
node-fetch,node-fetch/node-fetch,8520,1050,JavaScript,mit,MIT License,3,0,0,2,0,5.85,6.1 
detekt,detekt/detekt,5773,749,Kotlin,apache-2.0,Apache License 2.0,1,0,1,0,0,9.8,9.8 
horovod,horovod/horovod,13633,2222,Python,other,Other,1,0,0,1,0,7.5,7.5 
bobthecow,bobthecow/mustache.php,3207,459,PHP,mit,MIT License,1,0,0,1,0,8.8,8.8 
delgan,Delgan/loguru,16555,679,Python,mit,MIT License,0,0,0,0,0,, 
feross,feross/simple-get,396,57,JavaScript,mit,MIT License,1,0,0,1,0,7.5,7.5 
LearnPress,LearnPress/learnpress,221,139,PHP,,,17,0,1,7,3,6.871428571428568,9.8 
yuda-lyu,yuda-lyu/w-zip,0,0,JavaScript,mit,MIT License,1,0,1,0,0,9.8,9.8 
httpie,httpie/cli,30028,3827,Python,bsd-3-clause,"BSD 3-Clause ""New"" or ""Revised"" License",1,0,0,0,0,7.4,7.4 
jsdecena,jsdecena/laracom,1836,853,PHP,,,1,0,0,0,1,5.4,5.4 
alextselegidis,alextselegidis/easyappointments,2861,1131,PHP,gpl-3.0,GNU General Public License v3.0,10,0,1,1,0,6.499999999999998,9.8 
openscad,openscad/openscad,5992,1134,C++,other,Other,4,0,0,2,0,7.437499999999998,7.8 
ptrofimov,ptrofimov/beanstalk_console,1262,209,JavaScript,mit,MIT License,2,0,0,1,1,5.75,6.1 
openshift,openshift/origin-aggregated-logging,142,236,JavaScript,,,1,0,0,1,0,5.9,5.9 
tastyigniter,tastyigniter/TastyIgniter,2712,915,PHP,mit,MIT License,3,0,0,0,2,5.400000000000003,5.4 
ionicabizau,IonicaBizau/parse-path,19,11,JavaScript,mit,MIT License,0,0,0,0,0,, 
posthog,PostHog/posthog,14269,857,Python,other,Other,1,0,0,0,0,4.3,4.3 
fgribreau,FGRibreau/node-request-retry,348,115,JavaScript,mit,MIT License,0,0,0,0,0,, 
gravitl,gravitl/netmaker,8248,508,Go,other,Other,6,0,2,0,0,8.688461538461542,9.8 
rudloff,Rudloff/alltube,2874,584,PHP,gpl-3.0,GNU General Public License v3.0,2,0,0,2,0,6.85,9.1 
OSGeo,OSGeo/shapelib,108,56,C,other,Other,1,0,0,0,0,9.8,9.8 
ionicabizau,IonicaBizau/parse-url,54,27,JavaScript,mit,MIT License,0,0,0,0,0,, 
hakimel,hakimel/reveal.js,65064,16803,JavaScript,mit,MIT License,2,0,0,2,0,6.1000000000000005,6.1 
liquibase,liquibase/liquibase,4130,1746,Java,other,Other,1,0,1,0,0,9.8,9.8 
ljharb,ljharb/npm-lockfile,5,4,JavaScript,mit,MIT License,1,0,1,0,0,9.8,9.8 
Part-DB,Part-DB/Part-DB-legacy,160,35,JavaScript,gpl-2.0,GNU General Public License v2.0,0,0,0,0,0,, 
oamg,oamg/convert2rhel,93,74,Python,gpl-3.0,GNU General Public License v3.0,3,0,0,0,0,5.5,5.5 
microweber-dev,microweber-dev/whmcs_plugin,12,9,JavaScript,,,1,0,0,1,0,6.1,6.1 
nitely,nitely/Spirit,1152,332,Python,mit,MIT License,0,0,0,0,0,, 
saleor,saleor/saleor,19261,5218,Python,bsd-3-clause,"BSD 3-Clause ""New"" or ""Revised"" License",5,0,0,1,0,5.25,6.5 
autolab,autolab/Autolab,706,198,Ruby,apache-2.0,Apache License 2.0,3,0,0,0,0,nan,nan 
sqlpad,sqlpad/sqlpad,4910,781,JavaScript,mit,MIT License,1,0,0,1,0,7.2,7.2 
anthraxx,anthraxx/diffoscope,52,4,Python,gpl-3.0,GNU General Public License v3.0,1,0,1,0,0,9.8,9.8 
pimcore,pimcore/data-hub,117,108,PHP,other,Other,1,0,0,0,1,4.8,4.8 
admidio,Admidio/admidio,254,108,PHP,gpl-2.0,GNU General Public License v2.0,7,0,1,4,1,nan,nan 
polonel,polonel/trudesk,1098,392,JavaScript,other,Other,19,0,3,11,2,6.567857142857145,9.8 
keylime,keylime/keylime,357,136,Python,apache-2.0,Apache License 2.0,12,0,1,1,0,7.878571428571435,9.8 
linux-application-whitelisting,linux-application-whitelisting/fapolicyd,170,51,C,gpl-3.0,GNU General Public License v3.0,1,0,0,0,0,8.4,8.4 
mineweb,MineWeb/MineWebCMS,91,41,JavaScript,gpl-3.0,GNU General Public License v3.0,1,0,0,0,1,5.4,5.4 
macbookandrew,macbookandrew/wp-youtube-live,18,11,PHP,,,1,0,0,1,0,6.1,6.1 
plantuml,plantuml/plantuml,8825,834,Java,other,Other,4,0,0,2,0,7.625,10.0 
strukturag,strukturag/libde265,1575,448,C++,other,Other,53,0,1,18,0,6.687981859410452,9.8 
tildearrow,tildearrow/furnace,1508,140,C++,other,Other,2,0,0,2,0,6.5,6.5 
hhurz,hhurz/tableExport.jquery.plugin,964,729,HTML,mit,MIT License,0,0,0,0,0,, 
alvarotrigo,alvarotrigo/fullPage.js,34778,7423,JavaScript,gpl-3.0,GNU General Public License v3.0,0,0,0,0,0,, 
zerotier,zerotier/ZeroTierOne,12304,1511,C++,other,Other,0,0,0,0,0,, 
vgropp,vgropp/bwm-ng,217,24,C,gpl-2.0,GNU General Public License v2.0,1,0,0,1,0,7.5,7.5 
causefx,causefx/Organizr,4634,317,PHP,gpl-3.0,GNU General Public License v3.0,0,0,0,0,0,, 
lquixada,lquixada/cross-fetch,1612,107,JavaScript,mit,MIT License,1,0,0,1,0,6.5,6.5 
octoprint,OctoPrint/OctoPrint,7701,1668,Python,agpl-3.0,GNU Affero General Public License v3.0,4,0,0,3,0,7.209677419354837,9.1 
yarkeev,yarkeev/git-interface,6,3,TypeScript,,,1,0,1,0,0,9.8,9.8 
davidfcarr,davidfcarr/rsvpmaker,11,4,PHP,other,Other,1,0,0,1,0,7.5,7.5 
neorazorx,NeoRazorX/facturascripts,336,235,PHP,lgpl-3.0,GNU Lesser General Public License v3.0,0,0,0,0,0,, 
hpjansson,hpjansson/chafa,2339,53,C,lgpl-3.0,GNU Lesser General Public License v3.0,3,0,0,2,1,4.766666666666667,5.5 
luyadev,luyadev/yii-helpers,1,1,PHP,mit,MIT License,1,0,0,1,0,7.8,7.8 
rtxteam,RTXteam/RTX,32,20,Python,mit,MIT License,0,0,0,0,0,, 
erudika,Erudika/scoold,778,233,Java,apache-2.0,Apache License 2.0,1,0,0,0,1,5.3999999999999995,5.4 
PCRE2Project,PCRE2Project/pcre2,616,139,C,other,Other,10,0,4,5,0,8.80810810810811,9.8 
eventsource,EventSource/eventsource,806,252,JavaScript,mit,MIT License,1,0,0,1,0,9.3,9.3 
requarks,requarks/wiki,22247,2472,Vue,agpl-3.0,GNU Affero General Public License v3.0,1,0,1,0,0,7.2,7.2 
coreos,coreos/ignition,753,240,Go,apache-2.0,Apache License 2.0,1,0,0,0,1,6.5,6.5 
cri-o,cri-o/cri-o,4809,1029,Go,apache-2.0,Apache License 2.0,8,0,2,4,0,6.47358490566038,8.8 
erudika,Erudika/para,501,137,Java,apache-2.0,Apache License 2.0,0,0,0,0,0,, 
collectiveaccess,collectiveaccess/providence,268,164,PHP,gpl-3.0,GNU General Public License v3.0,1,0,0,0,1,5.4,5.4 
filegator,filegator/filegator,1649,322,PHP,mit,MIT License,2,0,0,2,0,6.75,8.1 
camptocamp,camptocamp/terraboard,1834,158,Go,apache-2.0,Apache License 2.0,1,0,0,1,0,8.8,8.8 
emicklei,emicklei/go-restful,4890,733,Go,mit,MIT License,1,0,0,1,0,9.1,9.1 
francoisjacquet,francoisjacquet/rosariosis,444,335,PHP,gpl-2.0,GNU General Public License v2.0,19,0,2,7,4,6.220952380952377,9.8 
kromitgmbh,kromitgmbh/titra,364,51,JavaScript,agpl-3.0,GNU Affero General Public License v3.0,6,0,0,1,4,7.333333333333333,10.0 
inventree,inventree/InvenTree,3172,553,Python,mit,MIT License,0,0,0,0,0,, 
metarhia,metarhia/metacalc,9,6,JavaScript,mit,MIT License,1,0,1,0,0,9.8,9.8 
samtools,samtools/htsjdk,270,247,Java,,,1,0,0,0,0,7.8,7.8 
paypal,paypal/nemo-appium,0,5,JavaScript,,,1,0,0,0,0,9.8,9.8 
libxmljs,libxmljs/libxmljs,1030,279,C++,mit,MIT License,1,0,0,1,0,7.5,7.5 
Venemo,Venemo/node-lmdb,350,71,C++,mit,MIT License,1,0,0,1,0,7.5,7.5 
AhmedAdelFahim,AhmedAdelFahim/express-xss-sanitizer,13,4,JavaScript,mit,MIT License,1,0,0,0,0,6.1,6.1 
dexie,dexie/Dexie.js,10018,616,JavaScript,apache-2.0,Apache License 2.0,1,0,1,0,0,9.8,9.8 
mozilla,mozilla/node-convict,2277,167,JavaScript,other,Other,3,0,2,0,0,9.8,9.8 
rosen-vladimirov,rosen-vladimirov/global-modules-path,1,1,JavaScript,apache-2.0,Apache License 2.0,1,0,0,0,0,9.8,9.8 
node-opcua,node-opcua/node-opcua,1371,510,TypeScript,mit,MIT License,3,0,0,0,0,7.5,7.5 
valyala,valyala/fasthttp,20338,1693,Go,mit,MIT License,1,0,0,1,0,7.5,7.5 
TryGhost,TryGhost/node-sqlite3,5932,807,PLpgSQL,bsd-3-clause,"BSD 3-Clause ""New"" or ""Revised"" License",3,0,0,1,0,6.2875,9.8 
oracle,oracle/linux-uek,267,68,,,,1,0,0,0,1,5.5,5.5 
Aaron-Junker,Aaron-Junker/USOC,5,1,PHP,other,Other,3,0,1,2,0,8.066666666666666,9.8 
soketi,soketi/soketi,4051,209,TypeScript,agpl-3.0,GNU Affero General Public License v3.0,1,0,0,1,0,7.5,7.5 
pypa,pypa/pipenv,24251,1926,Python,mit,MIT License,1,0,1,0,0,8.6,8.6 
PuddingBot,PuddingBot/pudding-bot,0,0,Python,agpl-3.0,GNU Affero General Public License v3.0,1,0,0,1,0,7.5,7.5 
replit,replit/crosis,101,19,TypeScript,mit,MIT License,1,0,0,1,0,6.5,6.5 
Konloch,Konloch/bytecode-viewer,14046,1149,Java,gpl-3.0,GNU General Public License v3.0,1,0,0,1,0,7.8,7.8 
github,github/gh-ost,11528,1327,Go,mit,MIT License,1,0,0,1,0,6.5,6.5 
jupyterhub,jupyterhub/jupyter-server-proxy,312,136,Python,bsd-3-clause,"BSD 3-Clause ""New"" or ""Revised"" License",1,0,0,1,0,7.1,7.1 
wasmCloud,wasmCloud/wasmcloud-otp,226,50,Elixir,apache-2.0,Apache License 2.0,1,0,0,1,0,8.1,8.1 
graph-gophers,graph-gophers/graphql-go,4539,534,Go,bsd-2-clause,"BSD 2-Clause ""Simplified"" License",2,0,0,0,1,7.333333333333333,7.5 
StarCitizenTools,StarCitizenTools/mediawiki-extensions-ShortDescription,3,2,PHP,gpl-3.0,GNU General Public License v3.0,1,0,0,1,0,6.1,6.1 
liyansong2018,liyansong2018/elfspirit,40,8,C,mit,MIT License,1,0,0,1,0,7.1,7.1 
GrapesJS,GrapesJS/grapesjs,18966,3632,TypeScript,other,Other,1,0,0,0,0,6.1000000000000005,6.1 
Bottelet,Bottelet/DaybydayCRM,2185,750,PHP,,,11,0,0,5,6,5.718867924528306,8.8 
sismics,sismics/docs,1603,269,JavaScript,gpl-2.0,GNU General Public License v2.0,3,0,0,1,1,5.540000000000001,9.6 
directus,directus/directus,23663,3230,TypeScript,other,Other,18,0,0,7,2,6.6928571428571395,9.8 
sipcapture,sipcapture/homer-app,186,72,Go,agpl-3.0,GNU Affero General Public License v3.0,1,0,1,0,0,9.8,9.8 
Sant268,Sant268/CVE-2022-22851,1,0,,,,1,0,0,0,1,5.4,5.4 
zadam,zadam/trilium,23260,1566,JavaScript,agpl-3.0,GNU Affero General Public License v3.0,4,0,0,1,2,5.5307692307692315,6.1 
snyk,snyk/cli,4605,581,TypeScript,other,Other,2,0,0,0,0,7.663636363636362,7.8 
snyk,snyk/snyk-python-plugin,16,28,Python,other,Other,1,0,0,0,0,6.3,6.3 
apache,apache/hadoop,13951,8661,Java,apache-2.0,Apache License 2.0,33,0,11,16,3,nan,nan 
snyk,snyk/snyk-sbt-plugin,8,14,TypeScript,other,Other,1,0,0,0,0,6.3,6.3 
snyk,snyk/snyk-cocoapods-plugin,3,4,TypeScript,other,Other,1,0,0,0,0,6.3,6.3 
snyk,snyk/snyk-gradle-plugin,24,22,TypeScript,other,Other,1,0,0,0,0,6.3,6.3 
snyk,snyk/snyk-hex-plugin,5,4,Elixir,other,Other,1,0,0,0,0,6.3,6.3 
snyk,snyk/snyk-docker-plugin,26,24,TypeScript,other,Other,1,0,0,0,0,6.3,6.3 
snyk,snyk/snyk-mvn-plugin,9,13,TypeScript,other,Other,1,0,0,0,0,6.3,6.3 
HabitRPG,HabitRPG/habitica,10715,3890,JavaScript,other,Other,2,0,0,2,0,nan,nan 
vendure-ecommerce,vendure-ecommerce/vendure,4803,829,TypeScript,other,Other,1,0,0,0,1,5.4,5.4 
solana-labs,solana-labs/rbpf,212,73,Rust,apache-2.0,Apache License 2.0,3,0,0,3,0,7.576190476190476,9.1 
motor-admin,motor-admin/motor-admin,1731,115,Ruby,agpl-3.0,GNU Affero General Public License v3.0,1,0,0,1,0,nan,nan 
whitesource,whitesource/CureKit,8,8,Java,apache-2.0,Apache License 2.0,1,0,0,1,0,7.5,7.5 
adriankumpf,adriankumpf/teslamate,4443,579,Elixir,agpl-3.0,GNU Affero General Public License v3.0,1,0,1,0,0,9.8,9.8 
gregkh,gregkh/usbview,205,57,C,,,1,0,1,0,0,7.8,7.8 
outline,outline/outline,20937,1757,TypeScript,other,Other,2,0,0,0,1,5.4,5.4 
nhn,nhn/tui.grid,2310,374,TypeScript,mit,MIT License,1,0,0,0,0,6.1,6.1 
Softmotions,Softmotions/iowow,270,17,C,mit,MIT License,1,0,0,0,0,7.5,7.5 
migueldeicaza,migueldeicaza/SwiftTerm,807,110,Swift,mit,MIT License,1,0,0,0,0,7.8,7.8 
openrazer,openrazer/openrazer,3280,491,C,gpl-2.0,GNU General Public License v2.0,4,0,3,0,0,9.632258064516133,9.8 
galaxyproject,galaxyproject/galaxy,1176,912,Python,other,Other,5,0,0,1,0,6.939024390243904,9.8 
ArjunSharda,ArjunSharda/Passeo,2,0,Python,mit,MIT License,1,0,0,0,0,7.5,7.5 
libp2p,libp2p/go-libp2p,5464,1021,Go,mit,MIT License,3,0,0,0,0,7.5,7.5 
tinymce,tinymce/tinymce,13647,2132,TypeScript,other,Other,8,0,0,4,0,nan,nan 
nielsbasjes,nielsbasjes/yauaa,693,125,Java,apache-2.0,Apache License 2.0,1,0,0,0,0,7.5,7.5 
cube-js,cube-js/cube,16459,1635,Rust,other,Other,1,0,0,0,0,7.5,7.5 
spinnaker,spinnaker/rosco,88,639,Groovy,apache-2.0,Apache License 2.0,1,0,0,0,0,7.5,7.5 
aws,aws/amazon-cloudwatch-agent,378,161,Go,mit,MIT License,1,0,0,0,0,6.8,6.8 
DataDog,DataDog/guarddog,439,28,Python,apache-2.0,Apache License 2.0,1,0,0,0,0,6.5,6.5 
neo4j-contrib,neo4j-contrib/neo4j-apoc-procedures,1630,488,Java,apache-2.0,Apache License 2.0,4,0,1,1,0,9.318181818181815,10.0 
mbdavid,mbdavid/LiteDB,7848,1171,C#,mit,MIT License,1,0,0,0,0,9.8,9.8 
sylabs,sylabs/scs-library-client,5,9,Go,other,Other,1,0,0,0,0,7.599999999999999,7.6 
Azure,Azure/aad-pod-identity,569,265,Go,mit,MIT License,1,0,0,0,0,5.3,5.3 
vector-im,vector-im/element-desktop,945,219,TypeScript,agpl-3.0,GNU Affero General Public License v3.0,3,0,1,2,0,7.895238095238096,9.8 
laminas,laminas/laminas-form,72,44,PHP,bsd-3-clause,"BSD 3-Clause ""New"" or ""Revised"" License",1,0,0,1,0,6.1,6.1 
plone,plone/Products.ATContentTypes,2,8,Python,,,1,0,0,0,1,6.1,6.1 
benjjvi,benjjvi/iTunesRPC-Remastered,3,0,Python,,,0,0,0,0,0,, 
Twentysix26,Twentysix26/x26-Cogs,37,22,Python,gpl-3.0,GNU General Public License v3.0,1,0,0,1,0,7.2,7.2 
openmrs,openmrs/openmrs-core,1261,3474,Java,other,Other,13,0,3,10,0,nan,nan 
frouriojs,frouriojs/frourio,1193,25,TypeScript,mit,MIT License,1,0,0,1,0,8.8,8.8 
frouriojs,frouriojs/frourio-express,3,2,TypeScript,mit,MIT License,1,0,0,1,0,8.8,8.8 
wireapp,wireapp/wire-ios-transport,21,17,Objective-C,,,2,0,0,2,0,4.499999999999999,6.5 
m1k1o,m1k1o/blog,284,30,PHP,gpl-3.0,GNU General Public License v3.0,1,0,0,1,0,8.8,8.8 
open-policy-agent,open-policy-agent/opa,8626,1201,Go,apache-2.0,Apache License 2.0,4,0,0,3,0,7.214285714285714,9.8 
istio,istio/istio,33918,7431,Go,apache-2.0,Apache License 2.0,23,0,3,17,1,7.609039548022585,9.8 
k-box,k-box/k-box,30,22,PHP,other,Other,1,0,0,0,1,5.4,5.4 
monitorjbl,monitorjbl/excel-streaming-reader,906,336,Java,apache-2.0,Apache License 2.0,1,0,1,0,0,9.8,9.8 
stefanberger,stefanberger/swtpm,480,123,C,other,Other,2,0,0,0,1,6.954545454545454,7.1 
sigstore,sigstore/cosign,3727,466,Go,apache-2.0,Apache License 2.0,4,0,0,0,1,5.9750000000000005,9.8 
Backblaze,Backblaze/b2-sdk-python,155,52,Python,other,Other,1,0,0,0,1,4.7,4.7 
projectcapsule,projectcapsule/capsule-proxy,38,34,Shell,apache-2.0,Apache License 2.0,2,0,0,0,0,7.050000000000001,9.8 
Backblaze,Backblaze/B2_Command_Line_Tool,501,113,Python,other,Other,1,0,0,0,1,4.7,4.7 
navidrome,navidrome/navidrome,8090,674,Go,gpl-3.0,GNU General Public License v3.0,2,0,0,1,0,7.55,8.6 
cookiecutter,cookiecutter/cookiecutter,20622,1953,Python,bsd-3-clause,"BSD 3-Clause ""New"" or ""Revised"" License",1,0,1,0,0,9.8,9.8 
steveukx,steveukx/git-js,3264,314,TypeScript,mit,MIT License,4,0,2,0,0,9.799999999999999,9.8 
neocotic,neocotic/convert-svg,186,48,JavaScript,mit,MIT License,3,0,1,1,0,9.133333333333335,9.8 
Qwerios,Qwerios/madlib-object-utils,0,0,CoffeeScript,bsd-2-clause,"BSD 2-Clause ""Simplified"" License",2,0,1,1,0,8.65,9.8 
minetest,minetest/minetest,9541,1888,C++,other,Other,3,0,1,1,0,8.766666666666667,10.0 
Soontao,Soontao/cycle-import-check,18,4,TypeScript,mit,MIT License,1,0,0,0,0,9.8,9.8 
snyk,snyk/snyk-visual-studio-plugin,23,14,C#,apache-2.0,Apache License 2.0,1,0,0,0,0,8.8,8.8 
snyk,snyk/snyk-ls,28,8,Go,apache-2.0,Apache License 2.0,1,0,0,0,0,8.8,8.8 
snyk,snyk/snyk-intellij-plugin,45,36,Kotlin,other,Other,1,0,0,0,0,8.8,8.8 
snyk,snyk/snyk-eclipse-plugin,15,7,Java,other,Other,1,0,0,0,0,8.8,8.8 
snyk,snyk/vscode-extension,60,27,TypeScript,mit,MIT License,1,0,0,0,0,8.8,8.8 
feross,feross/git-pull-or-clone,52,10,JavaScript,mit,MIT License,1,0,1,0,0,9.8,9.8 
rust-lang,rust-lang/regex,3134,405,Rust,apache-2.0,Apache License 2.0,1,0,0,1,0,7.5,7.5 
Icinga,Icinga/icingaweb2,791,277,PHP,gpl-2.0,GNU General Public License v2.0,10,0,1,7,2,6.889552238805975,9.8 
Finastra,Finastra/ssr-pages,0,0,TypeScript,,,2,0,0,2,0,6.42,6.5 
fluture-js,fluture-js/fluture-node,19,0,JavaScript,mit,MIT License,1,0,0,1,0,6.1,6.1 
foxcpp,foxcpp/maddy,4357,210,Go,gpl-3.0,GNU General Public License v3.0,3,0,0,2,0,7.953846153846153,9.8 
janko,janko/image_processing,802,71,Ruby,mit,MIT License,1,0,1,0,0,9.8,9.8 
ViewComponent,ViewComponent/view_component,3024,406,Ruby,mit,MIT License,1,0,0,0,0,6.1,6.1 
Rudloff,Rudloff/alltube,2874,584,PHP,gpl-3.0,GNU General Public License v3.0,2,0,0,2,0,6.85,9.1 
ultravnc,ultravnc/UltraVNC,562,138,C,gpl-3.0,GNU General Public License v3.0,23,0,16,7,0,9.017194570135727,9.8 
Sylius,Sylius/SyliusGridBundle,98,47,PHP,mit,MIT License,1,0,1,0,0,9.8,9.8 
stripe,stripe/stripe-cli,1500,399,Go,apache-2.0,Apache License 2.0,1,0,0,1,0,7.0,7.0 
jcubic,jcubic/sysend.js,1029,67,JavaScript,mit,MIT License,1,0,0,1,0,6.5,6.5 
mitmproxy,mitmproxy/mitmproxy,32731,3853,Python,mit,MIT License,3,0,2,1,0,9.323809523809526,9.8 
CycloneDX,CycloneDX/cyclonedx-bom-repo-server,61,12,C#,apache-2.0,Apache License 2.0,1,0,0,1,0,8.1,8.1 
grpc,grpc/grpc-swift,1855,399,Swift,apache-2.0,Apache License 2.0,4,0,0,4,0,7.5,7.5 
containerd,containerd/imgcrypt,302,42,Go,apache-2.0,Apache License 2.0,1,0,0,1,0,7.5,7.5 
math-geon,math-geon/Geon,4,2,JavaScript,mit,MIT License,1,0,0,1,0,7.1,7.1 
moment,moment/moment,47564,7218,JavaScript,mit,MIT License,4,0,1,3,0,7.0,7.5 
vyperlang,vyperlang/vyper,4662,840,Python,other,Other,21,0,2,4,0,nan,nan 
miraheze,miraheze/CreateWiki,22,34,PHP,gpl-3.0,GNU General Public License v3.0,1,0,0,1,0,5.3,5.3 
brianmario,brianmario/yajl-ruby,1469,169,C,mit,MIT License,2,0,0,2,0,7.5,7.5 
jens-maus,jens-maus/RaspberryMatic,1373,172,JavaScript,apache-2.0,Apache License 2.0,1,0,1,0,0,9.8,9.8 
irrdnet,irrdnet/irrd,141,45,Python,other,Other,1,0,0,1,0,7.5,7.5 
RebeccaStevens,RebeccaStevens/deepmerge-ts,185,7,TypeScript,bsd-3-clause,"BSD 3-Clause ""New"" or ""Revised"" License",1,0,1,0,0,9.8,9.8 
jirutka,jirutka/asciidoctor-include-ext,9,5,Ruby,mit,MIT License,1,0,1,0,0,9.8,9.8 
geosolutions-it,geosolutions-it/jai-ext,86,35,Java,apache-2.0,Apache License 2.0,1,0,1,0,0,9.8,9.8 
geotools,geotools/geotools,1562,1108,Java,lgpl-2.1,GNU Lesser General Public License v2.1,2,0,1,0,0,8.5,9.8 
podium-lib,podium-lib/proxy,3,2,JavaScript,mit,MIT License,1,0,0,1,0,7.5,7.5 
podium-lib,podium-lib/layout,51,3,JavaScript,mit,MIT License,1,0,0,1,0,7.5,7.5 
garden-io,garden-io/garden,3057,263,TypeScript,mpl-2.0,Mozilla Public License 2.0,2,0,0,1,0,9.4,9.8 
OpenClinica,OpenClinica/OpenClinica,354,280,Java,,,2,0,2,0,0,9.799999999999999,9.8 
gocd,gocd/gocd-ldap-authentication-plugin,7,14,Java,apache-2.0,Apache License 2.0,1,0,0,1,0,6.8,6.8 
nextcloud,nextcloud/calendar,885,222,JavaScript,agpl-3.0,GNU Affero General Public License v3.0,5,0,1,0,1,5.0926829268292675,9.8 
sparklemotion,sparklemotion/nekohtml,3,6,Java,apache-2.0,Apache License 2.0,1,0,0,1,0,7.5,7.5 
codingjoe,codingjoe/django-s3file,72,12,Python,mit,MIT License,1,0,1,0,0,9.8,9.8 
LDAPAccountManager,LDAPAccountManager/lam,387,66,JavaScript,other,Other,9,0,1,7,1,nan,nan 
flyteorg,flyteorg/flyteconsole,30,42,TypeScript,apache-2.0,Apache License 2.0,1,0,0,1,0,7.5,7.5 
xi,xi/django-mfa3,15,6,Python,mit,MIT License,1,0,0,1,0,8.8,8.8 
vran-dev,vran-dev/databasir,676,88,Java,apache-2.0,Apache License 2.0,5,0,1,2,0,8.743478260869562,9.8 
swaggo,swaggo/http-swagger,347,62,Go,mit,MIT License,1,0,1,0,0,7.5,7.5 
Tethik,Tethik/flask-session-captcha,20,6,Python,mit,MIT License,1,0,0,1,0,5.3,5.3 
ballcat-projects,ballcat-projects/ballcat-codegen,55,39,Java,mit,MIT License,1,0,1,0,0,9.8,9.8 
isaacs,isaacs/chownr,28,16,JavaScript,other,Other,1,0,0,0,1,2.5,2.5 
freifunk-gluon,freifunk-gluon/ecdsautils,8,3,C,other,Other,1,0,0,1,0,7.5,7.5 
symfony,symfony/security-bundle,2391,22,PHP,mit,MIT License,1,0,0,0,0,8.8,8.8 
xwiki,xwiki/xwiki-commons,83,123,Java,lgpl-2.1,GNU Lesser General Public License v2.1,7,0,0,2,0,9.023529411764708,9.9 
contao,contao/contao,301,150,PHP,lgpl-3.0,GNU Lesser General Public License v3.0,17,0,2,10,1,6.924444444444446,9.8 
onlaj,onlaj/Piano-LED-Visualizer,433,103,Python,mit,MIT License,1,0,0,1,0,8.6,8.6 
runatlantis,runatlantis/atlantis,6627,949,Go,apache-2.0,Apache License 2.0,1,0,0,0,0,7.5,7.5 
cowtowncoder,cowtowncoder/java-merge-sort,83,31,Java,apache-2.0,Apache License 2.0,1,0,0,0,0,5.5,5.5 
pear,pear/Crypt_GPG,82,30,PHP,lgpl-2.1,GNU Lesser General Public License v2.1,1,0,0,1,0,5.3,5.3 
ImpressCMS,ImpressCMS/impresscms,27,35,PHP,,,19,0,6,10,2,nan,nan 
merbanan,merbanan/rtl_433,5330,1224,C,gpl-2.0,GNU General Public License v2.0,3,0,0,3,0,5.5,5.5 
beancount,beancount/fava,1670,259,Python,mit,MIT License,3,0,0,0,0,6.099999999999999,6.1 
natelong,natelong/p4,7,4,JavaScript,,,1,0,0,0,0,9.8,9.8 
sprinfall,sprinfall/webcc,257,60,C++,lgpl-3.0,GNU Lesser General Public License v3.0,1,0,0,1,0,7.5,7.5 
benbusby,benbusby/whoogle-search,8036,855,Python,mit,MIT License,5,0,0,1,0,nan,nan 
cerebrate-project,cerebrate-project/cerebrate,76,14,PHP,agpl-3.0,GNU Affero General Public License v3.0,9,0,0,5,0,6.17,9.8 
dominictarr,dominictarr/libnested,8,3,JavaScript,mit,MIT License,1,0,1,0,0,9.8,9.8 
mario-goulart,mario-goulart/awful-salmonella-tar,0,0,Scheme,,,1,0,0,1,0,5.3,5.3 
ClusterLabs,ClusterLabs/booth,48,26,C,gpl-2.0,GNU General Public License v2.0,1,0,0,0,0,6.5,6.5 
automattic,Automattic/mongoose,26160,3792,JavaScript,mit,MIT License,4,0,0,1,0,9.566666666666666,9.8 
aws,aws/aws-sdk-go,8439,2147,Go,apache-2.0,Apache License 2.0,3,0,0,0,2,4.133333333333333,5.6 
ntbosscher,ntbosscher/gobase,1,0,Go,,,1,0,0,0,0,3.7,3.7 
duzun,duzun/URL.js,14,5,JavaScript,mit,MIT License,1,0,0,1,0,5.3,5.3 
ipld,ipld/go-codec-dagpb,6,6,Go,other,Other,1,0,0,0,0,7.5,7.5 
alibaba,alibaba/fastjson,25474,6589,Java,apache-2.0,Apache License 2.0,1,0,0,1,0,9.8,9.8 
hoppscotch,hoppscotch/proxyscotch,312,81,Go,mit,MIT License,1,0,0,1,0,7.5,7.5 
jpeg-js,jpeg-js/jpeg-js,546,131,JavaScript,other,Other,2,0,0,2,0,5.833333333333333,7.5 
yairEO,yairEO/tagify,3102,408,HTML,other,Other,1,0,0,0,1,5.4,5.4 
argoproj,argoproj/argo-events,2115,690,Go,apache-2.0,Apache License 2.0,2,0,0,2,0,7.5,7.5 
snakeyaml,snakeyaml/snakeyaml,58,23,Java,apache-2.0,Apache License 2.0,1,0,0,0,0,7.5,7.5 
terser,terser/terser,8135,380,JavaScript,other,Other,1,0,0,0,0,7.5,7.5 
microsoft,microsoft/workspace-tools,85,38,TypeScript,mit,MIT License,1,0,1,0,0,9.8,9.8 
czproject,czproject/git-php,461,131,PHP,other,Other,1,0,1,0,0,9.8,9.8 
socketio,socketio/socket.io-client-java,5207,991,Java,other,Other,1,0,0,0,0,7.5,7.5 
vuetifyjs,vuetifyjs/vuetify,38272,6922,TypeScript,other,Other,1,0,0,0,0,5.4,5.4 
sveltejs,sveltejs/svelte,73478,4089,JavaScript,mit,MIT License,2,0,0,2,0,7.645454545454544,7.8 
protobufjs,protobufjs/protobuf.js,9384,1456,JavaScript,other,Other,3,0,0,2,0,6.0249999999999995,9.8 
onnx,onnx/onnx,15850,3604,Python,apache-2.0,Apache License 2.0,1,0,0,0,0,7.5,7.5 
npm,npm/node-semver,4824,544,JavaScript,isc,ISC License,1,0,0,0,0,7.5,7.5 
julianhille,julianhille/MuhammaraJS,150,34,C,other,Other,4,0,0,0,0,6.630434782608695,7.5 
containrrr,containrrr/shoutrrr,743,60,Go,mit,MIT License,1,0,0,0,0,7.5,7.5 
jaredhanson,jaredhanson/passport,21913,1261,JavaScript,mit,MIT License,1,0,0,1,0,4.8,4.8 
eclipse,eclipse/milo,1013,407,Java,epl-2.0,Eclipse Public License 2.0,2,0,0,1,0,7.45,7.5 
voodoocreation,voodoocreation/ts-deepmerge,90,8,TypeScript,,,1,0,0,0,0,9.8,9.8 
GoogleContainerTools,GoogleContainerTools/jib,13057,1464,Java,apache-2.0,Apache License 2.0,1,0,0,0,0,9.8,9.8 
simenkid,simenkid/mt7688-wiscan,11,1,JavaScript,mit,MIT License,1,0,0,0,0,7.8,7.8 
saeedseyfi,saeedseyfi/exec-local-bin,1,0,JavaScript,,,1,0,0,0,0,9.8,9.8 
bruno-robert,bruno-robert/window-control,6,1,JavaScript,mit,MIT License,1,0,0,0,0,7.8,7.8 
joewalnes,joewalnes/smoothie,2217,241,JavaScript,other,Other,1,0,0,0,0,5.4,5.4 
andrepolischuk,andrepolischuk/servst,1,0,JavaScript,,,1,0,0,0,0,7.5,7.5 
harttle,harttle/liquidjs,1270,217,TypeScript,mit,MIT License,1,0,0,0,0,5.3,5.3 
eta-dev,eta-dev/eta,1094,52,TypeScript,mit,MIT License,2,0,0,0,0,7.45,8.8 
usememos,usememos/memos,20118,1462,Go,mit,MIT License,59,0,0,0,0,6.379661016949154,9.8 
diffplug,diffplug/goomph,125,28,Java,apache-2.0,Apache License 2.0,1,0,0,0,0,8.8,8.8 
pnpm,pnpm/pnpm,25913,822,TypeScript,mit,MIT License,2,0,0,1,0,9.709090909090907,9.8 
wger-project,wger-project/wger,2529,497,Python,agpl-3.0,GNU Affero General Public License v3.0,3,0,0,0,0,7.2285714285714295,9.8 
bookwyrm-social,bookwyrm-social/bookwyrm,1996,228,Python,other,Other,5,0,0,2,0,8.215625000000001,9.8 
umlaeute,umlaeute/v4l2loopback,3344,493,C,gpl-2.0,GNU General Public License v2.0,1,0,0,0,0,6.0,6.0 
plankanban,plankanban/planka,3303,365,JavaScript,other,Other,1,0,0,0,0,6.5,6.5 
swaywm,swaywm/swaylock,648,157,C,mit,MIT License,1,0,0,1,0,9.1,9.1 
OpenPrinting,OpenPrinting/cups,765,139,C,apache-2.0,Apache License 2.0,4,0,1,0,0,6.3090909090909095,7.1 
horde,horde/Mime_Viewer,1,4,XSLT,lgpl-2.1,GNU Lesser General Public License v2.1,1,0,0,0,1,5.4,5.4 
cockpit-hq,Cockpit-HQ/Cockpit,264,30,PHP,other,Other,8,0,4,0,0,8.474647887323952,9.8 
amro,amro/gibbon,1068,170,Ruby,mit,MIT License,1,0,1,0,0,9.8,9.8 
libsdl-org,libsdl-org/SDL_ttf,289,104,C,zlib,zlib License,1,0,0,1,0,7.8,7.8 
tramyardg,tramyardg/hotel-mgmt-system,178,97,PHP,apache-2.0,Apache License 2.0,6,0,1,2,0,6.589130434782605,9.8 
containers,containers/crun,2566,272,C,gpl-2.0,GNU General Public License v2.0,2,0,0,2,0,8.499999999999998,8.6 
waycrate,waycrate/swhkd,558,33,Rust,bsd-2-clause,"BSD 2-Clause ""Simplified"" License",6,0,0,3,3,4.429166666666668,9.1 
ckolivas,ckolivas/lrzip,548,75,C,gpl-2.0,GNU General Public License v2.0,23,0,2,19,0,5.826190476190476,9.8 
namelessmc,NamelessMC/Nameless,579,311,PHP,mit,MIT License,0,0,0,0,0,, 
nahsra,nahsra/antisamy,164,90,DIGITAL Command Language,bsd-3-clause,"BSD 3-Clause ""New"" or ""Revised"" License",7,0,0,6,0,6.488888888888886,7.5 
nopSolutions,nopSolutions/nopCommerce,8566,4898,C#,other,Other,13,0,1,7,3,6.599173553719013,9.1 
fudforum,fudforum/FUDforum,26,23,PHP,other,Other,10,0,3,3,4,nan,nan 
notrinos,notrinos/NotrinosERP,82,49,PHP,gpl-3.0,GNU General Public License v3.0,1,0,0,0,0,8.799999999999999,8.8 
tindy2013,tindy2013/subconverter,10699,2260,C++,gpl-3.0,GNU General Public License v3.0,2,0,1,1,0,7.828571428571428,9.8 
argoproj,argoproj/argo-workflows,13651,2971,Go,apache-2.0,Apache License 2.0,2,0,0,2,0,6.8,7.1 
theupdateframework,theupdateframework/go-tuf,574,94,Go,apache-2.0,Apache License 2.0,1,0,0,1,0,8.8,8.8 
Countly,Countly/countly-server,5300,971,JavaScript,other,Other,2,0,0,1,0,8.918181818181818,9.0 
charmbracelet,charmbracelet/charm,2021,67,Go,mit,MIT License,1,0,1,0,0,9.8,9.8 
stripe,stripe/smokescreen,949,66,Go,mit,MIT License,2,0,0,2,0,5.9,6.5 
kaidomc-pm-pl,kaidomc-pm-pl/RegionProtect,1,1,PHP,gpl-3.0,GNU General Public License v3.0,1,0,0,1,0,7.5,7.5 
jpadilla,jpadilla/pyjwt,4731,687,Python,mit,MIT License,2,0,0,2,0,7.5,7.5 
fastify,fastify/github-action-merge-dependabot,146,33,JavaScript,mit,MIT License,1,0,0,1,0,6.5,6.5 
scylladb,scylladb/scylladb,11473,1117,C++,other,Other,2,0,0,0,0,8.736363636363635,8.8 
gost-engine,gost-engine/engine,324,161,C,apache-2.0,Apache License 2.0,1,0,0,1,0,7.5,7.5 
sshnet,sshnet/SSH.NET,3561,884,C#,mit,MIT License,1,0,0,1,0,5.9,5.9 
guzzle,guzzle/guzzle,22766,2440,PHP,mit,MIT License,6,0,0,6,0,7.946153846153846,8.1 
silverstripe,silverstripe/silverstripe-omnipay,39,69,PHP,bsd-3-clause,"BSD 3-Clause ""New"" or ""Revised"" License",1,0,0,1,0,6.5,6.5 
lovell,lovell/sharp,26626,1280,JavaScript,apache-2.0,Apache License 2.0,1,0,0,1,0,6.7,6.7 
coreboot,coreboot/coreboot,1976,505,C,gpl-2.0,GNU General Public License v2.0,1,0,1,0,0,9.8,9.8 
bustle,bustle/mobiledoc-kit,1544,156,JavaScript,mit,MIT License,1,0,0,0,0,6.1,6.1 
Moddable-OpenSource,Moddable-OpenSource/moddable,1207,227,C,,,25,0,2,23,0,7.197457627118628,9.8 
lesterchan,lesterchan/wp-useronline,34,18,PHP,,,2,0,0,0,0,4.8,4.8 
aws,aws/amazon-ssm-agent,989,333,Go,apache-2.0,Apache License 2.0,1,0,0,1,0,7.0,7.0 
ONLYOFFICE,ONLYOFFICE/core,251,197,C++,agpl-3.0,GNU Affero General Public License v3.0,9,0,6,0,0,9.237777777777783,9.8 
hashicorp,hashicorp/go-getter,1541,242,Go,mpl-2.0,Mozilla Public License 2.0,6,0,4,0,1,7.933333333333334,9.8 
silverstripe,silverstripe/silverstripe-assets,9,65,PHP,bsd-3-clause,"BSD 3-Clause ""New"" or ""Revised"" License",3,0,0,1,0,5.34761904761905,5.4 
piastry,piastry/cifs-utils,3,8,C,gpl-3.0,GNU General Public License v3.0,4,0,1,3,0,7.036000000000001,7.8 
syoyo,syoyo/tinygltf,1756,409,C++,mit,MIT License,1,0,0,0,0,8.8,8.8 
froxlor,Froxlor/Froxlor,1557,448,PHP,gpl-2.0,GNU General Public License v2.0,9,0,1,6,1,7.694736842105264,9.8 
pingcap,pingcap/tidb,35138,5656,Go,apache-2.0,Apache License 2.0,3,0,0,1,0,7.7523809523809515,9.8 
litespeedtech,litespeedtech/lsquic,1341,315,C,mit,MIT License,1,0,1,0,0,9.8,9.8 
liske,liske/needrestart,389,61,Perl,gpl-2.0,GNU General Public License v2.0,1,0,0,1,0,7.8,7.8 
freeswitch,freeswitch/sofia-sip,218,154,C,lgpl-2.1,GNU Lesser General Public License v2.1,5,0,1,2,0,7.828571428571428,9.8 
nextauthjs,nextauthjs/next-auth,19695,2437,TypeScript,isc,ISC License,10,0,0,5,0,6.185106382978727,9.1 
blevesearch,blevesearch/bleve,9327,694,Go,apache-2.0,Apache License 2.0,1,0,0,0,1,5.5,5.5 
trilogy-libraries,trilogy-libraries/trilogy,622,56,C,mit,MIT License,0,0,0,0,0,, 
open-formulieren,open-formulieren/open-forms,26,19,Python,other,Other,2,0,0,2,0,6.3,6.5 
google,google/kctf,602,77,Go,apache-2.0,Apache License 2.0,1,0,0,1,0,7.5,7.5 
discourse,discourse/discourse-calendar,53,44,Ruby,mit,MIT License,3,0,0,0,1,5.633333333333333,6.1 
octokit,octokit/octopoller.rb,41,6,Ruby,mit,MIT License,1,0,0,0,1,3.3,3.3 
octokit,octokit/octokit.rb,3792,1290,Ruby,mit,MIT License,1,0,0,0,1,3.3,3.3 
libwww-perl,libwww-perl/HTTP-Daemon,4,17,Perl,other,Other,1,0,0,1,0,6.5,6.5 
glpi-project,glpi-project/glpi-inventory-plugin,32,21,PHP,agpl-3.0,GNU Affero General Public License v3.0,2,0,1,1,0,5.709090909090909,9.8 
STForScratch,STForScratch/ScratchTools,62,61,JavaScript,gpl-3.0,GNU General Public License v3.0,1,0,0,1,0,6.1,6.1 
weaveworks,weaveworks/weave-gitops,760,113,MDX,apache-2.0,Apache License 2.0,2,0,0,1,0,5.59090909090909,7.5 
PrestaShop,PrestaShop/blockwishlist,39,111,PHP,afl-3.0,Academic Free License v3.0,1,0,0,1,0,8.8,8.8 
mat-sz,mat-sz/lettersanitizer,13,1,TypeScript,bsd-3-clause-clear,BSD 3-Clause Clear License,1,0,0,1,0,7.5,7.5 
Clever,Clever/underscore.deep,27,4,CoffeeScript,apache-2.0,Apache License 2.0,1,0,1,0,0,9.8,9.8 
laminas,laminas/laminas-diactoros,398,56,PHP,bsd-3-clause,"BSD 3-Clause ""New"" or ""Revised"" License",2,0,0,0,0,6.3,6.5 
thinkst,thinkst/canarytokens,1563,250,Python,other,Other,3,0,0,2,0,6.94,7.5 
ultrajson,ultrajson/ultrajson,4153,369,C,other,Other,3,0,0,3,0,5.7,7.5 
hyperledger,hyperledger/fabric,14909,8683,Go,apache-2.0,Apache License 2.0,6,0,0,3,0,6.9390243902439055,7.5 
scottcwang,scottcwang/openssh_key_parser,19,5,Python,mit,MIT License,1,0,0,1,0,6.5,6.5 
AttorneyOnline,AttorneyOnline/akashi,6,24,C++,agpl-3.0,GNU Affero General Public License v3.0,1,0,1,0,0,7.5,7.5 
hap-wi,hap-wi/roxy-wi,1326,238,HTML,apache-2.0,Apache License 2.0,11,0,4,2,0,8.43875,9.8 
Karlatemp,Karlatemp/UnsafeAccessor,18,4,Java,mit,MIT License,1,0,0,1,0,7.5,7.5 
fastify,fastify/fastify-bearer-auth,128,28,JavaScript,mit,MIT License,1,0,0,0,0,7.5,7.5 
OpenZeppelin,OpenZeppelin/cairo-contracts,728,282,Rust,mit,MIT License,17,0,3,0,0,7.1149068322981295,9.8 
tzinfo,tzinfo/tzinfo,354,103,Ruby,mit,MIT License,1,0,0,0,0,8.1,8.1 
graphql-rust,graphql-rust/juniper,5355,406,Rust,other,Other,1,0,0,0,0,7.5,7.5 
typelevel,typelevel/fs2,2272,583,Scala,other,Other,1,0,0,0,0,9.8,9.8 
makedeb,makedeb/mprweb,10,3,Python,gpl-2.0,GNU General Public License v2.0,1,0,0,0,0,5.3,5.3 
opencv,opencv/cvat,10358,2582,TypeScript,mit,MIT License,2,0,0,0,0,8.150000000000002,9.8 
operatorequals,operatorequals/wormnest,20,8,Python,mit,MIT License,1,0,0,1,0,9.3,9.3 
cmusatyalab,cmusatyalab/opendiamond,19,9,Python,epl-1.0,Eclipse Public License 1.0,1,0,0,1,0,9.3,9.3 
ganga-devs,ganga-devs/ganga,85,90,Python,gpl-3.0,GNU General Public License v3.0,1,0,0,1,0,9.3,9.3 
idayrus,idayrus/evoting,1,1,Python,mit,MIT License,1,0,0,1,0,9.3,9.3 
phpfusion,PHPFusion/PHPFusion,109,148,PHP,agpl-3.0,GNU Affero General Public License v3.0,13,0,0,9,1,6.491964285714288,9.6 
olmax99,olmax99/helm-flask-celery,1,0,Python,other,Other,1,0,0,1,0,9.3,9.3 
woduq1414,woduq1414/munhak-moa,9,1,HTML,,,1,0,0,1,0,9.3,9.3 
morontt,morontt/zend-blog-number-2,0,0,PHP,,,1,0,0,0,0,6.5,6.5 
thorfdbg,thorfdbg/libjpeg,283,72,C++,,,17,0,0,11,0,6.576923076923077,7.5 
ikus060,ikus060/rdiffweb,114,24,Python,gpl-3.0,GNU General Public License v3.0,42,0,0,0,0,7.173809523809526,9.8 
osTicket,osTicket/osTicket-plugins,142,156,PHP,gpl-2.0,GNU General Public License v2.0,14,0,1,7,3,nan,nan 
yangzongzhuan,yangzongzhuan/RuoYi,4699,1536,HTML,mit,MIT License,12,0,0,2,1,8.18269230769231,9.8 
cloudbase,cloudbase/ovs,5,10,C,apache-2.0,Apache License 2.0,1,0,0,0,0,nan,nan 
notepad-plus-plus,notepad-plus-plus/notepad-plus-plus,20366,4265,C++,other,Other,1,0,0,0,0,7.8,7.8 
OrchardCMS,OrchardCMS/OrchardCore,6862,2245,C#,bsd-3-clause,"BSD 3-Clause ""New"" or ""Revised"" License",2,0,0,1,0,8.49090909090909,8.8 
budibase,Budibase/budibase,19334,1265,TypeScript,other,Other,1,0,0,0,0,6.5,6.5 
autotrace,autotrace/autotrace,421,81,C,gpl-2.0,GNU General Public License v2.0,3,0,0,3,0,5.633333333333332,7.8 
ikus060,ikus060/minarca,30,4,Python,agpl-3.0,GNU Affero General Public License v3.0,2,0,0,0,0,7.550000000000001,9.8 
fwupd,fwupd/fwupd,2352,382,C,lgpl-2.1,GNU Lesser General Public License v2.1,1,0,0,0,0,6.5,6.5 
CZ-NIC,CZ-NIC/knot-resolver,312,54,C,other,Other,12,0,0,9,0,7.074774774774775,7.5 
samg,samg/diffy,1236,105,Ruby,mit,MIT License,1,0,1,0,0,9.8,9.8 
BSI-Bund,BSI-Bund/de.fac2,24,3,Java,apache-2.0,Apache License 2.0,1,0,0,0,0,5.5,5.5 
bbalet,bbalet/jorani,359,274,PHP,agpl-3.0,GNU Affero General Public License v3.0,7,0,1,3,1,6.669230769230771,9.8 
fwdillema,fwdillema/totd,20,5,C,other,Other,1,0,0,1,0,6.5,6.5 
barrykooij,barrykooij/related-posts-for-wp,19,8,PHP,,,1,0,0,0,0,5.4,5.4 
protocolbuffers,protocolbuffers/protobuf,61850,15307,C++,other,Other,7,0,0,2,1,6.980769230769231,8.8 
isaacs,isaacs/minimatch,3108,321,JavaScript,blueoak-1.0.0,Blue Oak Model License 1.0.0,2,0,0,1,0,7.5,7.5 
abersheeran,abersheeran/rpc.py,180,12,Python,apache-2.0,Apache License 2.0,1,0,1,0,0,9.8,9.8 
boxbilling,boxbilling/boxbilling,740,383,PHP,apache-2.0,Apache License 2.0,2,0,0,0,0,6.2,7.2 
pyenv,pyenv/pyenv,34024,2902,Roff,mit,MIT License,1,0,0,1,0,7.8,7.8 
solana-labs,solana-labs/solana-pay,1160,398,TypeScript,apache-2.0,Apache License 2.0,1,0,0,0,0,5.3,5.3 
streamlit,streamlit/streamlit,28351,2525,Python,apache-2.0,Apache License 2.0,2,0,0,0,0,6.3,6.5 
FriendsOfFlarum,FriendsOfFlarum/byobu,51,32,PHP,mit,MIT License,1,0,0,0,0,4.3,4.3 
websockets-rs,websockets-rs/rust-websocket,1398,226,Rust,mit,MIT License,1,0,0,0,0,7.5,7.5 
imbrn,imbrn/v8n,4161,142,JavaScript,mit,MIT License,1,0,0,0,0,7.5,7.5 
paulej,paulej/AESCrypt,226,68,C,,,1,0,0,0,0,5.5,5.5 
sigstore,sigstore/policy-controller,108,46,Go,other,Other,1,0,0,0,0,8.8,8.8 
nextcloud,nextcloud/spreed,1473,406,JavaScript,agpl-3.0,GNU Affero General Public License v3.0,19,0,0,7,4,5.321857923497254,9.9 
evmos,evmos/ethermint,1794,462,Go,lgpl-3.0,GNU Lesser General Public License v3.0,1,0,0,0,0,5.3,5.3 
tensorflow,tensorflow/tflite-micro,1380,679,C++,apache-2.0,Apache License 2.0,1,0,0,0,0,9.1,9.1 
loopbackio,loopbackio/loopback-connector-postgresql,117,186,JavaScript,other,Other,1,0,0,0,0,10.0,10.0 
nodejs,nodejs/undici,5042,400,JavaScript,mit,MIT License,8,0,0,0,0,6.4411764705882355,9.8 
actions,actions/toolkit,4370,1620,TypeScript,mit,MIT License,2,0,0,1,0,5.0,5.0 
Linbreux,Linbreux/wikmd,247,27,Python,mit,MIT License,2,0,0,0,0,6.8,7.5 
opensearch-project,opensearch-project/security,159,230,Java,apache-2.0,Apache License 2.0,5,0,0,0,0,5.618750000000003,7.5 
mansuf,mansuf/mangadex-downloader,299,28,Python,mit,MIT License,1,0,0,0,0,5.3,5.3 
panva,panva/jose,4065,291,TypeScript,mit,MIT License,5,0,0,4,0,5.8853658536585405,5.9 
jlangch,jlangch/venice,25,4,Java,apache-2.0,Apache License 2.0,1,0,0,0,0,3.3,3.3 
matrix-org,matrix-org/gomatrixserverlib,57,47,Go,apache-2.0,Apache License 2.0,1,0,0,0,0,8.8,8.8 
rust-lang,rust-lang/cargo,11141,2158,Rust,apache-2.0,Apache License 2.0,4,0,0,0,0,6.957142857142857,8.1 
TYPO3,TYPO3/html-sanitizer,24,13,PHP,mit,MIT License,3,0,0,0,0,6.099999999999999,6.1 
CircuitVerse,CircuitVerse/CircuitVerse,698,1038,JavaScript,mit,MIT License,1,0,0,0,0,7.8,7.8 
reactphp,reactphp/http,690,143,PHP,mit,MIT License,2,0,0,0,0,5.3,5.3 
sjwall,sjwall/mdx-mermaid,138,29,TypeScript,mit,MIT License,1,0,0,0,0,7.8,7.8 
multiversx,multiversx/mx-chain-go,890,193,Go,gpl-3.0,GNU General Public License v3.0,4,0,0,0,0,8.445454545454547,9.8 
growthbook,growthbook/growthbook,5102,401,TypeScript,other,Other,1,0,0,0,0,7.5,7.5 
rubygems,rubygems/rubygems.org,2223,944,Ruby,mit,MIT License,29,0,7,19,0,nan,nan 
AEB-labs,AEB-labs/cruddl,132,16,TypeScript,mit,MIT License,1,0,0,0,0,8.8,8.8 
rust-osdev,rust-osdev/linked-list-allocator,193,51,Rust,apache-2.0,Apache License 2.0,1,0,0,0,0,9.8,9.8 
oauthlib,oauthlib/oauthlib,2662,491,Python,bsd-3-clause,"BSD 3-Clause ""New"" or ""Revised"" License",1,0,0,0,0,6.5,6.5 
siderolabs,siderolabs/talos,4391,371,Go,mpl-2.0,Mozilla Public License 2.0,1,0,0,0,0,8.8,8.8 
osuosl,osuosl/twisted_vncauthproxy,6,4,Python,gpl-2.0,GNU General Public License v2.0,1,0,0,0,0,9.8,9.8 
landfillbaby,landfillbaby/png2webp,18,1,C,,,1,0,0,0,0,5.5,5.5 
facebook,facebook/redex,5921,679,C++,mit,MIT License,1,0,0,0,0,9.8,9.8 
GoogleForCreators,GoogleForCreators/web-stories-wp,730,187,JavaScript,apache-2.0,Apache License 2.0,2,0,0,0,0,7.3,8.1 
patrickfuller,patrickfuller/camp,108,49,Python,mit,MIT License,1,0,0,0,0,9.8,9.8 
shinken-solutions,shinken-solutions/shinken,1133,337,Python,agpl-3.0,GNU Affero General Public License v3.0,0,0,0,0,0,, 
owncast,owncast/owncast,8347,734,TypeScript,mit,MIT License,4,0,0,1,0,7.96818181818182,9.8 
node-red,node-red/node-red-dashboard,1234,438,HTML,other,Other,3,0,0,1,1,5.633333333333333,7.5 
admesh,admesh/admesh,198,72,C,gpl-2.0,GNU General Public License v2.0,2,0,0,1,0,8.45,8.8 
bminor,bminor/binutils-gdb,458,472,C,,,1,0,0,0,0,5.5,5.5 
matrix-org,matrix-org/dendrite,5023,662,Go,apache-2.0,Apache License 2.0,2,0,0,0,0,8.48181818181818,8.8 
matrix-org,matrix-org/matrix-appservice-irc,448,140,TypeScript,apache-2.0,Apache License 2.0,6,0,0,1,0,8.391666666666667,9.8 
pandatix,pandatix/go-cvss,27,1,Go,mit,MIT License,1,0,0,0,0,7.5,7.5 
advanced-security,advanced-security/ghas-to-csv,25,13,Python,mit,MIT License,0,0,0,0,0,, 
matrix-org,matrix-org/matrix-android-sdk2,170,38,Kotlin,apache-2.0,Apache License 2.0,3,0,0,1,0,5.983333333333333,7.5 
davedoesdev,davedoesdev/python-jwt,215,29,Python,mit,MIT License,1,0,0,0,0,9.1,9.1 
vantage6,vantage6/vantage6,18,10,Python,apache-2.0,Apache License 2.0,8,0,0,0,0,6.475,8.8 
matrix-org,matrix-org/matrix-js-sdk,1338,614,TypeScript,apache-2.0,Apache License 2.0,9,0,1,1,0,7.104444444444446,9.8 
sylabs,sylabs/sif,16,9,Go,other,Other,2,0,0,1,0,8.65,9.8 
brettwooldridge,brettwooldridge/NuProcess,680,85,Java,apache-2.0,Apache License 2.0,1,0,0,0,0,9.8,9.8 
makedeb,makedeb/mist,55,6,Rust,gpl-3.0,GNU General Public License v3.0,1,0,0,0,0,7.8,7.8 
matrix-org,matrix-org/matrix-rust-sdk,914,182,Rust,apache-2.0,Apache License 2.0,1,0,0,0,0,7.5,7.5 
poljar,poljar/matrix-nio,491,132,Python,other,Other,1,0,0,0,0,6.5,6.5 
matrix-org,matrix-org/matrix-ios-sdk,435,207,Objective-C,apache-2.0,Apache License 2.0,4,0,0,0,0,6.5,7.5 
Nheko-Reborn,Nheko-Reborn/nheko,1643,189,C++,gpl-3.0,GNU General Public License v3.0,1,0,0,0,0,5.9,5.9 
orchest,orchest/orchest,3974,251,TypeScript,apache-2.0,Apache License 2.0,2,0,0,1,0,9.19090909090909,9.3 
discourse,discourse/DiscoTOC,21,30,JavaScript,mit,MIT License,1,0,0,0,0,5.4,5.4 
discourse,discourse/discourse-chat,43,7,,mit,MIT License,3,0,0,1,0,5.638095238095237,6.5 
pyupio,pyupio/dparse,52,24,Python,mit,MIT License,1,0,0,0,0,7.5,7.5 
jupyter,jupyter/jupyter_core,189,176,Python,bsd-3-clause,"BSD 3-Clause ""New"" or ""Revised"" License",1,0,0,0,0,8.8,8.8 
valexandersaulys,valexandersaulys/tiny-csrf,23,1,JavaScript,,,1,0,0,0,0,6.5,6.5 
fastify,fastify/fastify,28985,2171,JavaScript,mit,MIT License,4,0,0,2,0,7.575,8.8 
melisplatform,melisplatform/melis-asset-manager,1,0,PHP,osl-3.0,Open Software License 3.0,1,0,0,0,0,7.5,7.5 
melisplatform,melisplatform/melis-cms,10,2,PHP,osl-3.0,Open Software License 3.0,2,0,0,0,0,9.8,9.8 
melisplatform,melisplatform/melis-front,2,1,PHP,osl-3.0,Open Software License 3.0,1,0,0,0,0,9.8,9.8 
node-saml,node-saml/passport-saml,827,475,TypeScript,mit,MIT License,2,0,0,1,0,7.65,8.1 
node-saml,node-saml/node-saml,77,55,TypeScript,mit,MIT License,2,0,0,0,0,6.699999999999999,8.1 
Ree6-Applications,Ree6-Applications/Ree6,92,33,Java,gpl-3.0,GNU General Public License v3.0,2,0,0,0,0,9.399999999999999,9.8 
bradleyfalzon,bradleyfalzon/ghinstallation,273,89,Go,apache-2.0,Apache License 2.0,1,0,0,0,0,4.7,4.7 
dataease,dataease/dataease,13295,2508,Java,gpl-3.0,GNU General Public License v3.0,20,0,0,1,0,8.161935483870966,9.8 
openfga,openfga/openfga,1621,108,Go,apache-2.0,Apache License 2.0,8,0,0,0,0,7.234615384615386,9.8 
tasks,tasks/tasks,2927,452,Kotlin,gpl-3.0,GNU General Public License v3.0,2,0,0,1,0,6.681818181818181,6.8 
discourse,discourse/discourse-patreon,43,29,Ruby,mit,MIT License,1,0,0,0,0,9.8,9.8 
wintercms,wintercms/winter,1227,167,PHP,mit,MIT License,5,0,0,0,0,6.666666666666667,9.8 
davemckain,davemckain/qtiworks,66,54,Java,other,Other,1,0,0,0,0,6.5,6.5 
eclipse-californium,eclipse-californium/californium,699,411,Java,other,Other,2,0,0,0,0,7.966666666666666,8.2 
fluent,fluent/fluentd,12272,1320,Ruby,apache-2.0,Apache License 2.0,5,0,1,2,0,8.540625000000002,9.8 
xwiki-contrib,xwiki-contrib/oidc,6,21,Java,lgpl-2.1,GNU Lesser General Public License v2.1,1,0,0,0,0,7.5,7.5 
tu6ge,tu6ge/oss-rs,30,3,Rust,,,1,0,0,0,0,4.3,4.3 
InfotelGLPI,InfotelGLPI/tasklists,22,10,PHP,gpl-2.0,GNU General Public License v2.0,1,0,0,0,0,6.1,6.1 
nukeviet,nukeviet/nukeviet,138,296,PHP,gpl-2.0,GNU General Public License v2.0,10,0,4,4,1,8.323170731707316,9.8 
sqlalchemy,sqlalchemy/mako,291,53,Python,mit,MIT License,2,0,0,1,0,nan,nan 
Singular,Singular/Singular,228,111,C++,other,Other,1,0,0,0,0,7.8,7.8 
petergoldstein,petergoldstein/dalli,3086,440,Ruby,mit,MIT License,1,0,0,0,0,3.7,3.7 
testng-team,testng-team/testng,1900,999,Java,apache-2.0,Apache License 2.0,0,0,0,0,0,, 
davidmoreno,davidmoreno/onion,1974,288,C,other,Other,1,0,0,0,0,8.2,8.2 
JonMagon,JonMagon/KDiskMark,840,35,C++,gpl-3.0,GNU General Public License v3.0,1,0,0,0,0,7.8,7.8 
ipxe,ipxe/ipxe,1221,579,C,other,Other,1,0,0,0,0,4.3,4.3 
pypa,pypa/setuptools,2172,1080,Python,mit,MIT License,2,0,0,1,0,nan,nan 
appsmithorg,appsmithorg/appsmith,29688,3117,TypeScript,apache-2.0,Apache License 2.0,4,0,0,0,0,7.306451612903227,8.9 
kiwitcms,kiwitcms/Kiwi,891,270,Python,gpl-2.0,GNU General Public License v2.0,9,0,0,0,0,6.419444444444446,9.8 
tomscii,tomscii/zutty,328,29,C++,,,0,0,0,0,0,, 
lionello,lionello/secp256k1-js,23,13,JavaScript,mit,MIT License,1,0,0,0,0,7.5,7.5 
qmpaas,qmpaas/leadshop,567,121,PHP,apache-2.0,Apache License 2.0,1,0,0,0,0,9.8,9.8 
BlogEngine,BlogEngine/BlogEngine.NET,930,536,C#,,,3,0,0,0,0,6.279999999999999,9.8 
xiebruce,xiebruce/PicUploader,1138,168,PHP,mit,MIT License,2,0,0,0,0,6.1,6.1 
MobSF,MobSF/Mobile-Security-Framework-MobSF,15162,3036,JavaScript,gpl-3.0,GNU General Public License v3.0,2,0,0,0,0,7.5,7.5 
aws,aws/amazon-redshift-jdbc-driver,51,24,Java,bsd-2-clause,"BSD 2-Clause ""Simplified"" License",1,0,0,0,0,8.1,8.1 
mar10,mar10/wsgidav,741,135,Python,mit,MIT License,1,0,0,0,0,6.1,6.1 
crewjam,crewjam/saml,872,436,Go,bsd-2-clause,"BSD 2-Clause ""Simplified"" License",4,0,1,0,0,8.3,9.8 
opensearch-project,opensearch-project/OpenSearch,7827,1394,Java,apache-2.0,Apache License 2.0,2,0,1,0,0,9.299999999999999,9.8 
duke-git,duke-git/lancet,3124,342,Go,mit,MIT License,1,0,0,0,0,8.8,8.8 
yiisoft,yiisoft/yii,4852,2349,PHP,bsd-3-clause,"BSD 3-Clause ""New"" or ""Revised"" License",6,0,1,3,0,nan,nan 
git-for-windows,git-for-windows/git,7843,2557,C,other,Other,10,0,0,4,0,6.958536585365854,7.8 
4ra1n,4ra1n/super-xray,1076,129,Java,apache-2.0,Apache License 2.0,3,0,0,0,0,8.752380952380955,9.8 
HyperaDev,HyperaDev/Dragonfly,7,0,Java,mit,MIT License,1,0,0,0,0,7.5,7.5 
MrOxizen,MrOxizen/image-hover-effects-ultimate,0,0,PHP,,,1,0,0,0,0,5.4,5.4 
SSSD,SSSD/sssd,464,207,C,gpl-3.0,GNU General Public License v3.0,1,0,0,0,0,8.8,8.8 
linuxmint,linuxmint/warpinator,994,74,C++,gpl-3.0,GNU General Public License v3.0,2,0,0,0,0,7.5,7.5 
phoenixframework,phoenixframework/phoenix,20056,2725,Elixir,mit,MIT License,2,0,0,1,0,6.2272727272727275,7.5 
RDFLib,RDFLib/pyrdfa3,64,19,HTML,other,Other,1,0,0,0,0,5.4,5.4 
TicklishHoneyBee,TicklishHoneyBee/nodau,12,5,C,gpl-3.0,GNU General Public License v3.0,1,0,0,0,0,9.8,9.8 
sudo-project,sudo-project/sudo,946,180,C,other,Other,21,0,7,5,2,nan,nan 
nuxt,nuxt/framework,10838,1102,,,,3,0,0,0,0,6.099999999999999,6.1 
rathena,rathena/FluxCP,154,199,PHP,lgpl-3.0,GNU Lesser General Public License v3.0,1,0,0,0,0,6.1,6.1 
ipti,ipti/br.tag,19,5,PHP,gpl-2.0,GNU General Public License v2.0,1,0,0,0,0,6.1,6.1 
tsolucio,tsolucio/corebos,141,144,PHP,,,10,0,0,1,0,6.542307692307693,9.8 
m0ver,m0ver/bible-online,5,1,Java,,,1,0,0,0,0,9.8,9.8 
sproctor,sproctor/php-calendar,141,67,PHP,apache-2.0,Apache License 2.0,1,0,0,0,0,6.1,6.1 
falling-fruit,falling-fruit/falling-fruit,76,23,HTML,gpl-3.0,GNU General Public License v3.0,1,0,0,0,0,6.1,6.1 
miurahr,miurahr/py7zr,393,61,Python,lgpl-2.1,GNU Lesser General Public License v2.1,1,0,0,0,0,9.1,9.1 
scifio,scifio/scifio,81,39,Java,bsd-2-clause,"BSD 2-Clause ""Simplified"" License",1,0,0,0,0,9.8,9.8 
bspkrs,bspkrs/MCPMappingViewer,202,47,Java,mit,MIT License,1,0,0,0,0,9.8,9.8 
collective,collective/collective.dms.basecontent,0,0,Python,,,1,0,0,0,0,6.1,6.1 
payara,payara/Payara,864,294,Java,other,Other,2,0,0,0,0,9.59090909090909,9.8 
eea,eea/eionet.contreg,1,4,Java,other,Other,1,0,0,0,0,6.1,6.1 
OpencachingDeutschland,OpencachingDeutschland/oc-server3,40,46,PHP,other,Other,4,0,0,0,0,5.924999999999999,6.1 
AndyTaylorTweet,AndyTaylorTweet/Pi-Star_DV_Dash,103,118,PHP,,,1,0,0,0,0,9.8,9.8 
wso2,wso2/carbon-registry,44,203,Java,apache-2.0,Apache License 2.0,3,0,0,0,0,5.666666666666667,6.1 
victorwon,victorwon/calendarxp,0,8,HTML,mit,MIT License,2,0,0,1,0,6.1,6.1 
vexim,vexim/vexim2,71,49,PHP,other,Other,1,0,0,0,0,6.1,6.1 
roots,roots/soil,1024,183,PHP,mit,MIT License,1,0,0,0,0,6.1,6.1 
nsrr,nsrr/sleepdata.org,1,5,Ruby,mit,MIT License,1,0,0,0,0,6.1,6.1 
richardbarran,richardbarran/django-photologue,664,238,Python,bsd-3-clause,"BSD 3-Clause ""New"" or ""Revised"" License",1,0,0,0,0,6.1,6.1 
collective,collective/collective.task,4,3,Python,,,1,0,0,0,0,6.1,6.1 
inex,inex/IXP-Manager,336,153,PHP,gpl-2.0,GNU General Public License v2.0,3,0,0,0,0,6.1000000000000005,6.1 
jogetworkflow,jogetworkflow/jw-community,454,193,JavaScript,,,3,0,0,1,0,7.516666666666665,7.8 
freedomofpress,freedomofpress/securedrop,3501,696,Python,other,Other,1,0,0,0,0,7.8,7.8 
ucfopen,ucfopen/Materia,36,30,PHP,agpl-3.0,GNU Affero General Public License v3.0,1,0,0,0,0,8.8,8.8 
onekey-sec,onekey-sec/ubi_reader,461,125,Python,gpl-3.0,GNU General Public License v3.0,0,0,0,0,0,, 
1j01,1j01/mind-map,6,4,HTML,,,1,0,0,0,0,6.1,6.1 
ivantcholakov,ivantcholakov/starter-public-edition-4,163,91,JavaScript,mit,MIT License,1,0,0,0,0,6.1,6.1 
LEMS,LEMS/jLEMS,8,9,Java,mit,MIT License,1,0,0,0,0,8.8,8.8 
EvgeniyPatlan,EvgeniyPatlan/qpress,0,0,,,,1,0,0,0,0,5.3,5.3 
1Panel-dev,1Panel-dev/KubePi,2211,347,Go,gpl-3.0,GNU General Public License v3.0,2,0,0,0,0,8.150000000000002,8.8 
sleepepi,sleepepi/slice,11,6,Ruby,mit,MIT License,1,0,0,0,0,6.1,6.1 
cyface,cyface/django-termsandconditions,102,50,Python,bsd-3-clause,"BSD 3-Clause ""New"" or ""Revised"" License",1,0,0,0,0,6.1,6.1 
mschaef,mschaef/toto,2,0,Clojure,,,2,0,0,0,0,6.1,6.1 
pytorch,pytorch/pytorch,72395,19913,Python,other,Other,1,0,0,0,0,9.8,9.8 
luckyshot,luckyshot/CRMx,87,36,PHP,mit,MIT License,1,0,0,0,0,9.8,9.8 
retra,retra/retra-system,4,0,Java,,,1,0,0,0,0,6.1,6.1 
drogatkin,drogatkin/TJWS2,65,41,Java,,,1,0,0,0,0,9.8,9.8 
openipam,openipam/django-openipam,5,13,Python,,,1,0,0,0,0,6.1,6.1 
khromov,khromov/wp-english-wp-admin,5,0,PHP,,,1,0,0,0,0,8.8,8.8 
flatpressblog,flatpressblog/flatpress,160,55,PHP,gpl-2.0,GNU General Public License v2.0,25,0,0,4,3,nan,nan 
3dcitydb,3dcitydb/web-feature-service,30,13,Java,apache-2.0,Apache License 2.0,1,0,0,0,0,9.8,9.8 
prometheus,prometheus/exporter-toolkit,217,65,Go,apache-2.0,Apache License 2.0,1,0,0,0,0,8.8,8.8 
pinterest,pinterest/querybook,1566,200,TypeScript,apache-2.0,Apache License 2.0,1,0,0,0,0,6.1,6.1 
openedx,openedx/xblock-drag-and-drop-v2,17,68,JavaScript,agpl-3.0,GNU Affero General Public License v3.0,1,0,0,0,0,6.1,6.1 
grafana,grafana/synthetic-monitoring-agent,126,19,Go,apache-2.0,Apache License 2.0,1,0,0,0,0,3.3,3.3 
discourse,discourse/discourse-bbcode,12,19,Ruby,mit,MIT License,1,0,0,0,0,9.8,9.8 
openSUSE,openSUSE/travel-support-program,15,21,Ruby,agpl-3.0,GNU Affero General Public License v3.0,1,0,0,0,0,7.5,7.5 
codecentric,codecentric/spring-boot-admin,11959,3064,Java,apache-2.0,Apache License 2.0,2,0,0,0,0,8.65,9.8 
projectcapsule,projectcapsule/capsule,1303,131,Go,apache-2.0,Apache License 2.0,0,0,0,0,0,, 
tauri-apps,tauri-apps/tauri,70135,2062,Rust,apache-2.0,Apache License 2.0,6,0,0,0,0,5.682352941176472,9.8 
aws,aws/efs-utils,238,168,Python,mit,MIT License,1,0,0,0,0,4.2,4.2 
LiuWoodsCode,LiuWoodsCode/LiuOS,6,1,Python,gpl-3.0,GNU General Public License v3.0,1,0,0,0,0,7.8,7.8 
discourse,discourse/discourse-mermaid-theme-component,2,5,JavaScript,mit,MIT License,1,0,0,0,0,5.4,5.4 
airani,airani/wp-auto-upload,75,41,PHP,,,3,0,0,0,0,6.640000000000001,8.8 
tkrebs,tkrebs/ep3-bs,159,100,PHP,mit,MIT License,1,0,0,0,0,6.1,6.1 
collective,collective/collective.contact.widget,1,3,Python,,,1,0,0,0,0,6.1,6.1 
yrutschle,yrutschle/sslh,4170,362,C,gpl-2.0,GNU General Public License v2.0,1,0,0,0,0,9.8,9.8 
tdunning,tdunning/pig-vector,54,6,Java,,,1,0,0,0,0,5.5,5.5 
Tatoeba,Tatoeba/tatoeba2,621,125,PHP,agpl-3.0,GNU Affero General Public License v3.0,1,0,0,0,0,5.4,5.4 
sajari,sajari/docconv,1351,214,Go,mit,MIT License,2,0,0,0,0,8.15,9.8 
gwsw,gwsw/less,470,71,C,other,Other,1,0,0,0,0,7.5,7.5 
xiph,xiph/opusfile,137,72,C,bsd-3-clause,"BSD 3-Clause ""New"" or ""Revised"" License",1,0,0,0,0,7.8,7.8 
playsms,playsms/playsms,703,442,PHP,gpl-3.0,GNU General Public License v3.0,6,0,3,2,0,9.37777777777778,9.8 
aws-amplify,aws-amplify/aws-sdk-android,996,564,Java,other,Other,4,0,1,0,0,5.520000000000001,9.8 
myapnea,myapnea/myapnea.org,2,2,Ruby,mit,MIT License,1,0,0,0,0,5.4,5.4 
asrashley,asrashley/dash-live,1,0,Python,apache-2.0,Apache License 2.0,1,0,0,0,0,6.1,6.1 
jschwindt,jschwindt/Venganzas-del-Pasado,29,8,Ruby,,,1,0,0,0,0,6.1,6.1 
manuelstofer,manuelstofer/json-pointer,172,40,JavaScript,mit,MIT License,2,0,1,0,0,9.8,9.8 
delcroip,delcroip/dolibarr_project_timesheet,29,28,PHP,agpl-3.0,GNU Affero General Public License v3.0,1,0,0,0,0,6.5,6.5 
dropbox,dropbox/merou,95,46,Python,other,Other,1,0,0,0,0,9.8,9.8 
dgarijo,dgarijo/Widoco,247,83,Java,apache-2.0,Apache License 2.0,1,0,0,0,0,7.8,7.8 
HolgerHees,HolgerHees/cloudsync,177,27,Java,gpl-2.0,GNU General Public License v2.0,1,0,0,0,0,3.3,3.3 
centic9,centic9/jgit-cookbook,1674,500,Java,apache-2.0,Apache License 2.0,1,0,0,0,0,7.8,7.8 
kohler,kohler/hotcrp,299,107,PHP,other,Other,1,0,0,0,0,6.1,6.1 
Uniswap,Uniswap/universal-router,333,119,TypeScript,gpl-3.0,GNU General Public License v3.0,1,0,0,0,0,7.5,7.5 
instedd,instedd/nuntium,7,5,Ruby,gpl-3.0,GNU General Public License v3.0,1,0,0,0,0,5.9,5.9 
braintree,braintree/sanitize-url,267,33,TypeScript,mit,MIT License,2,0,0,1,0,6.099999999999999,6.1 
protobuf-c,protobuf-c/protobuf-c,2446,745,C++,other,Other,2,0,0,1,0,5.5,5.5 
kbase,kbase/metrics,1,8,Python,mit,MIT License,1,0,0,0,0,9.8,9.8 
evolution-events,evolution-events/Artaxerxes,4,0,Python,,,1,0,0,0,0,7.5,7.5 
ummmmm,ummmmm/nflpick-em.com,0,0,PHP,gpl-2.0,GNU General Public License v2.0,1,0,0,0,0,7.2,7.2 
fossology,fossology/fossology,692,377,HTML,gpl-2.0,GNU General Public License v2.0,1,0,0,0,0,6.1,6.1 
kaltura,kaltura/mwEmbed,211,139,JavaScript,agpl-3.0,GNU Affero General Public License v3.0,2,0,0,0,0,5.4,6.1 
snoyberg,snoyberg/keter,256,71,Haskell,mit,MIT License,1,0,0,0,0,6.1,6.1 
JATOS,JATOS/JATOS,78,22,JavaScript,apache-2.0,Apache License 2.0,1,0,0,0,0,5.3,5.3 
FAForever,FAForever/fa,197,225,Lua,,,1,0,0,0,0,7.5,7.5 
stakira,stakira/OpenUtau,1475,241,C#,mit,MIT License,1,0,0,0,0,9.8,9.8 
CapsAdmin,CapsAdmin/pac3,191,90,Lua,gpl-3.0,GNU General Public License v3.0,1,0,0,0,0,5.4,5.4 
sviehb,sviehb/jefferson,290,109,Python,mit,MIT License,2,0,0,0,0,5.7,5.9 
visegripped,visegripped/stracker,0,0,JavaScript,,,1,0,0,0,0,9.8,9.8 
abhilash1985,abhilash1985/PredictApp,2,1,Ruby,mit,MIT License,1,0,0,0,0,9.8,9.8 
sisimai,sisimai/rb-sisimai,79,18,Ruby,other,Other,1,0,0,0,0,7.5,7.5 
andrzuk,andrzuk/MyCMS,3,5,PHP,,,1,0,0,0,0,6.1,6.1 
exoplatform,exoplatform/chat-application,38,55,HTML,agpl-3.0,GNU Affero General Public License v3.0,1,0,0,0,0,6.1,6.1 
codenameone,codenameone/CodenameOne,1571,393,Java,other,Other,1,0,0,0,0,8.1,8.1 
udx,udx/wp-stateless,239,57,PHP,mit,MIT License,1,0,0,0,0,6.1,6.1 
ualbertalib,ualbertalib/NEOSDiscovery,4,2,Ruby,,,1,0,0,0,0,6.1,6.1 
icplayer,icplayer/icplayer,37,22,JavaScript,other,Other,2,0,0,0,0,6.1,6.1 
ATM-Consulting,ATM-Consulting/dolibarr_module_quicksupplierprice,2,8,PHP,,,1,0,0,0,0,9.8,9.8 
mportuga,mportuga/eslint-detailed-reporter,29,21,HTML,mit,MIT License,1,0,0,0,0,6.1,6.1 
OmniSharp,OmniSharp/csharp-language-server-protocol,419,135,C#,mit,MIT License,1,0,0,0,0,7.5,7.5 
elementor,elementor/elementor,5890,1343,JavaScript,gpl-3.0,GNU General Public License v3.0,1,0,0,0,0,6.1,6.1 
pyload,pyload/pyload,3028,702,Python,other,Other,12,0,0,0,0,nan,nan 
cifsd-team,cifsd-team/ksmbd,131,19,C,,,2,0,0,1,0,7.5,7.5 
gregkh,gregkh/linux,369,418,C,other,Other,1,0,0,0,0,7.8,7.8 
bits-and-blooms,bits-and-blooms/bloom,2131,265,Go,bsd-2-clause,"BSD 2-Clause ""Simplified"" License",1,0,0,0,0,7.8,7.8 
craigk5n,craigk5n/webcalendar,136,66,PHP,gpl-2.0,GNU General Public License v2.0,9,0,2,6,0,nan,nan 
alfio-event,alfio-event/alf.io,1218,319,Java,gpl-3.0,GNU General Public License v3.0,5,0,0,0,0,7.12,8.8 
editorconfig,editorconfig/editorconfig-core-c,285,59,C,other,Other,1,0,0,0,0,7.8,7.8 
modoboa,modoboa/modoboa,2716,367,Python,isc,ISC License,13,0,0,0,0,6.76923076923077,9.8 
healthchecks,healthchecks/healthchecks,6736,730,Python,bsd-3-clause,"BSD 3-Clause ""New"" or ""Revised"" License",1,0,0,0,0,5.3,5.3 
YAFNET,YAFNET/YAFNET,478,233,C#,apache-2.0,Apache License 2.0,2,0,0,0,0,5.4,5.4 
wallabag,wallabag/wallabag,9067,742,PHP,mit,MIT License,9,0,0,0,1,5.296296296296297,6.5 
squidex,Squidex/squidex,2034,416,C#,mit,MIT License,5,0,0,0,0,6.039999999999995,7.2 
apache,apache/incubator-answer,8833,574,Go,apache-2.0,Apache License 2.0,0,0,0,0,0,, 
modoboa,modoboa/modoboa-installer,231,121,Python,mit,MIT License,1,0,0,0,0,7.5,7.5 
pixelfed,pixelfed/pixelfed,5183,621,PHP,agpl-3.0,GNU Affero General Public License v3.0,2,0,0,0,0,5.3,5.3 
snyk,snyk/kubernetes-monitor,77,69,TypeScript,other,Other,1,0,0,0,0,5.3,5.3 
icret,icret/EasyImages2.0,1960,319,PHP,gpl-2.0,GNU General Public License v2.0,2,0,0,0,0,5.566666666666666,6.1 
canonical,canonical/apport,9,13,Python,gpl-2.0,GNU General Public License v2.0,10,0,2,3,4,6.279411764705885,7.8 
lwindolf,lwindolf/liferea,776,132,C,gpl-2.0,GNU General Public License v2.0,1,0,0,0,0,9.8,9.8 
grpc,grpc/grpc,39382,10555,C++,apache-2.0,Apache License 2.0,8,0,4,0,0,8.48591549295775,9.8 
imgproxy,imgproxy/imgproxy,7682,583,Go,mit,MIT License,2,0,0,0,0,5.35,5.4 
openstack,openstack/heat,385,351,Python,apache-2.0,Apache License 2.0,6,0,0,3,2,nan,nan 
deepset-ai,deepset-ai/haystack,11509,1462,Python,apache-2.0,Apache License 2.0,1,0,0,0,0,9.8,9.8 
nuxtlabs,nuxtlabs/github-module,30,4,TypeScript,,,1,0,0,0,0,9.8,9.8 
azuracast,AzuraCast/AzuraCast,2571,530,PHP,agpl-3.0,GNU Affero General Public License v3.0,0,0,0,0,0,, 
podofo,podofo/podofo,212,49,C++,other,Other,56,0,3,47,0,6.853964194373419,9.8 
Kenny2github,Kenny2github/kenny2automate,8,1,Python,mit,MIT License,1,0,0,0,0,6.5,6.5 
xwiki-attic,xwiki-attic/application-ckeditor,3,14,JavaScript,,,0,0,0,0,0,, 
mattkrick,mattkrick/sanitize-svg,22,7,TypeScript,mit,MIT License,1,0,0,0,0,6.1,6.1 
moment,moment/luxon,14412,743,JavaScript,mit,MIT License,1,0,0,0,0,7.5,7.5 
KubeOperator,KubeOperator/KubeOperator,4838,856,Go,apache-2.0,Apache License 2.0,1,0,0,0,0,9.8,9.8 
FreshRSS,FreshRSS/FreshRSS,7157,713,PHP,agpl-3.0,GNU Affero General Public License v3.0,2,0,0,1,0,6.045454545454546,6.1 
eemeli,eemeli/yaml,1036,98,TypeScript,isc,ISC License,1,0,0,0,0,7.5,7.5 
nektos,nektos/act,44626,1110,Go,mit,MIT License,1,0,0,0,0,8.8,8.8 
tpm2-software,tpm2-software/tpm2-tss,647,330,C,bsd-2-clause,"BSD 2-Clause ""Simplified"" License",2,0,0,1,0,6.672727272727275,6.7 
ckan,ckan/ckan,4077,1948,Python,other,Other,6,0,0,0,1,8.850000000000005,9.8 
pandora-analysis,pandora-analysis/pandora,218,31,Python,agpl-3.0,GNU Affero General Public License v3.0,1,0,0,0,0,6.5,6.5 
LibrePhotos,LibrePhotos/librephotos,6116,262,Python,mit,MIT License,1,0,0,0,0,9.8,9.8 
erohtar,erohtar/Dasherr,163,8,JavaScript,gpl-3.0,GNU General Public License v3.0,1,0,0,0,0,9.8,9.8 
ipfs,ipfs/go-unixfs,107,51,Go,mit,MIT License,1,0,0,0,0,7.5,7.5 
ipfs,ipfs/go-bitfield,6,2,Go,other,Other,1,0,0,0,0,7.5,7.5 
ipfs,ipfs/go-unixfsnode,10,5,Go,other,Other,1,0,0,0,0,7.5,7.5 
ulrikstrid,ulrikstrid/ocaml-jose,51,5,OCaml,mit,MIT License,0,0,0,0,0,, 
Azure,Azure/setup-kubectl,99,42,TypeScript,mit,MIT License,1,0,0,0,0,7.0,7.0 
shopware,shopware/SwagPayPal,23,27,PHP,mit,MIT License,1,0,0,0,0,7.5,7.5 
FiloSottile,FiloSottile/nistec,45,5,Assembly,bsd-3-clause,"BSD 3-Clause ""New"" or ""Revised"" License",1,0,0,0,0,7.5,7.5 
hakobe,hakobe/paranoidhttp,37,8,Go,mit,MIT License,1,0,0,0,0,7.5,7.5 
appium,appium/appium-desktop,4609,1344,JavaScript,other,Other,1,0,0,0,0,9.8,9.8 
OpenPrinting,OpenPrinting/cups-filters,136,114,C,apache-2.0,Apache License 2.0,7,0,2,4,0,nan,nan 
michaelrsweet,michaelrsweet/pdfio,104,22,C,apache-2.0,Apache License 2.0,2,0,0,0,0,4.9,6.5 
vert-x3,vert-x3/vertx-web,1065,518,Java,apache-2.0,Apache License 2.0,8,0,3,4,0,7.866037735849061,9.8 
anchore,anchore/syft,4878,450,Go,apache-2.0,Apache License 2.0,1,0,0,0,0,7.5,7.5 
ankane,ankane/clockwork_web,37,6,Ruby,mit,MIT License,1,0,0,0,0,6.5,6.5 
dlundquist,dlundquist/sniproxy,2395,391,C,bsd-2-clause,"BSD 2-Clause ""Simplified"" License",1,0,0,0,0,9.8,9.8 
hapijs,hapijs/formula,14,19,JavaScript,other,Other,1,0,0,0,0,6.5,6.5 
discourse,discourse/discourse-yearly-review,10,7,Ruby,mit,MIT License,1,0,0,0,0,5.3,5.3 
datahub-project,datahub-project/datahub,8584,2498,Java,apache-2.0,Apache License 2.0,6,0,0,0,0,nan,nan 
gssapi,gssapi/gss-ntlmssp,26,23,C,isc,ISC License,5,0,0,0,0,7.640000000000001,8.2 
ipfs,ipfs/boxo,138,54,Go,other,Other,1,0,0,0,0,7.5,7.5 
apolloconfig,apolloconfig/apollo,28445,10198,Java,apache-2.0,Apache License 2.0,3,0,0,0,0,4.718181818181818,7.5 
api-platform,api-platform/core,2298,810,PHP,mit,MIT License,2,0,0,1,0,6.5,6.5 
litestar-org,litestar-org/litestar,3355,272,Python,mit,MIT License,0,0,0,0,0,, 
cisco,cisco/node-jose,671,124,JavaScript,apache-2.0,Apache License 2.0,3,0,0,2,0,7.366666666666667,7.5 
commenthol,commenthol/versionn,0,0,JavaScript,mit,MIT License,1,0,0,0,0,9.8,9.8 
airtower-luna,airtower-luna/mod_gnutls,12,11,C,apache-2.0,Apache License 2.0,2,0,0,1,0,7.5,7.5 
paijp,paijp/nophp,0,1,PHP,mit,MIT License,1,0,0,0,0,8.8,8.8 
Part-DB,Part-DB/Part-DB-server,529,56,PHP,agpl-3.0,GNU Affero General Public License v3.0,2,0,1,0,0,9.463636363636361,9.8 
dwisiswant0,dwisiswant0/cwa-filter-rules,7,2,Python,mit,MIT License,1,0,0,0,0,6.1,6.1 
moby,moby/buildkit,7221,1053,Go,apache-2.0,Apache License 2.0,2,0,0,1,0,5.409090909090908,6.5 
denoland,denoland/deno,91362,5100,Rust,mit,MIT License,7,0,2,0,1,9.486046511627915,10.0 
kobezzza,kobezzza/Collection,9,0,JavaScript,mit,MIT License,1,0,0,0,0,7.5,7.5 
raysan5,raysan5/raylib,15922,1754,C,zlib,zlib License,1,0,0,0,0,6.1,6.1 
yhirose,yhirose/cpp-httplib,10610,2065,C++,mit,MIT License,2,0,0,1,0,7.618181818181818,8.8 
mickhansen,mickhansen/dottie.js,242,27,JavaScript,mit,MIT License,1,0,0,0,0,7.5,7.5 
JPeer264,JPeer264/node-git-commit-info,7,3,TypeScript,mit,MIT License,1,0,0,0,0,9.8,9.8 
excalidraw,excalidraw/excalidraw,57725,5098,TypeScript,mit,MIT License,1,0,0,0,0,6.1,6.1 
graphql,graphql/graphql-js,19751,2204,TypeScript,mit,MIT License,1,0,0,0,0,5.3,5.3 
dgilland,dgilland/pydash,1190,87,Python,mit,MIT License,1,0,0,0,0,8.1,8.1 
quill-mention,quill-mention/quill-mention,624,243,JavaScript,mit,MIT License,1,0,0,0,0,6.1,6.1 
FreeOpcUa,FreeOpcUa/opcua-asyncio,868,308,Python,lgpl-3.0,GNU Lesser General Public License v3.0,3,0,0,0,0,7.5,7.5 
geokit,geokit/geokit-rails,1555,244,Ruby,mit,MIT License,1,0,0,0,0,9.8,9.8 
pimcore,pimcore/customer-data-framework,78,89,PHP,other,Other,10,0,0,1,0,6.873684210526317,7.8 
executablebooks,executablebooks/markdown-it-py,535,64,Python,mit,MIT License,2,0,0,0,0,5.5,5.5 
russellhaering,russellhaering/gosaml2,283,114,Go,apache-2.0,Apache License 2.0,3,0,0,2,0,6.816666666666666,7.5 
cocos,cocos/cocos-engine,4779,1494,C++,other,Other,1,0,0,0,0,8.8,8.8 
TheThingsNetwork,TheThingsNetwork/lorawan-stack,868,284,Go,apache-2.0,Apache License 2.0,1,0,0,0,0,6.1,6.1 
VivaPayments,VivaPayments/API,135,172,PHP,,,1,0,0,0,0,9.8,9.8 
miroslavpejic85,miroslavpejic85/mirotalk,2117,423,JavaScript,agpl-3.0,GNU Affero General Public License v3.0,1,0,0,0,0,6.1,6.1 
typecho,typecho/typecho,10518,1997,PHP,gpl-2.0,GNU General Public License v2.0,13,0,1,0,1,5.6732558139534905,9.8 
libsdl-org,libsdl-org/libtiff,10,7,C,other,Other,1,0,0,0,0,5.5,5.5 
atampy25,atampy25/quickentity-editor-next,3,3,JavaScript,gpl-3.0,GNU General Public License v3.0,1,0,0,0,0,6.1,6.1 
gookit,gookit/goutil,1640,194,Go,mit,MIT License,1,0,0,0,0,8.8,8.8 
crossplane,crossplane/crossplane-runtime,123,90,Go,apache-2.0,Apache License 2.0,1,0,0,0,0,7.5,7.5 
thm-mni-ii,thm-mni-ii/feedbacksystem,16,9,Scala,other,Other,2,0,0,0,0,4.9,5.5 
fastify,fastify/csrf-protection,120,15,JavaScript,mit,MIT License,1,0,0,0,0,6.5,6.5 
phpseclib,phpseclib/phpseclib,5155,933,PHP,mit,MIT License,3,0,0,1,0,7.5,7.5 
codeigniter4,codeigniter4/shield,291,111,PHP,mit,MIT License,4,0,0,0,0,6.925000000000001,8.8 
rlespinasse,rlespinasse/github-slug-action,230,32,Shell,mit,MIT License,1,0,0,0,0,8.8,8.8 
px-org,px-org/PanIndex,1271,272,Go,agpl-3.0,GNU Affero General Public License v3.0,1,0,0,0,0,9.8,9.8 
antfu,antfu/utils,523,45,TypeScript,mit,MIT License,1,0,0,0,0,9.8,9.8 
rozbb,rozbb/readtomyshoe,22,2,Rust,other,Other,1,0,0,0,0,6.5,6.5 
huggingface,huggingface/transformers,114899,22962,Python,apache-2.0,Apache License 2.0,3,0,0,0,0,7.1000000000000005,8.8 
shardlab,shardlab/discordrb,446,81,Ruby,mit,MIT License,1,0,0,0,0,9.6,9.6 
dablelv,dablelv/cyan,151,29,Go,apache-2.0,Apache License 2.0,0,0,0,0,0,, 
play-with-docker,play-with-docker/play-with-docker,2668,669,JavaScript,mit,MIT License,1,0,0,0,0,6.5,6.5 
warp-tech,warp-tech/russh,380,52,Rust,apache-2.0,Apache License 2.0,1,0,0,0,0,5.9,5.9 
cilium,cilium/cilium-cli,296,153,Go,apache-2.0,Apache License 2.0,1,0,0,0,0,4.1,4.1 
KnpLabs,KnpLabs/snappy,4278,436,PHP,mit,MIT License,2,0,0,0,0,9.8,9.8 
Stellarium,Stellarium/stellarium,5202,705,C++,gpl-2.0,GNU General Public License v2.0,1,0,0,0,0,9.8,9.8 
OneSignal,OneSignal/react-native-onesignal,1527,367,TypeScript,other,Other,1,0,0,0,0,8.1,8.1 
tailscale,tailscale/tailscale,14152,1042,Go,bsd-3-clause,"BSD 3-Clause ""New"" or ""Revised"" License",3,0,0,0,0,9.142857142857146,9.6 
cloudexplorer-dev,CloudExplorer-Dev/CloudExplorer-Lite,423,43,Java,gpl-3.0,GNU General Public License v3.0,8,0,0,0,0,7.224657534246575,9.8 
GeoNode,GeoNode/geoserver-geonode-ext,9,42,Scheme,,,1,0,0,0,0,5.3,5.3 
kyubisation,kyubisation/angular-server-side-configuration,39,4,TypeScript,apache-2.0,Apache License 2.0,1,0,0,0,0,7.5,7.5 
firecracker-microvm,firecracker-microvm/versionize,49,33,Rust,apache-2.0,Apache License 2.0,1,0,0,0,0,7.5,7.5 
pretalx,pretalx/pretalx,587,167,Python,other,Other,2,0,0,0,0,5.4,6.5 
movim,movim/movim,1661,252,JavaScript,agpl-3.0,GNU Affero General Public License v3.0,2,0,0,1,0,6.383333333333333,8.8 
ansible-semaphore,ansible-semaphore/semaphore,8246,897,Go,mit,MIT License,2,0,0,0,0,8.890909090909089,9.8 
kivikakk,kivikakk/comrak,1005,124,Rust,other,Other,4,0,0,2,0,7.375,9.8 
pymedusa,pymedusa/Medusa,1662,271,Python,gpl-3.0,GNU General Public License v3.0,3,0,0,0,0,5.549999999999999,8.8 
lambdaisland,lambdaisland/uri,234,20,Clojure,mpl-2.0,Mozilla Public License 2.0,1,0,0,0,0,6.1,6.1 
brantburnett,brantburnett/Snappier,16,3,C#,other,Other,1,0,0,0,0,5.9,5.9 
facebook,facebook/netconsd,41,17,C,bsd-3-clause,"BSD 3-Clause ""New"" or ""Revised"" License",1,0,0,0,0,9.8,9.8 
202ecommerce,202ecommerce/paypal,19,28,PHP,afl-3.0,Academic Free License v3.0,1,0,0,0,0,9.8,9.8 
unpoly,unpoly/unpoly-rails,13,1,Ruby,mit,MIT License,1,0,0,0,0,7.5,7.5 
bigfork,bigfork/silverstripe-form-capture,1,3,PHP,bsd-3-clause,"BSD 3-Clause ""New"" or ""Revised"" License",1,0,0,0,0,5.4,5.4 
pluginsGLPI,pluginsGLPI/fields,78,66,PHP,gpl-2.0,GNU General Public License v2.0,2,0,1,0,0,9.14,9.8 
sveltejs,sveltejs/kit,16493,1611,JavaScript,mit,MIT License,3,0,0,0,0,8.8,8.8 
pluginsGLPI,pluginsGLPI/order,37,44,PHP,gpl-3.0,GNU General Public License v3.0,1,0,0,0,0,8.8,8.8 
fastify,fastify/fastify-passport,217,38,TypeScript,mit,MIT License,2,0,0,0,0,7.3,8.1 
vitessio,vitessio/vitess,17010,2020,Go,apache-2.0,Apache License 2.0,2,0,0,0,0,3.5,4.3 
OpenSMTPD,OpenSMTPD/OpenSMTPD,458,90,C,other,Other,5,0,1,3,0,7.385365853658537,9.8 
kspalaiologos,kspalaiologos/bzip3,582,34,C,lgpl-3.0,GNU Lesser General Public License v3.0,7,0,0,0,0,7.176470588235297,8.8 
liangliangyy,liangliangyy/DjangoBlog,5862,2531,Python,mit,MIT License,0,0,0,0,0,, 
rona-dinihari,rona-dinihari/dawnsparks-node-tesseract,1,0,JavaScript,other,Other,1,0,0,0,0,9.8,9.8 
mkucej,mkucej/i-librarian-free,186,25,PHP,gpl-3.0,GNU General Public License v3.0,2,0,0,0,0,5.75,6.1 
slimphp,slimphp/Slim-Psr7,120,42,PHP,mit,MIT License,1,0,0,0,0,6.5,6.5 
gatsbyjs,gatsbyjs/gatsby,54777,10582,JavaScript,mit,MIT License,4,0,1,1,0,8.008333333333336,9.8 
apptainer,apptainer/apptainer,735,100,Go,other,Other,2,0,0,0,0,3.709090909090909,7.8 
sigstore,sigstore/rekor,784,147,Go,apache-2.0,Apache License 2.0,2,0,0,0,0,6.4,7.5 
Icinga,Icinga/icingaweb2-module-jira,38,17,PHP,gpl-3.0,GNU General Public License v3.0,1,0,0,0,0,8.8,8.8 
pay-rails,pay-rails/pay,1658,271,Ruby,mit,MIT License,1,0,0,0,0,6.1,6.1 
epiphyt,epiphyt/form-block,3,0,PHP,gpl-2.0,GNU General Public License v2.0,1,0,0,0,0,6.5,6.5 
mindsdb,mindsdb/mindsdb,18815,2521,Python,other,Other,6,0,0,0,0,8.48333333333333,9.1 
embano1,embano1/wip,0,0,,apache-2.0,Apache License 2.0,1,0,0,0,0,8.8,8.8 
rudderlabs,rudderlabs/rudder-server,3747,281,Go,other,Other,1,0,0,0,0,8.8,8.8 
jellyfin,jellyfin/jellyfin-web,1615,942,JavaScript,gpl-2.0,GNU General Public License v2.0,11,0,0,2,0,6.875247524752474,8.8 
kiwitcms,kiwitcms/enterprise,5,7,Python,agpl-3.0,GNU Affero General Public License v3.0,1,0,0,0,0,8.8,8.8 
Netflix,Netflix/lemur,1670,329,Python,apache-2.0,Apache License 2.0,2,0,0,1,0,7.5,7.5 
encode,encode/starlette,8848,791,Python,bsd-3-clause,"BSD 3-Clause ""New"" or ""Revised"" License",2,0,0,0,0,7.5,7.5 
fluid-cloudnative,fluid-cloudnative/fluid,1439,691,Go,apache-2.0,Apache License 2.0,1,0,0,0,0,7.8,7.8 
GoogleCloudPlatform,GoogleCloudPlatform/esp-v2,251,169,Go,apache-2.0,Apache License 2.0,1,0,0,0,0,9.8,9.8 
microsoft,microsoft/typed-rest-client,655,120,TypeScript,other,Other,1,0,0,0,0,7.5,7.5 
x-wrt,x-wrt/luci,13,16,JavaScript,apache-2.0,Apache License 2.0,1,0,0,0,0,6.1,6.1 
aedart,aedart/ion,0,0,JavaScript,bsd-3-clause,"BSD 3-Clause ""New"" or ""Revised"" License",1,0,0,0,0,3.7,3.7 
pallets,pallets/flask,64881,16015,Python,bsd-3-clause,"BSD 3-Clause ""New"" or ""Revised"" License",4,0,0,3,0,6.891304347826084,7.5 
effectindex,effectindex/tripreporter,6,2,Go,other,Other,1,0,0,0,0,9.1,9.1 
greenplum-db,greenplum-db/gpdb,6010,1677,C,,,3,0,0,2,0,7.8619047619047615,9.1 
TryGhost,TryGhost/Ghost,44352,9908,JavaScript,mit,MIT License,11,0,2,3,0,7.16621621621622,9.8 
vapor,vapor/postgres-nio,249,61,Swift,mit,MIT License,1,0,0,0,0,5.9,5.9 
samboy,samboy/MaraDNS,474,59,C,other,Other,1,0,0,0,0,7.5,7.5 
mage-ai,mage-ai/mage-ai,5839,533,Python,apache-2.0,Apache License 2.0,1,0,0,0,0,9.8,9.8 
serenity-is,serenity-is/Serenity,2474,781,C#,mit,MIT License,3,0,0,0,0,6.3999999999999995,7.8 
pymumu,pymumu/smartdns,7145,1002,C,gpl-3.0,GNU General Public License v3.0,1,0,0,0,0,9.8,9.8 
ovn-org,ovn-org/ovn,401,233,C,apache-2.0,Apache License 2.0,1,0,0,0,0,5.3,5.3 
waqaskanju,waqaskanju/School-Management-System,0,1,PHP,,,0,0,0,0,0,, 
wekan,wekan/wekan,18855,2806,JavaScript,mit,MIT License,5,0,0,2,1,6.0341463414634156,8.1 
in-toto,in-toto/in-toto,780,131,Python,other,Other,1,0,0,0,0,5.5,5.5 
vert-x3,vert-x3/vertx-stomp,29,27,Java,apache-2.0,Apache License 2.0,1,0,0,0,0,6.5,6.5 
fossbilling,FOSSBilling/FOSSBilling,533,119,PHP,apache-2.0,Apache License 2.0,1,0,0,0,0,4.799999999999999,4.8 
planetlabs,planetlabs/planet-client-python,251,81,Python,apache-2.0,Apache License 2.0,1,0,0,0,0,5.5,5.5 
aiven,aiven/aiven-extras,13,9,PLpgSQL,apache-2.0,Apache License 2.0,1,0,0,0,0,8.8,8.8 
facelessuser,facelessuser/pymdown-extensions,824,288,Python,other,Other,1,0,0,0,0,7.5,7.5 
umbraco,umbraco/UmbracoIdentityExtensions,37,24,C#,mit,MIT License,1,0,0,0,0,5.3,5.3 
Ombi-app,Ombi-app/Ombi,3417,397,C#,gpl-2.0,GNU General Public License v2.0,1,0,0,0,0,4.9,4.9 
PostHog,PostHog/posthog-js,154,78,TypeScript,other,Other,1,0,0,0,0,6.1,6.1 
lima-vm,lima-vm/lima,12908,519,Go,apache-2.0,Apache License 2.0,1,0,0,0,0,2.5,2.5 
ckan,ckan/ckan-docker-base,8,10,Python,,,1,0,0,0,0,8.8,8.8 
goreleaser,goreleaser/nfpm,1889,145,Go,mit,MIT License,1,0,0,0,0,7.1,7.1 
OPCFoundation,OPCFoundation/UA-Java-Legacy,348,258,Java,other,Other,2,0,0,1,0,7.5,7.5 
salesagility,salesagility/SuiteCRM-Core,136,96,PHP,agpl-3.0,GNU Affero General Public License v3.0,1,0,0,0,0,5.3,5.3 
saleor,saleor/storefront,775,458,TypeScript,other,Other,0,0,0,0,0,, 
xibosignage,xibosignage/xibo-cms,339,252,PHP,agpl-3.0,GNU Affero General Public License v3.0,5,0,0,0,0,6.323809523809525,8.8 
django-ses,django-ses/django-ses,938,218,Python,mit,MIT License,1,0,0,0,0,5.4,5.4 
labring,labring/sealos,11725,1881,TypeScript,other,Other,2,0,0,0,0,8.254545454545452,9.8 
nanomq,nanomq/NanoNNG,31,11,C,mit,MIT License,3,0,0,0,0,7.5,7.5 
minio,minio/console,697,230,TypeScript,,,2,0,0,1,0,9.390909090909089,9.8 
notaryproject,notaryproject/notation,228,84,Go,apache-2.0,Apache License 2.0,2,0,0,0,0,6.427272727272728,6.5 
jstachio,jstachio/jstachio,144,7,Java,bsd-3-clause,"BSD 3-Clause ""New"" or ""Revised"" License",1,0,0,0,0,6.1,6.1 
txthinking,txthinking/brook,13966,2449,Go,gpl-3.0,GNU General Public License v3.0,1,0,0,0,0,8.8,8.8 
megaease,megaease/easeprobe,1927,200,Go,apache-2.0,Apache License 2.0,1,0,0,0,0,9.8,9.8 
binary-husky,binary-husky/gpt_academic,45246,5915,Python,gpl-3.0,GNU General Public License v3.0,1,0,0,0,0,6.5,6.5 
vitejs,vitejs/vite,60841,5447,TypeScript,mit,MIT License,4,0,0,0,0,nan,nan 
GaiZhenbiao,GaiZhenbiao/ChuanhuChatGPT,12898,2039,Python,gpl-3.0,GNU General Public License v3.0,1,0,0,0,0,5.3,5.3 
OpenPrinting,OpenPrinting/cpdb-libs,3,7,C,mit,MIT License,1,0,0,0,0,9.8,9.8 
sni,sni/Thruk,392,147,Perl,other,Other,1,0,0,0,0,8.8,8.8 
shopware5,shopware5/shopware,1319,835,PHP,other,Other,7,0,0,5,0,6.846511627906981,8.8 
avo-hq,avo-hq/avo,1221,167,Ruby,other,Other,4,0,0,0,0,nan,nan 
NaturalIntelligence,NaturalIntelligence/fast-xml-parser,2149,339,JavaScript,mit,MIT License,2,0,0,0,0,7.166666666666667,7.5 
ossrs,ossrs/srs,23001,5159,C++,mit,MIT License,1,0,0,0,0,7.5,7.5 
benjjvi,benjjvi/PyBB,0,0,Python,,,2,0,0,0,0,7.6000000000000005,9.8 
zxcvbn-ts,zxcvbn-ts/zxcvbn,637,54,TypeScript,mit,MIT License,1,0,0,0,0,7.5,7.5 
snowflakedb,snowflakedb/gosnowflake,247,103,Go,apache-2.0,Apache License 2.0,1,0,0,0,0,8.8,8.8 
snowflakedb,snowflakedb/snowflake-connector-nodejs,103,154,JavaScript,apache-2.0,Apache License 2.0,1,0,0,0,0,8.8,8.8 
snowflakedb,snowflakedb/snowflake-connector-python,507,466,Python,apache-2.0,Apache License 2.0,5,0,0,0,0,8.353125000000002,8.8 
weaveworks,weaveworks/tf-controller,917,86,Go,apache-2.0,Apache License 2.0,1,0,0,0,0,6.5,6.5 
udecode,udecode/plate,4388,429,TypeScript,other,Other,1,0,0,0,0,6.1,6.1 
netvl,netvl/xml-rs,453,106,Rust,mit,MIT License,1,0,0,0,0,7.5,7.5 
00xc,00xc/xml-rs,0,0,,mit,MIT License,1,0,0,0,0,7.5,7.5 
paritytech,paritytech/ink,1241,424,Rust,apache-2.0,Apache License 2.0,1,0,0,0,0,5.3,5.3 
spinacms,SpinaCMS/Spina,2135,394,JavaScript,other,Other,1,0,0,1,0,8.799999999999999,8.8 
xerial,xerial/snappy-java,984,264,Java,apache-2.0,Apache License 2.0,4,0,0,0,0,7.5,7.5 
MechanicalSoup,MechanicalSoup/MechanicalSoup,4470,397,Python,mit,MIT License,1,0,0,0,0,7.5,7.5 
greenshot,greenshot/greenshot,3557,529,C#,gpl-3.0,GNU General Public License v3.0,1,0,0,0,0,7.8,7.8 
brechtsanders,brechtsanders/xlsxio,355,111,C,mit,MIT License,1,0,0,0,0,7.8,7.8 
michael-methner,michael-methner/dlt-daemon,0,0,C,mpl-2.0,Mozilla Public License 2.0,1,0,0,0,0,7.5,7.5 
vegaprotocol,vegaprotocol/vega,30,16,Go,agpl-3.0,GNU Affero General Public License v3.0,1,0,0,0,0,5.2,5.2 
remult,remult/remult,2412,96,TypeScript,mit,MIT License,1,0,0,0,0,6.3,6.3 
livebook-dev,livebook-dev/livebook,3962,352,Elixir,apache-2.0,Apache License 2.0,1,0,0,0,0,9.8,9.8 
lightdash,lightdash/lightdash,2985,280,TypeScript,other,Other,1,0,0,0,0,7.5,7.5 
virtualsquare,virtualsquare/picotcp,39,12,C,other,Other,9,0,0,4,0,7.8086956521739115,9.8 
yt-dlp,yt-dlp/yt-dlp,59662,4888,Python,unlicense,The Unlicense,3,0,0,0,0,7.220000000000001,8.2 
MystenLabs,MystenLabs/sui,5277,12118,Rust,apache-2.0,Apache License 2.0,1,0,0,0,0,7.5,7.5 
aptos-labs,aptos-labs/aptos-core,5500,3876,Rust,other,Other,1,0,0,0,0,7.5,7.5 
amauric,AmauriC/tarteaucitron.js,851,359,JavaScript,mit,MIT License,0,0,0,0,0,, 
square,square/okio,8539,1202,Kotlin,apache-2.0,Apache License 2.0,1,0,0,0,0,7.5,7.5 
jucktnich,jucktnich/meldekarten-generator,1,0,JavaScript,gpl-3.0,GNU General Public License v3.0,1,0,0,0,0,6.1,6.1 
vlinkz,vlinkz/calamares-nixos-extensions,0,0,Python,,,1,0,0,0,0,5.5,5.5 
aerospike,aerospike/aerospike-client-java,227,244,Java,other,Other,1,0,0,0,0,9.8,9.8 
plaidweb,PlaidWeb/webmention.js,100,13,JavaScript,mit,MIT License,0,0,0,0,0,, 
borgbackup,borgbackup/borg,9911,720,Python,other,Other,2,0,0,1,0,8.427272727272726,8.8 
OpenTSDB,OpenTSDB/opentsdb,4899,1271,Java,lgpl-2.1,GNU Lesser General Public License v2.1,7,0,2,2,0,8.047368421052637,9.8 
micronaut-projects,micronaut-projects/micronaut-security,164,121,Java,apache-2.0,Apache License 2.0,1,0,0,0,0,6.5,6.5 
statamic,statamic/cms,3068,421,PHP,other,Other,7,0,1,1,1,6.313636363636363,9.8 
MightyPirates,MightyPirates/OpenComputers,1500,421,Scala,other,Other,1,0,0,0,0,8.8,8.8 
cc-tweaked,cc-tweaked/CC-Tweaked,755,194,Java,,,1,0,0,0,0,8.8,8.8 
IceWhaleTech,IceWhaleTech/CasaOS-Gateway,16,10,Go,apache-2.0,Apache License 2.0,1,0,0,0,0,9.8,9.8 
warp-tech,warp-tech/warpgate,2908,89,Rust,apache-2.0,Apache License 2.0,3,0,0,0,0,8.566666666666666,8.8 
wintercms,wintercms/storm,42,21,PHP,mit,MIT License,1,0,0,0,0,4.8,4.8 
zopefoundation,zopefoundation/RestrictedPython,347,36,Python,other,Other,2,0,0,0,0,8.8,9.9 
kichik,kichik/nsis,541,120,C++,other,Other,1,0,0,0,0,5.3,5.3 
OpenIDC,OpenIDC/cjose,13,5,C,mit,MIT License,1,0,0,0,0,7.5,7.5 
OpenIdentityPlatform,OpenIdentityPlatform/OpenAM,661,141,Java,other,Other,2,0,0,1,0,5.800000000000001,9.8 
zenstruck,zenstruck/collection,9,1,PHP,mit,MIT License,1,0,0,0,0,8.8,8.8 
9001,9001/copyparty,315,19,Python,mit,MIT License,2,0,0,0,0,6.8,7.5 
hamba,hamba/avro,305,62,Go,mit,MIT License,1,0,0,0,0,7.5,7.5 
OpenRefine,OpenRefine/OpenRefine,9955,1879,Java,bsd-3-clause,"BSD 3-Clause ""New"" or ""Revised"" License",7,0,0,3,0,7.524000000000001,9.8 
1Panel-dev,1Panel-dev/1Panel,12250,1088,Go,gpl-3.0,GNU General Public License v3.0,6,0,0,0,0,7.8588235294117705,9.8 
indico,indico/indico,1552,386,Python,mit,MIT License,2,0,0,1,0,7.3090909090909095,7.5 
w8tcha,w8tcha/CKEditor-WordCount-Plugin,75,109,JavaScript,mit,MIT License,1,0,0,0,0,6.1,6.1 
cryptomator,cryptomator/cryptomator,10036,1030,Java,gpl-3.0,GNU General Public License v3.0,3,0,0,1,0,7.799999999999998,7.8 
dapr,dapr/dapr,22536,1767,Go,apache-2.0,Apache License 2.0,1,0,0,0,0,7.5,7.5 
certifi,certifi/python-certifi,703,275,Python,other,Other,2,0,0,0,0,8.65,9.8 
balderdashy,balderdashy/sails,22676,1996,JavaScript,mit,MIT License,4,0,1,1,1,7.438461538461539,9.8 
ravenclaw900,ravenclaw900/DietPi-Dashboard,95,15,Rust,gpl-3.0,GNU General Public License v3.0,1,0,0,0,0,7.5,7.5 
tolgee,tolgee/tolgee-platform,984,69,Kotlin,other,Other,2,0,0,0,0,6.75,8.1 
OpenRapid,OpenRapid/rapidcms,13,1,PHP,mit,MIT License,7,0,0,0,0,8.6125,9.8 
Xithrius,Xithrius/twitch-tui,294,21,Rust,apache-2.0,Apache License 2.0,1,0,0,0,0,7.5,7.5 
RS485,RS485/LogisticsPipes,242,124,Java,other,Other,1,0,0,0,0,9.8,9.8 
simonsmith,simonsmith/cypress-image-snapshot,33,7,TypeScript,mit,MIT License,1,0,0,0,0,6.5,6.5 
socketry,socketry/protocol-http1,5,11,Ruby,mit,MIT License,1,0,0,0,0,5.3,5.3 
ensdomains,ensdomains/ens-contracts,455,325,JavaScript,mit,MIT License,1,0,0,0,0,6.5,6.5 
DataDog,DataDog/import-in-the-middle,31,8,JavaScript,apache-2.0,Apache License 2.0,1,0,0,0,0,9.8,9.8 
jgm,jgm/pandoc,30500,3225,Haskell,gpl-2.0,GNU General Public License v2.0,2,0,0,0,0,5.118181818181818,6.3 
Maximus5,Maximus5/ConEmu,8251,572,C++,bsd-3-clause,"BSD 3-Clause ""New"" or ""Revised"" License",1,0,0,0,0,9.8,9.8 
bjrjk,bjrjk/LinuxASMCallGraph,4,4,Python,gpl-3.0,GNU General Public License v3.0,1,0,0,0,0,9.8,9.8 
nexB,nexB/scancode.io,83,77,Python,apache-2.0,Apache License 2.0,2,0,0,0,0,6.345454545454547,8.8 
endojs,endojs/endo,679,65,JavaScript,apache-2.0,Apache License 2.0,1,0,0,0,0,9.8,9.8 
omeka,omeka/omeka-s,360,117,PHP,gpl-3.0,GNU General Public License v3.0,11,0,0,3,0,nan,nan 
trailofbits,trailofbits/uthenticode,112,30,C++,mit,MIT License,2,0,0,0,0,8.65,9.8 
ClusterLabs,ClusterLabs/libqb,151,91,C,lgpl-2.1,GNU Lesser General Public License v2.1,2,0,0,1,0,7.345454545454545,9.8 
oppia,oppia/oppia,5227,3366,Python,apache-2.0,Apache License 2.0,2,0,0,1,0,6.027272727272728,6.1 
shubhamjain,shubhamjain/svg-loader,168,16,JavaScript,mit,MIT License,1,0,0,0,0,5.4,5.4 
PrivateUploader,PrivateUploader/PrivateUploader,14,8,TypeScript,agpl-3.0,GNU Affero General Public License v3.0,1,0,0,0,0,8.3,8.3 
rizinorg,rizinorg/rz-libdemangle,5,4,C,,,1,0,0,0,0,7.8,7.8 
woodpecker-ci,woodpecker-ci/woodpecker,3152,277,Go,apache-2.0,Apache License 2.0,2,0,0,1,0,6.281818181818182,8.1 
TurboWarp,TurboWarp/desktop,261,63,JavaScript,gpl-3.0,GNU General Public License v3.0,1,0,0,0,0,6.5,6.5 
silverstripe,silverstripe/silverstripe-graphql,54,58,PHP,bsd-3-clause,"BSD 3-Clause ""New"" or ""Revised"" License",6,0,0,3,0,nan,nan 
archimatetool,archimatetool/archi,826,252,Java,mit,MIT License,1,0,0,0,0,6.5,6.5 
gitpython-developers,gitpython-developers/GitPython,4130,898,Python,bsd-3-clause,"BSD 3-Clause ""New"" or ""Revised"" License",5,0,0,0,0,8.34,9.8 
stellar,stellar/freighter,56,25,TypeScript,apache-2.0,Apache License 2.0,1,0,0,0,0,6.5,6.5 
simonw,simonw/datasette,8435,607,Python,apache-2.0,Apache License 2.0,2,0,0,1,0,6.027272727272728,6.1 
shime,shime/find-exec,1,6,JavaScript,mit,MIT License,1,0,0,0,0,9.8,9.8 
metal3-io,metal3-io/ironic-image,37,102,Shell,apache-2.0,Apache License 2.0,1,0,0,0,0,7.5,7.5 
corazawaf,corazawaf/coraza,1480,167,Go,apache-2.0,Apache License 2.0,1,0,0,0,0,7.5,7.5 
Pylons,Pylons/pyramid,3857,928,Python,other,Other,1,0,0,0,0,5.3,5.3 
apache,apache/axis-axis1-java,7,20,Java,apache-2.0,Apache License 2.0,2,0,0,0,0,8.5,9.8 
pf4j,pf4j/pf4j,2126,564,Java,apache-2.0,Apache License 2.0,3,0,0,0,0,7.5,7.5 
eclipse-leshan,eclipse-leshan/leshan,625,434,Java,bsd-3-clause,"BSD 3-Clause ""New"" or ""Revised"" License",1,0,0,0,0,9.8,9.8 
Graylog2,Graylog2/graylog2-server,6814,1027,Java,other,Other,9,0,2,4,0,7.460937500000003,9.8 
OctoPrint,OctoPrint/OctoPrint,7701,1668,Python,agpl-3.0,GNU Affero General Public License v3.0,4,0,0,3,0,7.209677419354837,9.1 
plone,plone/plone.namedfile,8,16,Python,,,66,0,7,47,10,nan,nan 
decentraland,decentraland/single-sign-on-client,0,0,TypeScript,,,1,0,0,0,0,6.1,6.1 
rust-vmm,rust-vmm/vm-memory,262,92,Rust,apache-2.0,Apache License 2.0,2,0,0,1,0,7.033333333333334,7.5 
apollographql,apollographql/router,720,214,Rust,other,Other,2,0,0,0,0,6.7,7.5 
turt2live,turt2live/matrix-media-repo,175,64,Go,mit,MIT License,2,0,0,1,0,6.06,6.5 
symfony,symfony/ux-autocomplete,22,7,PHP,mit,MIT License,1,0,0,0,0,6.5,6.5 
gofiber,gofiber/fiber,29120,1490,Go,mit,MIT License,4,0,0,1,0,8.269230769230768,8.8 
gevent,gevent/gevent,6080,985,Python,other,Other,1,0,0,0,0,9.8,9.8 
instantsoft,instantsoft/icms2,279,118,PHP,gpl-2.0,GNU General Public License v2.0,16,0,0,1,0,5.555000000000001,9.1 
metersphere,metersphere/installer,15,22,Shell,,,1,0,0,0,0,9.8,9.8 
piccolo-orm,piccolo-orm/piccolo,1155,76,Python,mit,MIT License,2,0,0,0,0,7.199999999999999,9.1 
whisperfish,whisperfish/rust-phonenumber,122,47,Rust,apache-2.0,Apache License 2.0,1,0,0,0,0,7.5,7.5 
input-output-hk,input-output-hk/hydra,225,81,Haskell,apache-2.0,Apache License 2.0,4,0,0,0,0,7.906451612903224,9.1 
memorysafety,memorysafety/sudo-rs,2625,69,Rust,apache-2.0,Apache License 2.0,1,0,0,0,0,8.1,8.1 
plone,plone/plone.rest,11,3,Python,,,1,0,0,0,0,7.5,7.5 
webmproject,webmproject/libwebp,1825,469,C,bsd-3-clause,"BSD 3-Clause ""New"" or ""Revised"" License",15,0,4,8,1,8.544680851063825,9.8 
cecilapp,Cecilapp/Cecil,222,25,PHP,eupl-1.2,European Union Public License 1.2,0,0,0,0,0,, 
redisson,redisson/redisson,21986,5189,Java,apache-2.0,Apache License 2.0,1,0,0,0,0,8.8,8.8 
gomarkdown,gomarkdown/markdown,1137,201,Go,other,Other,1,0,0,0,0,7.5,7.5 
GladysAssistant,GladysAssistant/Gladys,2397,265,JavaScript,apache-2.0,Apache License 2.0,2,0,0,0,0,6.5,6.5 
proxmox,proxmox/proxmox-rs,9,2,Rust,,,1,0,0,0,0,8.8,8.8 
SpeciesFileGroup,SpeciesFileGroup/taxonworks,77,23,Ruby,mit,MIT License,1,0,0,0,0,6.5,6.5 
lipnitsk,lipnitsk/libcue,48,13,C,other,Other,1,0,0,0,0,8.8,8.8 
chaijs,chaijs/get-func-name,11,10,JavaScript,mit,MIT License,1,0,0,0,0,7.5,7.5 
matrix-org,matrix-org/matrix-hookshot,219,51,TypeScript,apache-2.0,Apache License 2.0,1,0,0,0,0,9.0,9.0 
discourse,discourse/discourse-encrypt,38,13,JavaScript,mit,MIT License,1,0,0,0,0,6.1,6.1 
cachethq,cachethq/cachet,13450,1574,PHP,other,Other,1,0,0,0,0,8.8,8.8 
ShokoAnime,ShokoAnime/ShokoServer,323,71,C#,mit,MIT License,1,0,0,0,0,8.6,8.6 
snapview,snapview/tungstenite-rs,1573,182,Rust,apache-2.0,Apache License 2.0,1,0,0,0,0,7.5,7.5 
mikebrady,mikebrady/nqptp,70,17,C,gpl-2.0,GNU General Public License v2.0,1,0,0,0,0,5.5,5.5 
nexryai,nexryai/nexkey,14,1,TypeScript,agpl-3.0,GNU Affero General Public License v3.0,3,0,0,0,0,8.266666666666667,9.8 
charmbracelet,charmbracelet/soft-serve,4324,108,Go,mit,MIT License,1,0,0,0,0,7.5,7.5 
open-telemetry,open-telemetry/opentelemetry-python-contrib,521,445,Python,apache-2.0,Apache License 2.0,1,0,0,0,0,7.5,7.5 
Consensys,Consensys/gnark,1124,238,Go,apache-2.0,Apache License 2.0,1,0,0,0,0,5.5,5.5 
discourse,discourse/discourse-jira,0,0,Ruby,mit,MIT License,1,0,0,0,0,4.1,4.1 
louislam,louislam/uptime-kuma,40387,3591,JavaScript,mit,MIT License,9,0,0,0,0,6.8240740740740815,8.8 
pretix,pretix/pretix,1535,407,Python,other,Other,3,0,0,0,0,7.341666666666666,7.8 
webmproject,webmproject/libvpx,833,323,C,bsd-3-clause,"BSD 3-Clause ""New"" or ""Revised"" License",3,0,0,1,0,nan,nan 
wargio,wargio/naxsi,64,16,C,gpl-3.0,GNU General Public License v3.0,2,0,0,0,1,nan,nan 
babel,babel/babel,42615,5819,TypeScript,mit,MIT License,1,0,0,0,0,8.8,8.8 
xwiki-contrib,xwiki-contrib/application-changerequest,1,6,Java,lgpl-2.1,GNU Lesser General Public License v2.1,2,0,0,0,0,8.05,9.6 
xwikisas,xwikisas/identity-oauth,2,2,Java,lgpl-2.1,GNU Lesser General Public License v2.1,1,0,0,0,0,9.6,9.6 
engelsystem,engelsystem/engelsystem,353,228,PHP,gpl-2.0,GNU General Public License v2.0,4,0,0,1,0,7.576923076923076,8.8 
daurnimator,daurnimator/lua-http,734,81,Lua,mit,MIT License,1,0,0,0,0,7.5,7.5 
webauthn4j,webauthn4j/webauthn4j-spring-security,144,34,Java,apache-2.0,Apache License 2.0,1,0,0,0,0,5.3,5.3 
pdm-project,pdm-project/pdm,5500,265,Python,mit,MIT License,1,0,0,0,0,7.8,7.8 
relative,relative/synchrony,620,82,TypeScript,gpl-3.0,GNU General Public License v3.0,1,0,0,0,0,7.8,7.8 
DedSecInside,DedSecInside/TorBot,2235,473,Python,other,Other,1,0,0,0,0,7.5,7.5 
LittleBigRefresh,LittleBigRefresh/Bunkum,7,5,C#,mit,MIT License,1,0,0,0,0,5.3,5.3 
thirtybees,thirtybees/thirtybees,692,256,PHP,,,2,0,0,0,0,5.75,6.1 
six2dez,six2dez/reconftw,4835,828,HTML,mit,MIT License,1,0,0,0,0,8.8,8.8 
zchunk,zchunk/zchunk,218,33,C,bsd-2-clause,"BSD 2-Clause ""Simplified"" License",1,0,0,0,0,7.8,7.8 
pimcore,pimcore/demo,86,103,PHP,other,Other,1,0,0,0,0,6.5,6.5 
mosparo,mosparo/mosparo,98,7,PHP,mit,MIT License,2,0,0,0,0,7.45,8.8 
chiefonboarding,chiefonboarding/ChiefOnboarding,501,95,Python,agpl-3.0,GNU Affero General Public License v3.0,0,0,0,0,0,, 
frappe,frappe/lms,440,208,JavaScript,agpl-3.0,GNU Affero General Public License v3.0,2,0,0,0,0,7.95,9.8 
structurizr,structurizr/onpremises,51,30,Java,mit,MIT License,1,0,0,0,0,6.1,6.1 
vriteio,vriteio/vrite,1322,47,TypeScript,other,Other,3,0,0,0,0,7.933333333333334,9.8 
kphrx,kphrx/pleroma,2,0,Elixir,other,Other,1,0,0,0,0,5.3,5.3 
seleniumhq,SeleniumHQ/selenium,28142,7896,Java,apache-2.0,Apache License 2.0,3,0,1,1,0,7.900000000000005,8.8 
vicamo,vicamo/NetworkManager,0,1,C,other,Other,2,0,0,0,0,, 
msmania,msmania/poodim,0,0,C,gpl-2.0,GNU General Public License v2.0,1,0,0,0,0,, 
intgr,intgr/uqm-wasm,5,1,C,,,1,0,0,0,0,, 
Adobe-Consulting-Services,Adobe-Consulting-Services/acs-aem-commons,445,592,Java,apache-2.0,Apache License 2.0,4,0,0,3,0,6.325,8.8 
Dieterbe,uzbl/uzbl,995,157,C,gpl-3.0,GNU General Public License v3.0,3,0,1,1,1,nan,nan 
aubio,aubio/aubio,3052,362,C,gpl-3.0,GNU General Public License v3.0,12,0,1,8,0,7.238461538461538,9.8 
kr,beanstalkd/beanstalkd,6407,877,C,other,Other,0,0,0,0,0,, 
fcabralpacheco,fcabralpacheco/libgd,0,0,,other,Other,1,0,0,1,0,7.5,7.5 
mattermost,mattermost/focalboard,16732,1433,TypeScript,other,Other,1,0,0,0,0,, 
janl,janl/mustache.js,16090,2477,JavaScript,mit,MIT License,1,0,0,1,0,6.1,6.1 
savonrb,savonrb/nori,235,76,Ruby,mit,MIT License,1,0,1,0,0,nan,nan 
rubyzip,rubyzip/rubyzip,1324,307,Ruby,bsd-2-clause,"BSD 2-Clause ""Simplified"" License",3,0,3,0,0,9.441666666666665,9.8 
sferik,sferik/multi_xml,153,35,Ruby,mit,MIT License,1,0,1,0,0,nan,nan 
dejan,dejan/espeak-ruby,190,21,Ruby,mit,MIT License,1,0,1,0,0,9.8,9.8 
expressjs,expressjs/serve-index,433,148,JavaScript,mit,MIT License,1,0,0,1,0,6.1,6.1 
rubocop,rubocop/rubocop,12380,3078,Ruby,mit,MIT License,1,0,0,0,1,3.3,3.3 
adi928,adi928/ipycache,0,0,Python,bsd-3-clause,"BSD 3-Clause ""New"" or ""Revised"" License",1,0,0,1,0,8.8,8.8 
SAML-Toolkits,SAML-Toolkits/python-saml,639,347,Python,mit,MIT License,1,0,1,0,0,9.8,9.8 
apragacz,apragacz/django-rest-registration,461,82,Python,mit,MIT License,1,0,1,0,0,9.8,9.8 
inveniosoftware,inveniosoftware/invenio-communities,6,62,Python,mit,MIT License,1,0,0,0,1,5.4,5.4 
savon-noir,savon-noir/python-libnmap,479,227,Python,other,Other,2,0,1,1,0,8.65,9.8 
dcodeIO,dcodeIO/ClosureCompiler.js,143,35,JavaScript,apache-2.0,Apache License 2.0,1,0,1,0,0,8.1,8.1 
Pylons,Pylons/colander,440,146,Python,other,Other,1,0,0,1,0,7.5,7.5 
tschaub,tschaub/grunt-gh-pages,336,30,JavaScript,mit,MIT License,1,0,0,1,0,8.6,8.6 
nwjs,nwjs/npm-installer,155,52,JavaScript,mit,MIT License,1,0,1,0,0,8.1,8.1 
spunjs,spunjs/selenium-binaries,11,14,JavaScript,mit,MIT License,1,0,1,0,0,8.1,8.1 
jsGiven,jsGiven/jsGiven,35,5,JavaScript,mit,MIT License,1,0,1,0,0,8.1,8.1 
Janpot,Janpot/mongodb-instance,0,1,JavaScript,,,1,0,1,0,0,8.1,8.1 
kaizhu256,kaizhu256/node-phantomjs-lite,9,2,Shell,,,1,0,1,0,0,8.1,8.1 
koorchik,koorchik/node-mystem3,14,15,JavaScript,,,1,0,1,0,0,8.1,8.1 
jashkenas,jashkenas/backbone,28041,5551,JavaScript,mit,MIT License,1,0,0,0,1,5.4,5.4 
samschurter,samschurter/materialize,1,0,,mit,MIT License,1,0,0,1,0,6.1,6.1 
sqlalchemy,sqlalchemy/sqlalchemy,7964,1279,Python,mit,MIT License,3,0,2,1,0,nan,nan 
heartcombo,heartcombo/simple_form,8165,1323,Ruby,mit,MIT License,1,0,1,0,0,9.8,9.8 
webtorrent,webtorrent/webtorrent,28441,2742,JavaScript,mit,MIT License,1,0,0,1,0,6.1,6.1 
status-board,status-board/status-board,25,6,JavaScript,mit,MIT License,1,0,0,1,0,6.1,6.1 
jonschlinkert,jonschlinkert/remarkable,5592,396,JavaScript,mit,MIT License,4,0,0,4,0,6.38,7.5 
keycloak,keycloak/keycloak-nodejs-connect,617,445,JavaScript,apache-2.0,Apache License 2.0,3,0,1,0,1,9.133333333333331,9.8 
vadimdemedes,vadimdemedes/secure-compare,50,2,JavaScript,,,1,0,0,1,0,5.3,5.3 
sintaxi,sintaxi/harp,4989,372,JavaScript,,,1,0,0,1,0,5.3,5.3 
mysticatea,mysticatea/eslint-utils,69,40,JavaScript,mit,MIT License,1,0,1,0,0,9.8,9.8 
apache,apache/lucene-solr,4353,2694,,apache-2.0,Apache License 2.0,31,0,7,21,2,nan,nan 
ierror,ierror/django-js-reverse,532,99,Python,mit,MIT License,1,0,0,1,0,6.1,6.1 
marcbachmann,marcbachmann/node-html-pdf,3525,591,JavaScript,mit,MIT License,1,0,0,1,0,7.5,7.5 
commenthol,commenthol/safer-eval,20,18,JavaScript,mit,MIT License,3,0,1,2,0,9.83076923076923,9.9 
vvakame,vvakame/fs-git,5,2,Shell,mit,MIT License,2,0,0,1,0,7.8,7.8 
rubysec,rubysec/ruby-advisory-db,962,215,Ruby,other,Other,1,0,0,1,0,8.8,8.8 
neo4j,neo4j/apoc,44,23,Java,apache-2.0,Apache License 2.0,1,0,0,0,0,8.1,8.1 
pypiserver,pypiserver/pypiserver,1637,289,Python,other,Other,1,0,0,1,0,6.1,6.1 
xtermjs,xtermjs/xterm.js,15819,1552,TypeScript,mit,MIT License,1,0,0,1,0,8.8,8.8 
apache,apache/karaf,635,658,Java,apache-2.0,Apache License 2.0,10,0,2,7,1,6.5475609756097555,9.8 
yaml,yaml/pyyaml,2310,502,Python,mit,MIT License,4,0,4,0,0,9.799999999999999,9.8 
apache,apache/thrift,9977,3999,C++,apache-2.0,Apache License 2.0,7,0,2,5,0,7.274418604651163,8.8 
frostming,frostming/rediswrapper,9,2,Python,mit,MIT License,1,0,1,0,0,9.8,9.8 
angular,angular/angular.js,59031,28127,JavaScript,mit,MIT License,5,0,0,3,1,6.7299999999999995,7.5 
usmanhalalit,usmanhalalit/pixie,671,176,PHP,mit,MIT License,1,0,1,0,0,9.8,9.8 
simplito,simplito/elliptic-php,194,52,PHP,mit,MIT License,1,0,0,1,0,7.4,7.4 
flavorjones,flavorjones/loofah,901,138,Ruby,mit,MIT License,6,0,0,1,2,5.8307692307692305,7.5 
keras-team,keras-team/keras,59690,19448,Python,apache-2.0,Apache License 2.0,1,0,0,0,0,6.5,6.5 
juju,juju/juju,2187,474,Go,other,Other,3,0,1,1,0,8.650000000000002,9.8 
sergey-dryabzhinsky,sergey-dryabzhinsky/python-zstd,148,24,C,bsd-2-clause,"BSD 2-Clause ""Simplified"" License",1,0,0,0,0,7.5,7.5 
netplex,netplex/json-smart-v2,142,66,Java,apache-2.0,Apache License 2.0,3,0,0,2,0,6.738095238095238,7.5 
redis,redis/redis-py,11866,2469,Python,mit,MIT License,2,0,0,0,0,5.1,6.5 
cypress-io,cypress-io/request,6,12,JavaScript,apache-2.0,Apache License 2.0,1,0,0,0,0,6.1,6.1 
cloudflare,cloudflare/cloudflared,6827,656,Go,apache-2.0,Apache License 2.0,2,0,0,1,0,7.8,7.8 
cfug,cfug/dio,11950,1476,Dart,mit,MIT License,1,0,0,1,0,7.5,7.5 
apache,apache/archiva,320,120,Java,apache-2.0,Apache License 2.0,15,0,0,11,1,nan,nan 
Really-Simple-Plugins,Really-Simple-Plugins/complianz-gdpr,76,35,PHP,other,Other,1,0,0,0,0,5.4,5.4 
apache,apache/openmeetings,594,255,Java,other,Other,24,0,2,18,0,7.615816326530607,10.0 
apache,apache/rocketmq,19961,11341,Java,apache-2.0,Apache License 2.0,3,0,0,1,0,9.424999999999999,9.8 
apache,apache/incubator-streampark,3490,888,Scala,apache-2.0,Apache License 2.0,5,0,0,0,0,6.059374999999998,9.8 
apache,apache/camel,5120,4869,Java,apache-2.0,Apache License 2.0,21,0,10,10,0,nan,nan 
apache,apache/johnzon,43,65,Java,apache-2.0,Apache License 2.0,1,0,0,0,0,5.3,5.3 
quarkusio,quarkusio/quarkus,12481,2399,Java,apache-2.0,Apache License 2.0,12,0,0,2,0,8.061904761904772,9.8 
apache,apache/felix-dev,117,121,Java,apache-2.0,Apache License 2.0,1,0,0,0,0,6.1,6.1 
jenkinsci,jenkinsci/gitlab-oauth-plugin,31,46,Java,mit,MIT License,6,0,0,5,0,6.554545454545456,8.8 
apache,apache/helix,436,215,Java,apache-2.0,Apache License 2.0,1,0,0,0,0,9.8,9.8 
jeecgboot,jeecgboot/jeecg-boot,36286,14059,Java,apache-2.0,Apache License 2.0,33,0,4,3,0,8.596341463414616,9.8 
fastify,fastify/fastify-oauth2,220,61,JavaScript,mit,MIT License,1,0,0,0,0,8.8,8.8 
jenkinsci,jenkinsci/servicenow-devops-plugin,2,7,Java,mit,MIT License,2,0,0,0,0,7.0,7.5 
apache,apache/mina-sshd,763,331,Java,apache-2.0,Apache License 2.0,3,0,0,1,0,6.591666666666666,9.8 
lessthanoptimal,lessthanoptimal/BoofCV,1004,257,Java,,,1,0,0,0,0,9.8,9.8 
sqlfluff,sqlfluff/sqlfluff,6738,563,Python,mit,MIT License,1,0,0,0,0,7.8,7.8 
spring-projects,spring-projects/spring-security-samples,999,568,Java,,,2,0,0,0,0,6.699999999999999,8.1 
feathersjs,feathersjs/feathers,14799,766,TypeScript,mit,MIT License,1,0,0,0,0,7.5,7.5 
apache,apache/shiro,4189,2370,Java,apache-2.0,Apache License 2.0,15,0,7,4,0,nan,nan 
refraction-ray,refraction-ray/xalpha,1841,488,Python,mit,MIT License,1,0,0,0,0,9.8,9.8 
nothub,nothub/mrpack-install,48,3,Go,mit,MIT License,1,0,0,0,0,7.8,7.8 
etcd-io,etcd-io/etcd,44848,9555,Go,apache-2.0,Apache License 2.0,12,0,0,7,2,7.149999999999992,9.8 
switcherapi,switcherapi/switcher-client-js,4,1,JavaScript,mit,MIT License,0,0,0,0,0,, 
kubernetes,kubernetes/client-go,8175,2866,Go,apache-2.0,Apache License 2.0,2,0,0,0,2,5.25,5.5 
satori,satori/go.uuid,4826,638,Go,mit,MIT License,1,0,1,0,0,9.8,9.8 
developmentil,developmentil/ecdh,11,10,JavaScript,,,1,0,0,0,0,7.5,7.5 
caddyserver,caddyserver/caddy,50493,3850,Go,apache-2.0,Apache License 2.0,6,0,1,2,0,5.619354838709676,9.8 
openshift,openshift/source-to-image,2386,708,Go,apache-2.0,Apache License 2.0,1,0,0,1,0,6.5,6.5 
apache,apache/sling-org-apache-sling-jcr-base,0,8,Java,apache-2.0,Apache License 2.0,1,0,0,0,0,7.5,7.5 
frappant,frappant/frp_form_answers,6,17,PHP,,,1,0,0,0,0,6.1,6.1 
apache,apache/commons-fileupload,216,164,Java,apache-2.0,Apache License 2.0,2,0,1,0,0,nan,nan 
dhowden,dhowden/tag,496,65,Go,bsd-2-clause,"BSD 2-Clause ""Simplified"" License",4,0,0,4,0,6.5,6.5 
hashicorp,hashicorp/go-slug,20,12,Go,mpl-2.0,Mozilla Public License 2.0,1,0,0,1,0,7.5,7.5 
apache,apache/spark,37147,27956,Scala,apache-2.0,Apache License 2.0,14,0,3,5,2,7.281147540983592,9.9 
spring-projects,spring-projects/spring-boot,70028,39630,Java,apache-2.0,Apache License 2.0,22,0,9,6,0,8.679274611398952,9.8 
mozilla,mozilla/nunjucks,8295,681,JavaScript,bsd-2-clause,"BSD 2-Clause ""Simplified"" License",2,0,0,1,0,6.1000000000000005,6.1 
allegro,allegro/bigflow,109,23,Python,other,Other,1,0,0,0,0,5.9,5.9 
apache,apache/linkis,3162,1116,Java,apache-2.0,Apache License 2.0,6,0,0,0,0,9.015686274509813,9.8 
XKCP,XKCP/XKCP,535,197,C,other,Other,1,0,0,0,0,9.8,9.8 
BuilderIO,BuilderIO/qwik,19170,1116,TypeScript,mit,MIT License,1,0,0,0,0,6.5,6.5 
sjqzhang,sjqzhang/go-fastdfs,3703,771,Go,unlicense,The Unlicense,1,0,0,0,0,9.8,9.8 
Tencent,Tencent/vConsole,16082,2983,TypeScript,other,Other,1,0,0,0,0,9.8,9.8 
apache,apache/superset,55118,11714,TypeScript,apache-2.0,Apache License 2.0,43,0,2,10,2,nan,nan 
spring-projects,spring-projects/spring-session,1806,1088,Java,apache-2.0,Apache License 2.0,1,0,0,0,0,6.5,6.5 
hjson,hjson/hjson-java,150,23,Java,mit,MIT License,2,0,0,0,0,7.5,7.5 
kiali,kiali/kiali,3220,469,TypeScript,apache-2.0,Apache License 2.0,4,0,2,1,0,6.653846153846154,8.6 
gugoan,gugoan/economizzer,428,119,PHP,mit,MIT License,6,0,0,0,0,8.74,9.8 
SagerNet,SagerNet/sing-box,7909,1114,Go,other,Other,1,0,0,0,0,9.8,9.8 
apache,apache/commons-compress,294,246,Java,apache-2.0,Apache License 2.0,9,0,0,8,0,nan,nan 
dromara,dromara/hutool,27367,7346,Java,other,Other,15,0,1,1,0,8.262499999999992,9.8 
hashicorp,hashicorp/terraform,39248,9137,Go,other,Other,2,0,0,1,0,7.65,7.8 
octobercms,octobercms/install,119,94,PHP,,,1,0,0,0,0,5.4,5.4 
jaredforth,jaredforth/webp,53,18,Rust,apache-2.0,Apache License 2.0,1,0,0,0,0,8.8,8.8 
openshift,openshift/apiserver-library-go,4,41,Go,apache-2.0,Apache License 2.0,2,0,0,0,0,7.15,8.0 
NLnetLabs,NLnetLabs/bcder,15,11,Rust,bsd-3-clause,"BSD 3-Clause ""New"" or ""Revised"" License",1,0,0,0,0,7.5,7.5 
colinhacks,colinhacks/zod,26633,900,TypeScript,mit,MIT License,1,0,0,0,0,7.5,7.5 
apache,apache/avro,2617,1530,Java,apache-2.0,Apache License 2.0,5,0,0,1,0,7.5,7.5 
ArjunSharda,ArjunSharda/Searchor,74,41,Python,mit,MIT License,1,0,0,0,0,9.8,9.8 
tgstation,tgstation/tgstation-server,48,74,C#,agpl-3.0,GNU Affero General Public License v3.0,5,0,1,1,0,6.824390243902442,9.8 
liufee,liufee/cms,532,186,PHP,other,Other,19,0,1,4,0,6.415624999999993,9.8 
ruby,ruby/uri,68,40,Ruby,other,Other,2,0,0,0,0,5.299999999999999,5.3 
einpraegsam,einpraegsam/ipandlanguageredirect,14,13,PHP,gpl-3.0,GNU General Public License v3.0,1,0,0,0,0,9.8,9.8 
notaryproject,notaryproject/notation-go,27,41,Go,apache-2.0,Apache License 2.0,4,0,0,0,0,6.610000000000001,8.8 
hhxsv5,hhxsv5/laravel-s,3774,481,PHP,mit,MIT License,1,0,0,0,0,9.8,9.8 
auth0,auth0/passport-wsfed-saml2,47,64,JavaScript,mit,MIT License,1,0,1,0,0,8.1,8.1 
BishopFox,BishopFox/sliver,6821,958,Go,gpl-3.0,GNU General Public License v3.0,1,0,0,0,0,8.1,8.1 
apache,apache/accumulo,997,442,Java,apache-2.0,Apache License 2.0,2,0,0,1,0,8.666666666666666,9.8 
tpwd,tpwd/ke_search,5,28,PHP,gpl-3.0,GNU General Public License v3.0,2,0,0,0,1,5.75,6.1 
jonschlinkert,jonschlinkert/word-wrap,168,56,JavaScript,mit,MIT License,1,0,0,0,0,7.5,7.5 
apple,apple/swift-nio-http2,437,81,Swift,apache-2.0,Apache License 2.0,4,0,1,3,0,7.5,7.5 
bndr,bndr/pipreqs,5463,366,Python,apache-2.0,Apache License 2.0,1,0,0,0,0,9.8,9.8 
apple,apple/swift-nio,7570,628,Swift,apache-2.0,Apache License 2.0,10,0,8,1,0,7.642857142857143,9.8 
swift-server,swift-server/async-http-client,793,94,Swift,apache-2.0,Apache License 2.0,1,0,0,0,0,7.5,7.5 
rails,rails/kredis,1310,77,Ruby,mit,MIT License,1,0,0,0,0,, 
yongshengli,yongshengli/yiicms,117,63,PHP,other,Other,1,0,0,0,0,5.4,5.4 
apple,apple/swift-corelibs-foundation,5104,1132,Swift,apache-2.0,Apache License 2.0,2,0,0,1,0,8.68181818181818,8.8 
brendan-duncan,brendan-duncan/archive,359,114,Dart,mit,MIT License,2,0,0,0,0,7.8,7.8 
adobe,adobe/css-tools,20,11,CSS,mit,MIT License,2,0,0,0,0,6.4,7.5 
apache,apache/xmlgraphics-batik,189,135,Java,,,9,0,0,2,0,6.199999999999999,8.2 
apache,apache/ant-ivy,62,117,Java,apache-2.0,Apache License 2.0,1,0,0,0,0,8.2,8.2 
FasterXML,FasterXML/jackson-dataformats-text,373,134,Java,apache-2.0,Apache License 2.0,1,0,0,0,0,7.5,7.5 
gventuri,gventuri/pandas-ai,8998,748,Python,other,Other,3,0,0,0,0,nan,nan 
jenkinsci,jenkinsci/fortify-plugin,23,28,Java,other,Other,4,0,0,1,0,5.025,6.1 
spring-projects,spring-projects/spring-kafka,1972,1453,Java,apache-2.0,Apache License 2.0,1,0,0,0,0,7.8,7.8 
spipu,spipu/html2pdf,1580,786,PHP,osl-3.0,Open Software License 3.0,2,0,0,1,0,7.45,8.8 
webiny,webiny/webiny-js,6889,551,TypeScript,other,Other,1,0,0,0,0,4.8,4.8 
cloudflare,cloudflare/workers-sdk,1850,401,TypeScript,apache-2.0,Apache License 2.0,4,0,0,0,0,7.723076923076922,8.1 
cloudflare,cloudflare/odoh-rs,153,22,Rust,bsd-2-clause,"BSD 2-Clause ""Simplified"" License",1,0,0,0,0,5.9,5.9 
GoogleChromeLabs,GoogleChromeLabs/critters,3317,110,JavaScript,apache-2.0,Apache License 2.0,1,0,0,0,0,6.1,6.1 
vinitkumar,vinitkumar/json2xml,88,31,Python,apache-2.0,Apache License 2.0,1,0,0,0,0,7.5,7.5 
thinkcmf,thinkcmf/thinkcmf,2075,605,JavaScript,mit,MIT License,5,0,0,2,0,6.512500000000002,8.8 
ydb-platform,ydb-platform/ydb-go-sdk,109,34,Go,apache-2.0,Apache License 2.0,1,0,0,0,0,5.5,5.5 
in2code-de,in2code-de/femanager,43,112,PHP,,,6,0,0,1,1,nan,nan 
fnando,fnando/svg_optimizer,15,6,Ruby,mit,MIT License,1,0,0,0,0,, 
facebook,facebook/react,215078,45335,JavaScript,mit,MIT License,3,0,0,1,0,6.136363636363637,6.5 
microsoft,microsoft/msquic,3603,521,C,mit,MIT License,2,0,0,0,0,7.5,7.5 
fsevents,fsevents/fsevents,551,128,C,mit,MIT License,1,0,0,0,0,9.8,9.8 
ni,ni/measurementlink-python,17,6,Python,mit,MIT License,1,0,0,0,0,8.8,8.8 
stleary,stleary/JSON-java,4395,2588,Java,other,Other,3,0,0,0,0,7.5,7.5 
apache,apache/jspwiki,100,97,Java,apache-2.0,Apache License 2.0,21,0,1,14,0,6.640540540540542,9.1 
parse-community,parse-community/parse-server-push-adapter,80,94,JavaScript,mit,MIT License,1,0,0,0,0,7.5,7.5 
distribution,distribution/distribution,7960,2353,Go,apache-2.0,Apache License 2.0,2,0,0,1,0,7.0,7.5 
cloudflare,cloudflare/circl,1065,122,Go,other,Other,1,0,0,0,0,8.2,8.2 
apache,apache/ranger,799,869,Java,apache-2.0,Apache License 2.0,16,0,2,10,2,7.133112582781446,9.8 
TooTallNate,TooTallNate/proxy-agents,731,204,TypeScript,,,1,0,0,0,0,7.5,7.5 
elgs,elgs/gosqljson,64,10,Go,other,Other,1,0,0,0,0,, 
kornelski,kornelski/http-cache-semantics,236,24,JavaScript,bsd-2-clause,"BSD 2-Clause ""Simplified"" License",1,0,0,0,0,7.5,7.5 
jenkinsci,jenkinsci/bitbucket-oauth-plugin,16,21,Java,mit,MIT License,3,0,0,0,1,7.766666666666667,9.8 
heartcombo,heartcombo/devise,23464,5576,Ruby,mit,MIT License,1,0,0,0,0,7.5,7.5 
alexcrichton,alexcrichton/bzip2-rs,79,50,C,apache-2.0,Apache License 2.0,1,0,0,0,0,7.5,7.5 
Velocidex,Velocidex/velociraptor,2309,395,Go,other,Other,8,0,0,0,1,5.412676056338034,6.1 
jenkinsci,jenkinsci/semantic-versioning-plugin,19,19,Java,mit,MIT License,3,0,0,1,0,8.700000000000001,9.8 
rancher,rancher/wrangler,218,83,Go,apache-2.0,Apache License 2.0,2,0,0,0,0,8.65,9.8 
rails,rails/globalid,1138,121,Ruby,mit,MIT License,1,0,0,0,0,7.5,7.5 
hapifhir,hapifhir/org.hl7.fhir.core,129,139,Java,apache-2.0,Apache License 2.0,1,0,0,0,0,8.1,8.1 
okta,okta/okta-oidc-middleware,13,13,JavaScript,other,Other,1,0,0,0,0,4.7,4.7 
ipld,ipld/go-ipld-prime,123,54,Go,mit,MIT License,1,0,0,0,0,7.5,7.5 
apache,apache/james-project,765,450,Java,apache-2.0,Apache License 2.0,11,0,1,6,0,nan,nan 
amodm,amodm/webbrowser-rs,188,33,Rust,apache-2.0,Apache License 2.0,1,0,0,0,0,9.8,9.8 
yiisoft,yiisoft/yii2-gii,199,194,PHP,bsd-3-clause,"BSD 3-Clause ""New"" or ""Revised"" License",2,0,0,0,0,6.08,8.8 
psd-tools,psd-tools/psd-tools,988,176,Python,mit,MIT License,1,0,1,0,0,9.8,9.8 
openstack,openstack/python-keystoneclient,199,242,Python,other,Other,7,0,2,4,1,nan,nan 
mkomitee,mkomitee/requests-kerberos,0,0,Python,other,Other,1,0,1,0,0,9.8,9.8 
giampaolo,giampaolo/psutil,9637,1397,Python,bsd-3-clause,"BSD 3-Clause ""New"" or ""Revised"" License",1,0,0,1,0,7.5,7.5 
jonschlinkert,jonschlinkert/kind-of,336,40,JavaScript,mit,MIT License,1,0,0,1,0,7.5,7.5 
easybuilders,easybuilders/easybuild-framework,133,197,Python,gpl-2.0,GNU General Public License v2.0,1,0,0,0,1,5.5,5.5 
apache,apache/kylin,3548,1541,Java,apache-2.0,Apache License 2.0,13,0,5,6,0,8.214893617021275,9.8 
kitodo,kitodo/kitodo-presentation,37,40,PHP,gpl-3.0,GNU General Public License v3.0,2,0,0,2,0,6.8,7.5 
sindresorhus,sindresorhus/dot-prop,781,70,JavaScript,mit,MIT License,1,0,1,0,0,7.3,7.3 
encode,encode/uvicorn,7192,665,Python,bsd-3-clause,"BSD 3-Clause ""New"" or ""Revised"" License",2,0,0,2,0,5.499999999999999,7.5 
quartz-scheduler,quartz-scheduler/quartz,5892,1867,Java,apache-2.0,Apache License 2.0,2,0,1,0,0,9.799999999999999,9.8 
inukshuk,inukshuk/bibtex-ruby,153,35,Ruby,gpl-3.0,GNU General Public License v3.0,1,0,1,0,0,9.8,9.8 
ktorio,ktorio/ktor,11682,977,Kotlin,apache-2.0,Apache License 2.0,19,0,1,11,1,6.437016574585626,9.8 
apache,apache/olingo-odata4,150,188,Java,apache-2.0,Apache License 2.0,4,0,1,3,0,8.177419354838712,9.8 
ruby,ruby/rake,2273,648,Ruby,mit,MIT License,1,0,0,1,0,6.4,6.4 
matestack,matestack/matestack-ui-core,550,47,Ruby,mit,MIT License,1,0,0,0,1,5.4,5.4 
knockout,knockout/knockout,10378,1554,JavaScript,other,Other,1,0,0,1,0,6.1,6.1 
horazont,horazont/aioxmpp,215,51,Python,lgpl-3.0,GNU Lesser General Public License v3.0,1,0,0,1,0,7.4,7.4 
guybedford,guybedford/devcert,5,3,TypeScript,,,1,0,1,0,0,9.8,9.8 
ljharb,ljharb/qs,8084,748,JavaScript,bsd-3-clause,"BSD 3-Clause ""New"" or ""Revised"" License",3,0,0,2,0,7.5,7.5 
minimistjs,minimistjs/minimist,376,27,JavaScript,mit,MIT License,2,0,1,1,0,7.7,9.8 
tlsfuzzer,tlsfuzzer/python-ecdsa,862,334,Python,other,Other,2,0,0,1,0,nan,nan 
derhansen,derhansen/sf_event_mgt,51,51,PHP,gpl-2.0,GNU General Public License v2.0,1,0,0,1,0,4.3,4.3 
KyleRoss,KyleRoss/windows-cpu,29,8,JavaScript,mit,MIT License,1,0,1,0,0,9.8,9.8 
apiaryio,apiaryio/fury-adapter-swagger,11,12,JavaScript,mit,MIT License,1,0,0,0,0,, 
auth0,auth0/node-jws,690,114,JavaScript,mit,MIT License,0,0,0,0,0,, 
rvagg,rvagg/bl,421,71,JavaScript,other,Other,1,0,0,1,0,6.5,6.5 
c3js,c3js/c3,9299,1445,JavaScript,mit,MIT License,1,0,0,0,0,, 
LemonLDAPNG,LemonLDAPNG/node-lemonldap-ng-handler,7,2,TypeScript,gpl-3.0,GNU General Public License v3.0,1,0,1,0,0,9.8,9.8 
KartikTalwar,KartikTalwar/gmail.js,3673,510,JavaScript,mit,MIT License,1,0,0,0,0,, 
sqreen,sqreen/PyMiniRacer,671,66,Python,isc,ISC License,1,0,1,0,0,9.8,9.8 
kevva,kevva/decompress,404,53,JavaScript,mit,MIT License,1,0,1,0,0,9.8,9.8 
aheckmann,aheckmann/gm,6889,638,JavaScript,,,1,0,0,0,0,, 
BorisMoore,BorisMoore/jsrender,2666,362,JavaScript,mit,MIT License,1,0,0,0,0,, 
yargs,yargs/yargs-parser,473,134,JavaScript,isc,ISC License,1,0,0,1,0,5.3,5.3 
rails,rails/activerecord-session_store,509,188,Ruby,mit,MIT License,1,0,0,1,0,5.3,5.3 
joypixels,joypixels/emojione,4464,555,PHP,other,Other,1,0,0,0,0,, 
apache,apache/cordova-android,3540,1536,JavaScript,apache-2.0,Apache License 2.0,14,0,4,8,2,nan,nan 
apache,apache/xerces2-j,35,66,Java,apache-2.0,Apache License 2.0,2,0,1,1,0,nan,nan 
hibernate,hibernate/hibernate-validator,1126,564,Java,apache-2.0,Apache License 2.0,4,0,0,4,0,nan,nan 
erelsgl,erelsgl/limdu,1051,106,JavaScript,lgpl-3.0,GNU Lesser General Public License v3.0,1,0,1,0,0,7.2,7.2 
zamotany,zamotany/logkitty,68,13,TypeScript,mit,MIT License,1,0,1,0,0,9.8,9.8 
Styria-Digital,Styria-Digital/django-rest-framework-jwt,188,58,Python,mit,MIT License,1,0,0,1,0,9.1,9.1 
tm-kn,tm-kn/django-basic-auth-ip-whitelist,14,3,Python,bsd-3-clause,"BSD 3-Clause ""New"" or ""Revised"" License",1,0,0,0,1,2.4,2.4 
ankane,ankane/pghero,7202,420,Ruby,mit,MIT License,2,0,0,1,0,7.554545454545454,8.1 
richardgirges,richardgirges/express-fileupload,1470,251,JavaScript,mit,MIT License,3,0,2,1,0,8.754545454545454,9.8 
Sylius,Sylius/SyliusResourceBundle,197,150,PHP,mit,MIT License,4,0,0,4,0,5.163636363636362,8.8 
spring-projects,spring-projects/spring-integration,1454,1060,Java,apache-2.0,Apache License 2.0,5,0,2,3,0,6.214634146341469,9.8 
ankane,ankane/field_test,484,24,Ruby,mit,MIT License,2,0,0,2,0,5.209090909090908,5.3 
jetty,jetty/jetty.project,3670,1907,Java,other,Other,1,0,0,0,0,7.5,7.5 
playframework,playframework/playframework,12464,4127,Scala,apache-2.0,Apache License 2.0,10,0,1,9,0,7.214285714285713,9.8 
mikaelbr,mikaelbr/node-notifier,5664,340,JavaScript,mit,MIT License,1,0,0,1,0,5.6,5.6 
apache,apache/groovy,4982,1842,Java,apache-2.0,Apache License 2.0,3,0,2,0,1,9.595238095238098,9.8 
ipfs,ipfs/aegir,95,65,JavaScript,apache-2.0,Apache License 2.0,2,0,0,2,0,7.5,7.5 
apache,apache/commons-configuration,184,131,Java,apache-2.0,Apache License 2.0,2,0,2,0,0,9.818181818181817,10.0 
rails,rails/activeresource,1290,368,Ruby,mit,MIT License,1,0,0,1,0,7.5,7.5 
apache,apache/beam,7225,4079,Java,apache-2.0,Apache License 2.0,1,0,0,1,0,7.5,7.5 
barrelstrength,barrelstrength/sprout-base-email,0,1,PHP,other,Other,0,0,0,0,0,, 
rails,rails/actionpack-page_caching,342,74,Ruby,mit,MIT License,1,0,1,0,0,9.8,9.8 
pyinstaller,pyinstaller/pyinstaller,10739,1948,Python,other,Other,1,0,0,1,0,7.8,7.8 
checkstyle,checkstyle/checkstyle,7927,8636,Java,lgpl-2.1,GNU Lesser General Public License v2.1,2,0,0,2,0,5.299999999999999,5.3 
tj,tj/node-cookie-signature,172,34,JavaScript,mit,MIT License,1,0,0,0,1,4.4,4.4 
infinispan,infinispan/infinispan,1086,598,Java,apache-2.0,Apache License 2.0,8,0,1,7,0,7.516981132075474,9.8 
stanhu,stanhu/kramdown,0,2,,other,Other,1,0,0,1,0,9.8,9.8 
yargs,yargs/y18n,143,55,JavaScript,isc,ISC License,1,0,1,0,0,9.8,9.8 
facade,facade/ignition,2062,192,PHP,mit,MIT License,3,0,3,0,0,9.799999999999999,9.8 
adaltas,adaltas/node-printf,89,15,JavaScript,mit,MIT License,1,0,0,1,0,7.5,7.5 
joomla-framework,joomla-framework/archive,3,8,PHP,gpl-2.0,GNU General Public License v2.0,1,0,0,1,0,5.5,5.5 
sindresorhus,sindresorhus/is-svg,124,18,JavaScript,mit,MIT License,2,0,0,2,0,7.5,7.5 
npm,npm/ssri,49,21,JavaScript,other,Other,1,0,0,1,0,7.5,7.5 
pressbooks,pressbooks/pressbooks,395,132,PHP,gpl-3.0,GNU General Public License v3.0,1,0,0,0,1,4.8,4.8 
django,django/channels,5765,793,Python,bsd-3-clause,"BSD 3-Clause ""New"" or ""Revised"" License",1,0,0,1,0,7.4,7.4 
facebook,facebook/create-react-app,101040,26801,JavaScript,mit,MIT License,2,0,1,1,0,8.75,9.8 
AndrewBurian,AndrewBurian/powermux,20,3,Go,mit,MIT License,1,0,0,1,0,6.1,6.1 
stellar,stellar/js-stellar-sdk,584,319,JavaScript,apache-2.0,Apache License 2.0,1,0,0,1,0,6.5,6.5 
hunterhacker,hunterhacker/jdom,335,115,Java,other,Other,1,0,0,1,0,7.5,7.5 
restsharp,restsharp/RestSharp,9286,2320,C#,apache-2.0,Apache License 2.0,1,0,0,1,0,7.5,7.5 
jenkinsci,jenkinsci/seleniumhtmlreport-plugin,18,12,Java,mit,MIT License,1,0,0,1,0,4.3,4.3 
whiteleaf7,whiteleaf7/narou,432,46,Ruby,other,Other,1,0,1,0,0,9.8,9.8 
lettre,lettre/lettre,1556,182,Rust,mit,MIT License,2,0,1,1,0,5.709090909090909,9.8 
ethercreative,ethercreative/logs,11,4,PHP,mit,MIT License,2,0,0,2,0,4.9,4.9 
SAP,SAP/scimono,22,38,Java,apache-2.0,Apache License 2.0,2,0,0,2,0,8.3,9.1 
apache,apache/ant,391,417,Java,other,Other,4,0,0,3,1,6.026315789473683,7.5 
ubernostrum,ubernostrum/django-registration,880,243,Python,bsd-3-clause,"BSD 3-Clause ""New"" or ""Revised"" License",1,0,0,0,1,2.6,2.6 
ruby,ruby/rexml,107,48,Ruby,bsd-2-clause,"BSD 2-Clause ""Simplified"" License",1,0,0,1,0,7.5,7.5 
zendesk,zendesk/zendesk_api_client_php,326,292,PHP,,,1,0,0,0,0,, 
mongodb,mongodb/libmongocrypt,83,83,C,apache-2.0,Apache License 2.0,1,0,0,1,0,6.8,6.8 
petl-developers,petl-developers/petl,1167,188,Python,mit,MIT License,1,0,0,1,0,9.8,9.8 
oauth-xx,oauth-xx/oauth-ruby,664,276,,mit,MIT License,1,0,0,1,0,7.4,7.4 
frenchbread,frenchbread/private-ip,28,12,JavaScript,mit,MIT License,1,0,1,0,0,9.8,9.8 
TAXIIProject,TAXIIProject/libtaxii,64,43,Python,bsd-3-clause,"BSD 3-Clause ""New"" or ""Revised"" License",1,0,1,0,0,9.8,9.8 
linkedin,linkedin/oncall,1030,229,Python,bsd-2-clause,"BSD 2-Clause ""Simplified"" License",1,0,0,1,0,6.1,6.1 
Gallopsled,Gallopsled/pwntools,10872,1658,Python,other,Other,1,0,1,0,0,9.8,9.8 
salvoravida,salvoravida/react-adal,217,51,JavaScript,mit,MIT License,1,0,0,1,0,8.2,8.2 
apache,apache/calcite,4098,2157,Java,apache-2.0,Apache License 2.0,2,0,0,1,0,9.445454545454544,9.8 
victornpb,victornpb/asciitable.js,4,1,JavaScript,mit,MIT License,1,0,1,0,0,9.8,9.8 
visjs,visjs/vis-timeline,1490,271,JavaScript,other,Other,1,0,0,1,0,6.8,6.8 
eclipse-theia,eclipse-theia/theia,18519,2451,TypeScript,epl-2.0,Eclipse Public License 2.0,7,0,2,5,0,7.575000000000004,9.8 
sybrenstuvel,sybrenstuvel/python-rsa,453,148,Python,other,Other,3,0,0,3,0,7.0249999999999995,7.5 
ankane,ankane/pgsync,2786,189,Ruby,mit,MIT License,1,0,0,1,0,7.5,7.5 
marshmallow-code,marshmallow-code/webargs,1343,158,Python,mit,MIT License,2,0,0,2,0,8.163636363636362,8.8 
lukeed,lukeed/klona,1484,40,JavaScript,mit,MIT License,1,0,1,0,0,9.8,9.8 
MagicStack,MagicStack/asyncpg,6304,396,Python,apache-2.0,Apache License 2.0,1,0,1,0,0,9.8,9.8 
caronc,caronc/apprise,8888,326,Python,bsd-2-clause,"BSD 2-Clause ""Simplified"" License",1,0,0,1,0,7.5,7.5 
Codeception,Codeception/Codeception,4715,1346,PHP,mit,MIT License,1,0,1,0,0,9.8,9.8 
mautic,mautic/mautic,6246,2304,PHP,other,Other,24,0,1,18,4,6.942857142857144,9.8 
gen2brain,gen2brain/go-unarr,256,42,Go,zlib,zlib License,1,0,1,0,0,9.8,9.8 
Tjatse,Tjatse/ansi-html,105,26,JavaScript,apache-2.0,Apache License 2.0,1,0,0,1,0,7.5,7.5 
esphome,esphome/esphome,6742,2667,C++,other,Other,1,0,0,1,0,7.5,7.5 
cortexproject,cortexproject/cortex,5241,768,Go,apache-2.0,Apache License 2.0,3,0,0,1,1,5.566666666666666,6.5 
antonmarsden,antonmarsden/toodee,8,2,Rust,apache-2.0,Apache License 2.0,2,0,1,1,0,8.266666666666667,9.8 
thepowersgang,thepowersgang/stack_dst-rs,44,3,Rust,mit,MIT License,2,0,2,0,0,9.8,9.8 
geopython,geopython/pywps,168,118,Python,mit,MIT License,1,0,0,1,0,7.5,7.5 
apache,apache/servicecomb-service-center,1328,340,Go,apache-2.0,Apache License 2.0,1,0,0,1,0,7.5,7.5 
cloudflare,cloudflare/cfrpki,168,45,Go,bsd-3-clause,"BSD 3-Clause ""New"" or ""Revised"" License",8,0,1,6,0,7.596296296296296,9.8 
ruby,ruby/rdoc,804,484,Ruby,other,Other,2,0,0,2,0,nan,nan 
tankywoo,tankywoo/simiki,1139,156,Python,mit,MIT License,1,0,1,0,0,9.8,9.8 
web-auth,web-auth/webauthn-framework,338,45,PHP,mit,MIT License,1,0,1,0,0,9.8,9.8 
apache,apache/myfaces,108,67,Java,,,5,0,0,5,0,nan,nan 
lukeed,lukeed/nestie,198,6,JavaScript,mit,MIT License,1,0,1,0,0,9.8,9.8 
qos-ch,qos-ch/logback,2787,1257,Java,other,Other,4,0,2,0,0,7.85,9.8 
localstack,localstack/localstack,49917,3758,Python,other,Other,3,0,1,1,0,6.895238095238097,9.8 
doowb,doowb/set-getter,11,5,JavaScript,mit,MIT License,1,0,1,0,0,9.8,9.8 
ghermens,ghermens/media2click,2,6,PHP,gpl-2.0,GNU General Public License v2.0,1,0,0,0,1,5.4,5.4 
rancher,rancher/rancher,21742,2910,Go,apache-2.0,Apache License 2.0,30,0,2,15,1,8.354255319148942,9.9 
apache,apache/trafficcontrol,957,358,Go,apache-2.0,Apache License 2.0,6,0,1,5,0,7.300000000000003,9.8 
sindresorhus,sindresorhus/normalize-url,803,123,JavaScript,mit,MIT License,1,0,0,1,0,7.5,7.5 
sylabs,sylabs/singularity,566,78,Go,other,Other,14,0,3,10,1,8.013461538461529,9.8 
sindresorhus,sindresorhus/trim-newlines,46,17,JavaScript,mit,MIT License,1,0,0,1,0,7.5,7.5 
mongodb,mongodb/mongo-go-driver,7698,930,Go,apache-2.0,Apache License 2.0,1,0,0,1,0,6.5,6.5 
apache,apache/activemq-artemis,892,890,Java,apache-2.0,Apache License 2.0,10,0,1,5,1,6.598765432098769,7.5 
apache,apache/druid,12944,3618,Java,apache-2.0,Apache License 2.0,7,0,1,5,1,6.4865384615384665,8.8 
hivesolutions,hivesolutions/netius,121,5,Python,apache-2.0,Apache License 2.0,1,0,0,1,0,6.1,6.1 
netplex,netplex/json-smart-v1,16,15,Java,apache-2.0,Apache License 2.0,2,0,0,2,0,7.354545454545455,7.5 
reportportal,reportportal/service-api,38,65,Java,apache-2.0,Apache License 2.0,3,0,0,2,0,6.666666666666667,7.5 
apache,apache/maven,3931,2582,Java,apache-2.0,Apache License 2.0,2,0,0,2,0,nan,nan 
miekg,miekg/dns,7287,1158,Go,bsd-3-clause,"BSD 3-Clause ""New"" or ""Revised"" License",3,0,0,3,0,6.966666666666666,7.5 
fb55,fb55/css-what,217,45,TypeScript,bsd-2-clause,"BSD 2-Clause ""Simplified"" License",2,0,0,1,0,7.5,7.5 
kvark,kvark/ticketed_lock,11,3,Rust,apache-2.0,Apache License 2.0,1,0,0,1,0,8.1,8.1 
wwylele,wwylele/byte-struct-rs,3,2,Rust,apache-2.0,Apache License 2.0,1,0,1,0,0,9.8,9.8 
alexcrichton,alexcrichton/tar-rs,562,162,Rust,apache-2.0,Apache License 2.0,4,0,0,4,0,7.8999999999999995,8.1 
rusqlite,rusqlite/rusqlite,2417,307,Rust,mit,MIT License,16,0,7,8,0,7.711392405063291,9.8 
danburkert,danburkert/prost,25,3,,apache-2.0,Apache License 2.0,2,0,1,1,0,7.709090909090909,9.8 
google,google/go-attestation,305,78,Go,apache-2.0,Apache License 2.0,1,0,0,0,1,3.3,3.3 
sile,sile/libflate,170,36,Rust,mit,MIT License,1,0,1,0,0,9.8,9.8 
diwic,diwic/reffers-rs,68,3,Rust,,,1,0,0,0,1,4.7,4.7 
sodiumoxide,sodiumoxide/sodiumoxide,638,175,Rust,apache-2.0,Apache License 2.0,2,0,1,1,0,8.15,9.8 
icedland,icedland/iced,2506,226,Rust,mit,MIT License,1,0,1,0,0,9.8,9.8 
gz,gz/rust-cpuid,134,38,Rust,mit,MIT License,2,0,0,1,1,7.318181818181818,7.5 
paritytech,paritytech/bigint,28,24,Rust,apache-2.0,Apache License 2.0,1,0,1,0,0,9.8,9.8 
RusPiRo,RusPiRo/ruspiro-singleton,3,1,Rust,apache-2.0,Apache License 2.0,1,0,0,1,0,8.1,8.1 
dimforge,dimforge/nalgebra,3459,421,Rust,apache-2.0,Apache License 2.0,1,0,1,0,0,9.8,9.8 
Absolucy,Absolucy/nanorand-rs,216,21,Rust,zlib,zlib License,1,0,1,0,0,9.8,9.8 
sagebind,sagebind/isahc,661,59,Rust,mit,MIT License,1,0,1,0,0,9.8,9.8 
nathansizemore,nathansizemore/simple-slab,7,2,Rust,mpl-2.0,Mozilla Public License 2.0,1,0,0,1,0,7.5,7.5 
bodil,bodil/sized-chunks,25,9,Rust,mpl-2.0,Mozilla Public License 2.0,6,0,0,6,0,7.5,7.5 
matklad,matklad/once_cell,1646,100,Rust,apache-2.0,Apache License 2.0,1,0,0,1,0,7.5,7.5 
Xudong-Huang,Xudong-Huang/generator-rs,248,29,Rust,apache-2.0,Apache License 2.0,2,0,1,1,0,7.18,7.5 
increments,increments/qiita-markdown,386,35,Ruby,mit,MIT License,2,0,0,2,0,6.1000000000000005,6.1 
mvdnes,mvdnes/portaudio-rs,16,12,Rust,mit,MIT License,1,0,1,0,0,9.8,9.8 
reem,reem/rust-ordered-float,191,61,Rust,mit,MIT License,1,0,0,1,0,5.5,5.5 
blackbeam,blackbeam/rust-marc,16,4,Rust,apache-2.0,Apache License 2.0,1,0,0,1,0,7.5,7.5 
SolraBizna,SolraBizna/outer_cgi,0,1,Rust,zlib,zlib License,1,0,1,0,0,9.8,9.8 
image-rs,image-rs/image,4179,558,Rust,apache-2.0,Apache License 2.0,2,0,1,0,1,9.409090909090908,9.8 
Yoric,Yoric/telemetry.rs,24,7,Rust,apache-2.0,Apache License 2.0,1,0,1,0,0,9.8,9.8 
marshallpierce,marshallpierce/rust-base64,522,106,Rust,apache-2.0,Apache License 2.0,0,0,0,0,0,, 
tokio-rs,tokio-rs/prost,3092,416,Rust,apache-2.0,Apache License 2.0,1,0,0,1,0,7.5,7.5 
Enet4,Enet4/bra-rs,2,0,Rust,apache-2.0,Apache License 2.0,1,0,0,1,0,9.1,9.1 
nabijaczleweli,nabijaczleweli/safe-transmute-rs,36,9,Rust,mit,MIT License,1,0,1,0,0,9.8,9.8 
edarc,edarc/max7301,1,0,Rust,,,1,0,0,1,0,5.9,5.9 
bennetthardwick,bennetthardwick/nano-arena,2,0,Rust,,,1,0,1,0,0,9.8,9.8 
BrokenLamp,BrokenLamp/slock-rs,3,0,Rust,mit,MIT License,1,0,0,1,0,8.1,8.1 
purpleposeidon,purpleposeidon/v9,1,0,Rust,,,1,0,0,1,0,8.1,8.1 
arkworks-rs,arkworks-rs/r1cs-std,94,31,Rust,apache-2.0,Apache License 2.0,1,0,1,0,0,9.8,9.8 
servo,servo/rust-smallvec,1119,127,Rust,apache-2.0,Apache License 2.0,5,0,4,1,0,9.700000000000003,9.8 
uutils,uutils/coreutils,15569,1118,Rust,mit,MIT License,1,0,1,0,0,7.3,7.3 
tiny-http,tiny-http/tiny-http,899,120,Rust,apache-2.0,Apache License 2.0,1,0,0,1,0,6.5,6.5 
KizzyCode,KizzyCode/tiny_future-rust,0,0,Rust,,,1,0,0,1,0,8.1,8.1 
tokio-rs,tokio-rs/mio,5804,680,Rust,mit,MIT License,1,0,0,0,1,5.5,5.5 
PyO3,PyO3/pyo3,9748,658,Rust,apache-2.0,Apache License 2.0,1,0,0,0,1,5.5,5.5 
Robbepop,Robbepop/string-interner,132,25,Rust,other,Other,1,0,0,1,0,7.5,7.5 
pyfisch,pyfisch/cbor,292,101,Rust,apache-2.0,Apache License 2.0,1,0,0,1,0,7.5,7.5 
rkyv,rkyv/rkyv,2191,128,Rust,mit,MIT License,0,0,0,0,0,, 
actix,actix/actix-web,18961,1566,Rust,apache-2.0,Apache License 2.0,5,0,3,2,0,9.182926829268297,9.8 
SergioBenitez,SergioBenitez/cookie-rs,271,118,Rust,apache-2.0,Apache License 2.0,1,0,0,1,0,7.5,7.5 
hrektts,hrektts/cdr-rs,12,8,Rust,apache-2.0,Apache License 2.0,1,0,1,0,0,9.8,9.8 
vertexclique,vertexclique/lever,121,5,Rust,apache-2.0,Apache License 2.0,1,0,0,1,0,8.1,8.1 
miniOrangeDev,miniOrangeDev/miniorange-saml-typo3-sso,4,8,PHP,,,2,0,0,1,1,7.1499999999999995,7.5 
jbgutierrez,jbgutierrez/path-parse,53,47,JavaScript,mit,MIT License,1,0,0,1,0,7.5,7.5 
ruuda,ruuda/claxon,278,26,Rust,apache-2.0,Apache License 2.0,1,0,0,1,0,6.5,6.5 
longshorej,longshorej/conqueue,9,1,Rust,mit,MIT License,1,0,0,1,0,8.1,8.1 
sklose,sklose/disrustor,75,5,Rust,mit,MIT License,1,0,0,1,0,5.9,5.9 
chyh1990,chyh1990/yaml-rust,565,131,Rust,apache-2.0,Apache License 2.0,2,0,0,2,0,6.590909090909091,7.5 
bodoni,bodoni/postscript,8,0,Rust,other,Other,1,0,0,1,0,7.5,7.5 
SergioBenitez,SergioBenitez/Rocket,21776,1466,Rust,other,Other,2,0,1,1,0,8.027272727272726,8.1 
astaxie,astaxie/beego,677,177,,other,Other,5,0,2,1,2,6.139999999999999,7.8 
udoprog,udoprog/unicycle,85,6,Rust,apache-2.0,Apache License 2.0,1,0,0,1,0,8.1,8.1 
bodil,bodil/im-rs,1436,111,Rust,mpl-2.0,Mozilla Public License 2.0,1,0,0,0,1,4.7,4.7 
Chopinsky,Chopinsky/byte_buffer,4,1,Rust,mit,MIT License,1,0,0,1,0,8.1,8.1 
return,return/branca,55,8,Rust,mit,MIT License,1,0,0,1,0,5.5,5.5 
hickory-dns,hickory-dns/hickory-dns,3298,387,Rust,other,Other,0,0,0,0,0,, 
vaadin,vaadin/flow-components,59,51,Java,,,3,0,0,3,0,7.347619047619048,7.5 
arcnmx,arcnmx/stack-rs,8,1,Rust,mit,MIT License,1,0,1,0,0,9.8,9.8 
google,google/slo-generator,399,69,Python,apache-2.0,Apache License 2.0,1,0,0,1,0,7.8,7.8 
xuxueli,xuxueli/xxl-job,25479,10435,Java,gpl-3.0,GNU General Public License v3.0,12,0,0,4,1,7.77708333333334,9.8 
wconrad,wconrad/ftpd,135,38,Ruby,other,Other,1,0,1,0,0,9.8,9.8 
jupyterhub,jupyterhub/firstuseauthenticator,47,28,Python,bsd-3-clause,"BSD 3-Clause ""New"" or ""Revised"" License",1,0,0,1,0,9.8,9.8 
dask,dask/distributed,1495,705,Python,bsd-3-clause,"BSD 3-Clause ""New"" or ""Revised"" License",1,0,0,1,0,9.8,9.8 
rooseveltframework,rooseveltframework/teddy,162,28,JavaScript,other,Other,1,0,0,1,0,6.1,6.1 
fastify,fastify/fastify-static,386,84,JavaScript,mit,MIT License,2,0,0,2,0,6.345454545454547,8.8 
bigpipe,bigpipe/predefine,6,3,JavaScript,mit,MIT License,1,0,1,0,0,9.8,9.8 
juliangruber,juliangruber/keypair,274,51,JavaScript,other,Other,1,0,0,1,0,9.1,9.1 
microcosm-cc,microcosm-cc/bluemonday,2836,197,Go,bsd-3-clause,"BSD 3-Clause ""New"" or ""Revised"" License",2,0,1,1,0,7.95,9.8 
BadOPCode,BadOPCode/NoDash,3,3,TypeScript,mit,MIT License,1,0,1,0,0,9.8,9.8 
boris-unckel,boris-unckel/h2database,0,0,Java,other,Other,1,0,0,1,0,9.1,9.1 
openshift,openshift/origin,8385,4796,Go,apache-2.0,Apache License 2.0,68,0,8,42,10,nan,nan 
ruby,ruby/cgi,31,20,Ruby,other,Other,3,0,1,1,0,7.942857142857143,9.8 
bitly,bitly/oauth2_proxy,5101,1230,Go,mit,MIT License,2,0,0,2,0,7.45,8.8 
stampit-org,stampit-org/supermixer,22,1,JavaScript,,,1,0,0,1,0,7.5,7.5 
welefen,welefen/ssrf-agent,19,2,JavaScript,mit,MIT License,1,0,0,1,0,7.5,7.5 
craftercms,craftercms/craftercms,272,95,Groovy,gpl-3.0,GNU General Public License v3.0,23,0,2,15,1,6.88733031674208,9.8 
google,google/go-tpm,496,159,Go,apache-2.0,Apache License 2.0,1,0,0,0,1,7.1,7.1 
nodef,nodef/heroku-addonpool,0,3,JavaScript,mit,MIT License,1,0,1,0,0,9.8,9.8 
Quernest,Quernest/arr-flatten-unflatten,0,2,JavaScript,mit,MIT License,1,0,1,0,0,9.8,9.8 
kubernetes,kubernetes/kube-state-metrics,4836,1813,Go,apache-2.0,Apache License 2.0,2,0,0,1,0,6.5,6.5 
apache,apache/skywalking,22609,6369,Java,apache-2.0,Apache License 2.0,3,0,1,1,0,7.60952380952381,9.8 
akka,akka/akka-http,1331,606,Scala,other,Other,5,0,1,3,0,6.987804878048781,7.5 
hashicorp,hashicorp/vault,28832,4051,Go,other,Other,67,0,8,30,5,6.9000000000000155,9.8 
gorilla,gorilla/websocket,20128,3450,Go,bsd-2-clause,"BSD 2-Clause ""Simplified"" License",1,0,0,1,0,7.5,7.5 
snapappointments,snapappointments/bootstrap-select,9785,2767,JavaScript,mit,MIT License,1,0,0,1,0,6.1,6.1 
moscajs,moscajs/aedes,1672,226,JavaScript,mit,MIT License,2,0,0,2,0,6.4,7.5 
corydolphin,corydolphin/flask-cors,844,132,Python,mit,MIT License,1,0,0,1,0,7.5,7.5 
thgh,thgh/rollup-plugin-serve,239,50,JavaScript,mit,MIT License,1,0,1,0,0,9.8,9.8 
longshotlabs,longshotlabs/simpl-schema,564,109,TypeScript,mit,MIT License,1,0,0,1,0,7.5,7.5 
acstll,acstll/deep-get-set,23,12,JavaScript,,,1,0,1,0,0,9.8,9.8 
unknwon,unknwon/cae,37,14,Go,apache-2.0,Apache License 2.0,2,0,0,2,0,7.5,7.5 
golang,golang/text,722,338,Go,bsd-3-clause,"BSD 3-Clause ""New"" or ""Revised"" License",4,0,0,2,0,7.5,7.5 
cloudfoundry,cloudfoundry/gorouter,430,280,Go,apache-2.0,Apache License 2.0,1,0,1,0,0,8.6,8.6 
dgrijalva,dgrijalva/jwt-go,10689,1053,Go,mit,MIT License,1,0,0,1,0,7.5,7.5 
elastic,elastic/apm-agent-go,401,185,Go,apache-2.0,Apache License 2.0,1,0,0,0,1,2.4,2.4 
nodee-apps,nodee-apps/utils,2,3,JavaScript,mit,MIT License,1,0,1,0,0,9.8,9.8 
dweeves,dweeves/magmi-git,367,307,PHP,,,4,0,1,3,0,nan,nan 
apache,apache/tika,1927,719,Java,apache-2.0,Apache License 2.0,22,0,2,18,2,6.49670329670329,9.8 
DylanVann,DylanVann/react-native-fast-image,7860,1378,TypeScript,mit,MIT License,1,0,0,1,0,5.3,5.3 
ruby,ruby/tmpdir,4,8,Ruby,other,Other,1,0,0,1,0,7.5,7.5 
eventlet,eventlet/eventlet,1206,360,Python,other,Other,1,0,0,1,0,5.3,5.3 
tiny-conf,tiny-conf/tiny-conf,2,0,JavaScript,mit,MIT License,1,0,1,0,0,9.8,9.8 
buger,buger/jsonparser,5232,451,Go,mit,MIT License,2,0,1,1,0,7.5,7.5 
spring-cloud,spring-cloud/spring-cloud-netflix,4790,2432,Java,apache-2.0,Apache License 2.0,3,0,0,3,0,7.538095238095239,8.8 
spiffe,spiffe/spire,1541,421,Go,apache-2.0,Apache License 2.0,2,0,0,2,0,6.918181818181816,8.1 
maptiler,maptiler/tileserver-gl,1918,592,JavaScript,other,Other,1,0,0,1,0,6.1,6.1 
go-macaron,go-macaron/macaron,3434,291,Go,apache-2.0,Apache License 2.0,1,0,0,1,0,6.1,6.1 
trentm,trentm/json,1552,138,JavaScript,other,Other,1,0,0,1,0,7.2,7.2 
driverdan,driverdan/node-XMLHttpRequest,415,310,JavaScript,mit,MIT License,1,0,0,1,0,8.1,8.1 
hashicorp,hashicorp/vault-plugin-secrets-gcp,49,25,Go,mpl-2.0,Mozilla Public License 2.0,1,0,1,0,0,9.8,9.8 
igrigorik,igrigorik/em-http-request,1217,223,Ruby,,,1,0,0,1,0,7.4,7.4 
jaegertracing,jaegertracing/jaeger,18596,2282,Go,apache-2.0,Apache License 2.0,1,0,0,0,1,5.5,5.5 
primefaces,primefaces/primefaces,1676,733,Java,mit,MIT License,2,0,1,1,0,9.463636363636361,9.8 
swordev,swordev/merge,175,43,TypeScript,mit,MIT License,0,0,0,0,0,, 
deeplook,deeplook/svglib,279,75,Python,lgpl-3.0,GNU Lesser General Public License v3.0,1,0,1,0,0,9.8,9.8 
pion,pion/webrtc,11901,1547,Go,mit,MIT License,1,0,0,1,0,5.3,5.3 
jperelli,jperelli/osm-static-maps,139,49,JavaScript,gpl-2.0,GNU General Public License v2.0,1,0,0,1,0,7.6,7.6 
Automattic,Automattic/node-canvas,9607,1165,JavaScript,,,1,0,0,1,0,8.8,8.8 
jashkenas,jashkenas/underscore,27097,5632,JavaScript,mit,MIT License,1,0,0,1,0,7.2,7.2 
containers,containers/storage,496,223,Go,apache-2.0,Apache License 2.0,1,0,1,0,0,6.5,6.5 
concretecms,concretecms/concretecms,753,451,PHP,mit,MIT License,37,0,1,2,1,5.627160493827176,9.8 
apache,apache/ozone,705,462,Java,apache-2.0,Apache License 2.0,9,0,1,8,0,7.874074074074073,9.8 
sa7mon,sa7mon/S3Scanner,2245,369,Go,mit,MIT License,1,0,0,1,0,5.3,5.3 
schollz,schollz/rwtxt,934,38,JavaScript,mit,MIT License,1,0,0,1,0,6.1,6.1 
lenovo,lenovo/Antilles,14,11,JavaScript,bsd-3-clause,"BSD 3-Clause ""New"" or ""Revised"" License",1,0,0,1,0,8.8,8.8 
brianleroux,brianleroux/tiny-json-http,167,18,JavaScript,,,1,0,0,1,0,8.1,8.1 
DCKT,DCKT/localhost-now,2,1,JavaScript,,,1,0,0,1,0,7.5,7.5 
Kotti,Kotti/Kotti,405,118,Python,other,Other,1,0,0,1,0,8.8,8.8 
simonh1000,simonh1000/angular-http-server,76,42,JavaScript,apache-2.0,Apache License 2.0,1,0,0,1,0,6.5,6.5 
tnantoka,tnantoka/public,2,2,JavaScript,,,1,0,0,1,0,7.5,7.5 
illagrenan,illagrenan/django-make-app,13,6,Python,mit,MIT License,1,0,1,0,0,9.8,9.8 
python-rope,python-rope/rope,1713,202,Python,lgpl-3.0,GNU Lesser General Public License v3.0,1,0,1,0,0,9.8,9.8 
hapijs,hapijs/cryptiles,181,27,JavaScript,other,Other,1,0,0,1,0,9.8,9.8 
fagbokforlaget,fagbokforlaget/pdfinfojs,2,4,JavaScript,mit,MIT License,1,0,1,0,0,9.8,9.8 
geopython,geopython/pycsw,185,148,Python,mit,MIT License,1,0,1,0,0,9.1,9.1 
node-modules,node-modules/charset,34,8,JavaScript,other,Other,1,0,0,1,0,7.5,7.5 
schnittstabil,schnittstabil/merge-options,68,17,JavaScript,mit,MIT License,1,0,1,0,0,9.8,9.8 
nedap,nedap/mysql-binuuid-rails,54,11,Ruby,mit,MIT License,1,0,1,0,0,9.8,9.8 
pyca,pyca/pyopenssl,842,421,Python,apache-2.0,Apache License 2.0,2,0,0,2,0,7.0,8.1 
unclechu,unclechu/node-deep-extend,200,55,JavaScript,mit,MIT License,1,0,1,0,0,9.8,9.8 
pippo-java,pippo-java/pippo,780,180,Java,apache-2.0,Apache License 2.0,5,0,4,1,0,8.649999999999999,9.8 
akka,akka/akka,12801,3630,Scala,other,Other,2,0,1,1,0,9.009090909090908,9.1 
eXist-db,eXist-db/exist,396,183,Java,lgpl-2.1,GNU Lesser General Public License v2.1,1,0,1,0,0,10.0,10.0 
flask-admin,flask-admin/flask-admin,5503,1565,Python,bsd-3-clause,"BSD 3-Clause ""New"" or ""Revised"" License",1,0,0,1,0,6.1,6.1 
ckeditor,ckeditor/ckeditor5-link,8,29,JavaScript,other,Other,1,0,0,1,0,6.1,6.1 
tngan,tngan/samlify,565,215,TypeScript,mit,MIT License,1,0,0,1,0,7.5,7.5 
xCss,xCss/Valine,2120,252,JavaScript,gpl-2.0,GNU General Public License v2.0,2,0,0,1,0,7.85,9.6 
hokaccha,hokaccha/node-jwt-simple,1364,150,JavaScript,mit,MIT License,1,0,0,1,0,6.5,6.5 
request,request/request,25647,3261,JavaScript,apache-2.0,Apache License 2.0,1,0,1,0,0,5.9,5.9 
theforeman,theforeman/foreman_ansible,204,108,JavaScript,gpl-3.0,GNU General Public License v3.0,2,0,0,2,0,6.636363636363637,8.0 
Highfivery,Highfivery/zero-spam-for-wordpress,73,32,PHP,,,1,0,1,0,0,9.8,9.8 
jenkinsci,jenkinsci/aws-credentials-plugin,27,69,Java,mit,MIT License,2,0,0,2,0,6.15,8.0 
ManageIQ,ManageIQ/kubeclient,407,165,Ruby,mit,MIT License,1,0,0,1,0,8.1,8.1 
jenkinsci,jenkinsci/flaky-test-handler-plugin,28,21,Java,apache-2.0,Apache License 2.0,3,0,0,2,0,5.628571428571427,8.1 
jenkinsci,jenkinsci/dashboard-view-plugin,43,100,Java,mit,MIT License,3,0,0,0,3,5.4,5.4 
python-poetry,python-poetry/poetry-core,385,222,Python,mit,MIT License,1,0,1,0,0,9.8,9.8 
vcs-python,vcs-python/vcspull,203,12,Python,mit,MIT License,1,0,1,0,0,9.8,9.8 
alibaba,alibaba/nacos,27860,12299,Java,apache-2.0,Apache License 2.0,5,0,1,4,0,7.807317073170735,9.8 
nicotine-plus,nicotine-plus/nicotine-plus,1242,117,Python,gpl-3.0,GNU General Public License v3.0,1,0,0,1,0,7.5,7.5 
jenkinsci,jenkinsci/rocketchatnotifier-plugin,30,44,Java,apache-2.0,Apache License 2.0,3,0,0,3,0,4.299999999999999,4.3 
smallrye,smallrye/smallrye-config,135,109,Java,apache-2.0,Apache License 2.0,1,0,0,0,1,4.4,4.4 
jenkinsci,jenkinsci/parameterized-trigger-plugin,68,173,Java,mit,MIT License,2,0,0,1,1,6.409090909090909,6.5 
openstack,openstack/tripleo-heat-templates,159,187,Python,,,4,0,0,2,1,6.364516129032259,7.5 
jenkinsci,jenkinsci/ci-with-toad-edge-plugin,2,5,Java,other,Other,4,0,0,3,1,5.949999999999999,6.5 
alist-org,alist-org/alist,31801,4367,Go,agpl-3.0,GNU Affero General Public License v3.0,3,0,0,0,0,6.05,9.8 
jenkinsci,jenkinsci/favorite-plugin,8,27,Java,mit,MIT License,3,0,0,2,1,6.473333333333333,8.8 
cometd,cometd/cometd,556,211,Java,apache-2.0,Apache License 2.0,1,0,0,1,0,8.1,8.1 
jenkinsci,jenkinsci/testng-plugin-plugin,58,100,Java,,,2,0,0,0,1,5.3999999999999995,5.4 
kubernetes-sigs,kubernetes-sigs/aws-iam-authenticator,2064,414,Go,apache-2.0,Apache License 2.0,1,0,0,1,0,8.8,8.8 
packbackbooks,packbackbooks/lti-1-3-php-library,31,19,PHP,apache-2.0,Apache License 2.0,2,0,0,0,0,7.5,7.5 
nodejs,nodejs/llhttp,1507,163,TypeScript,other,Other,5,0,0,2,0,6.5,6.5 
subhh,subhh/libconnect,7,8,PHP,gpl-2.0,GNU General Public License v2.0,1,0,0,1,0,6.1,6.1 
eclipse,eclipse/lyo,9,15,Java,epl-2.0,Eclipse Public License 2.0,1,0,0,1,0,5.3,5.3 
rstacruz,rstacruz/markdown-it-decorate,44,12,JavaScript,mit,MIT License,1,0,0,0,0,6.1,6.1 
apache,apache/tapestry-5,109,86,Java,apache-2.0,Apache License 2.0,10,0,4,4,0,nan,nan 
sindresorhus,sindresorhus/file-type,3297,340,JavaScript,mit,MIT License,1,0,0,0,0,5.5,5.5 
apache,apache/calcite-avatica,215,220,Java,apache-2.0,Apache License 2.0,1,0,0,0,0,8.8,8.8 
sasstools,sasstools/scss-tokenizer,24,19,JavaScript,mit,MIT License,1,0,0,1,0,7.5,7.5 
apache,apache/geode,2249,687,Java,apache-2.0,Apache License 2.0,18,0,2,11,1,7.417543859649109,9.8 
abdolence,abdolence/slack-morphism-rust,112,41,Rust,apache-2.0,Apache License 2.0,2,0,0,0,0,7.5,7.5 
jenkinsci,jenkinsci/gitlab-plugin,1419,608,Java,gpl-2.0,GNU General Public License v2.0,5,0,0,2,2,7.107317073170735,8.8 
jaz303,jaz303/git-clone,63,14,JavaScript,,,1,0,1,0,0,9.8,9.8 
fabric8io,fabric8io/kubernetes-client,3158,1445,Java,apache-2.0,Apache License 2.0,2,0,0,1,0,7.336363636363637,7.4 
idno,idno/known,1007,198,PHP,other,Other,4,0,0,3,1,6.48,8.8 
opensearch-project,opensearch-project/opensearch-ruby,78,32,Ruby,apache-2.0,Apache License 2.0,7,0,0,1,0,5.846296296296296,8.8 
jenkinsci,jenkinsci/snowsoftware-commander-plugin,0,3,Java,apache-2.0,Apache License 2.0,1,0,0,1,0,8.8,8.8 
drupal,drupal/core,182,53,PHP,gpl-2.0,GNU General Public License v2.0,20,0,1,11,0,7.144545454545456,9.8 
apache,apache/servicecomb-java-chassis,1874,840,Java,apache-2.0,Apache License 2.0,1,0,0,1,0,8.8,8.8 
jenkinsci,jenkinsci/custom-checkbox-parameter-plugin,5,6,Java,mit,MIT License,2,0,0,0,1,5.400000000000001,5.4 
TooTallNate,TooTallNate/plist.js,469,126,JavaScript,mit,MIT License,1,0,1,0,0,9.8,9.8 
nats-io,nats-io/jwt,68,28,Go,apache-2.0,Apache License 2.0,2,0,1,1,0,7.959999999999999,9.8 
kubernetes-sigs,kubernetes-sigs/secrets-store-csi-driver,1094,260,Go,apache-2.0,Apache License 2.0,3,0,0,2,0,6.023809523809524,6.5 
apache,apache/dubbo,39503,26294,Java,apache-2.0,Apache License 2.0,19,0,9,5,0,9.311627906976714,9.8 
jenkinsci,jenkinsci/pipeline-build-step-plugin,21,71,Java,,,2,0,0,1,0,5.557142857142857,6.5 
twisted,twisted/treq,562,143,Python,other,Other,1,0,0,1,0,7.4,7.4 
hashicorp,hashicorp/nomad,14077,1883,Go,other,Other,27,0,4,10,2,7.125641025641015,9.8 
elastic,elastic/beats,11847,4819,Go,other,Other,2,0,0,1,0,7.0,7.5 
jenkinsci,jenkinsci/conjur-credentials-plugin,5,13,Java,apache-2.0,Apache License 2.0,3,0,0,3,0,7.331578947368421,7.5 
apache,apache/xmlgraphics-commons,18,21,Java,apache-2.0,Apache License 2.0,1,0,0,1,0,8.2,8.2 
couchbase,couchbase/sync_gateway,447,145,Go,other,Other,4,0,1,3,0,8.50967741935484,9.8 
jenkinsci,jenkinsci/autonomiq-plugin,0,4,Java,apache-2.0,Apache License 2.0,2,0,0,2,0,6.550000000000001,8.8 
casbin,casbin/casdoor,7321,890,Go,apache-2.0,Apache License 2.0,0,0,0,0,0,, 
ajv-validator,ajv-validator/ajv,12930,895,TypeScript,mit,MIT License,1,0,0,1,0,5.6,5.6 
eclipse,eclipse/lemminx,227,93,Java,epl-2.0,Eclipse Public License 2.0,3,0,0,2,1,7.690476190476191,9.1 
jenkinsci,jenkinsci/agent-server-parameter-plugin,5,5,Java,mit,MIT License,1,0,0,0,1,5.4,5.4 
containernetworking,containernetworking/plugins,1945,744,Go,apache-2.0,Apache License 2.0,3,0,0,2,1,6.666666666666667,7.5 
hashicorp,hashicorp/vault-ssh-helper,404,61,Go,mpl-2.0,Mozilla Public License 2.0,1,0,0,1,0,7.5,7.5 
js-data,js-data/js-data,1623,145,JavaScript,mit,MIT License,1,0,1,0,0,9.8,9.8 
eclipse,eclipse/hawkbit,415,176,Java,epl-2.0,Eclipse Public License 2.0,2,0,0,2,0,7.918181818181816,8.1 
apache,apache/solr,892,550,Java,apache-2.0,Apache License 2.0,3,0,1,1,0,9.524999999999999,9.8 
Yubico,Yubico/yubihsm-connector,29,16,Go,apache-2.0,Apache License 2.0,1,0,0,1,0,7.5,7.5 
taoensso,taoensso/nippy,999,60,Clojure,epl-1.0,Eclipse Public License 1.0,0,0,0,0,0,, 
sass,sass/node-sass,8439,1355,C++,mit,MIT License,1,0,0,1,0,5.3,5.3 
jenkinsci,jenkinsci/generic-webhook-trigger-plugin,382,156,Java,,,3,0,1,0,1,6.659999999999999,9.8 
mellium,mellium/xmpp,109,20,Go,bsd-2-clause,"BSD 2-Clause ""Simplified"" License",1,0,0,1,0,5.9,5.9 
cosmos,cosmos/ethermint,398,166,Go,apache-2.0,Apache License 2.0,4,0,0,4,0,7.5,7.5 
concourse,concourse/concourse,7032,852,Go,apache-2.0,Apache License 2.0,7,0,0,6,0,7.267307692307693,10.0 
heketi,heketi/heketi,1259,434,Go,other,Other,3,0,1,0,2,7.18095238095238,8.8 
apache,apache/nifi-registry,102,104,Java,apache-2.0,Apache License 2.0,1,0,0,1,0,6.5,6.5 
mout,mout/mout,1283,165,JavaScript,mit,MIT License,2,0,1,1,0,7.5,7.5 
apache,apache/dolphinscheduler,11322,4214,Java,apache-2.0,Apache License 2.0,13,0,1,3,0,7.473786407766982,9.8 
vgno,vgno/koa-remove-trailing-slashes,2,3,JavaScript,mit,MIT License,1,0,0,1,0,5.4,5.4 
apache,apache/netbeans-html4j,28,20,Java,apache-2.0,Apache License 2.0,1,0,0,1,0,7.0,7.0 
jenkinsci,jenkinsci/google-compute-engine-plugin,51,80,Java,apache-2.0,Apache License 2.0,5,0,0,4,0,5.478571428571428,8.8 
microsoft,microsoft/reverse-proxy,7021,710,C#,mit,MIT License,2,0,0,1,0,7.5,7.5 
jenkinsci,jenkinsci/promoted-builds-plugin,96,170,Java,mit,MIT License,5,0,0,3,2,5.1937500000000005,5.4 
CocoaPods,CocoaPods/cocoapods-downloader,78,77,Ruby,mit,MIT License,2,0,2,0,0,9.799999999999999,9.8 
jenkinsci,jenkinsci/mask-passwords-plugin,21,52,Java,mit,MIT License,2,0,0,1,1,5.95,6.5 
jenkinsci,jenkinsci/workflow-cps-global-lib-plugin,223,132,Java,mit,MIT License,9,0,0,8,0,8.212,9.9 
jenkinsci,jenkinsci/nodelabelparameter-plugin,24,52,Java,,,1,0,0,0,1,5.4,5.4 
jenkinsci,jenkinsci/gerrit-trigger-plugin,209,277,Java,,,6,0,0,4,1,5.723809523809526,8.8 
10up,10up/safe-svg,209,31,PHP,gpl-2.0,GNU General Public License v2.0,1,0,0,1,0,6.1,6.1 
ruby-git,ruby-git/ruby-git,1704,521,Ruby,mit,MIT License,3,0,1,0,0,8.36,9.8 
microsoft,microsoft/bond,2561,345,C++,mit,MIT License,1,0,0,1,0,7.5,7.5 
jmespath,jmespath/jmespath.rb,139,36,Ruby,apache-2.0,Apache License 2.0,1,0,1,0,0,9.8,9.8 
jenkinsci,jenkinsci/cvs-plugin,24,58,Java,,,3,0,0,2,1,5.733333333333334,7.5 
jenkinsci,jenkinsci/publish-over-ftp-plugin,21,33,Java,,,2,0,0,2,0,6.550000000000001,8.8 
Masterminds,Masterminds/vcs,191,62,Go,other,Other,1,0,0,1,0,9.8,9.8 
Netflix,Netflix/consoleme,3024,250,Python,apache-2.0,Apache License 2.0,1,0,1,0,0,9.8,9.8 
ankane,ankane/blazer,3711,459,Ruby,mit,MIT License,1,0,0,1,0,7.5,7.5 
element-plus,element-plus/element-plus,21738,11727,TypeScript,mit,MIT License,1,0,0,1,0,6.1,6.1 
amphp,amphp/artax,21,4,PHP,mit,MIT License,1,0,0,1,0,8.1,8.1 
HtmlUnit,HtmlUnit/htmlunit-neko,9,7,Java,apache-2.0,Apache License 2.0,4,0,0,3,0,8.46666666666667,9.8 
encode,encode/httpx,11368,785,Python,bsd-3-clause,"BSD 3-Clause ""New"" or ""Revised"" License",1,0,0,1,0,9.1,9.1 
jenkinsci,jenkinsci/jira-plugin,168,281,Java,mit,MIT License,4,0,0,2,1,8.112500000000002,9.9 
drakkan,drakkan/sftpgo,7027,601,Go,agpl-3.0,GNU Affero General Public License v3.0,2,0,0,0,0,7.918181818181816,8.1 
awslabs,awslabs/fhir-works-on-aws-authz-smart,28,23,TypeScript,apache-2.0,Apache License 2.0,1,0,0,0,0,6.5,6.5 
todbot,todbot/Blink1Control2,151,24,JavaScript,apache-2.0,Apache License 2.0,1,0,0,0,0,7.5,7.5 
Awesome-Support,Awesome-Support/Awesome-Support,108,77,PHP,gpl-2.0,GNU General Public License v2.0,1,0,0,0,0,5.4,5.4 
lief-project,lief-project/LIEF,3902,576,C++,apache-2.0,Apache License 2.0,9,0,0,1,0,6.958823529411764,8.8 
openstack,openstack/barbican,226,72,Python,apache-2.0,Apache License 2.0,3,0,0,0,0,5.52857142857143,8.1 
GluuFederation,GluuFederation/oxAuth,403,156,Java,mit,MIT License,1,0,0,0,0,9.8,9.8 
spring-projects,spring-projects/spring-data-rest,875,534,Java,apache-2.0,Apache License 2.0,2,0,1,0,0,9.245454545454544,9.8 
jenkinsci,jenkinsci/anchore-container-scanner-plugin,27,35,Java,apache-2.0,Apache License 2.0,2,0,0,1,0,6.4,6.5 
jenkinsci,jenkinsci/rundeck-plugin,33,61,Java,,,6,0,0,3,1,6.860000000000002,8.8 
jenkinsci,jenkinsci/cavisson-ns-nd-integration-plugin,0,1,Java,,,8,0,0,0,1,7.764285714285717,8.8 
wocommunity,wocommunity/wonder,230,175,Java,,,1,0,0,0,0,6.1,6.1 
fastly,fastly/js-compute-runtime,159,24,C++,apache-2.0,Apache License 2.0,1,0,0,0,0,7.5,7.5 
netlify,netlify/netlify-ipx,21,4,TypeScript,mit,MIT License,1,0,0,0,0,5.4,5.4 
jenkinsci,jenkinsci/xunit-plugin,74,137,Java,,,1,0,0,1,0,9.1,9.1 
NVIDIA,NVIDIA/NVFlare,449,127,Python,apache-2.0,Apache License 2.0,4,0,3,0,0,8.03076923076923,9.8 
Nuitka,Nuitka/Nuitka,9945,538,Python,agpl-3.0,GNU Affero General Public License v3.0,1,0,1,0,0,7.8,7.8 
jenkinsci,jenkinsci/nested-view-plugin,8,27,Java,,,2,0,0,2,0,6.6,7.1 
oblac,oblac/jodd-http,24,9,Java,bsd-2-clause,"BSD 2-Clause ""Simplified"" License",1,0,0,1,0,7.5,7.5 
lirantal,lirantal/git-promise,0,0,JavaScript,mit,MIT License,1,0,1,0,0,9.8,9.8 
discordjs,discordjs/opus,175,54,C++,mit,MIT License,1,0,0,1,0,7.5,7.5 
jenkinsci,jenkinsci/embeddable-build-status-plugin,168,272,Java,mit,MIT License,4,0,0,4,0,6.566666666666666,7.5 
davewasmer,davewasmer/devcert,1237,76,TypeScript,,,1,0,0,1,0,7.5,7.5 
javadelight,javadelight/delight-nashorn-sandbox,246,74,Java,other,Other,2,0,0,1,0,7.35,7.5 
apache,apache/flume,2457,1588,Java,apache-2.0,Apache License 2.0,3,0,1,0,0,9.8,9.8 
jenkinsci,jenkinsci/sauce-ondemand-plugin,22,50,Java,apache-2.0,Apache License 2.0,1,0,0,0,1,5.4,5.4 
zalando,zalando/skipper,2957,338,Go,other,Other,2,0,0,1,0,8.65,9.8 
jenkinsci,jenkinsci/junit-plugin,74,338,Java,mit,MIT License,5,0,0,2,1,5.596153846153849,8.3 
sindresorhus,sindresorhus/got,13555,982,TypeScript,mit,MIT License,1,0,0,1,0,5.3,5.3 
jenkinsci,jenkinsci/hidden-parameter-plugin,7,15,Java,mit,MIT License,1,0,0,0,1,5.4,5.4 
jenkinsci,jenkinsci/pipeline-input-step-plugin,14,62,Java,,,3,0,0,2,0,8.149999999999999,8.8 
ryanlelek,ryanlelek/Raneto,2669,451,JavaScript,mit,MIT License,3,0,0,0,0,6.323809523809523,9.8 
litejs,litejs/uri-template-lite,16,4,JavaScript,,,1,0,0,0,0,7.5,7.5 
hashicorp,hashicorp/consul-template,4686,790,Go,mpl-2.0,Mozilla Public License 2.0,1,0,0,0,0,7.5,7.5 
ethereum,ethereum/eth-account,232,141,Python,mit,MIT License,1,0,0,0,0,7.5,7.5 
zkoss,zkoss/zk,406,282,Java,,,2,0,0,1,0,nan,nan 
GrahamDumpleton,GrahamDumpleton/mod_wsgi,1007,265,C,apache-2.0,Apache License 2.0,4,0,0,3,0,nan,nan 
acrontum,acrontum/filesystem-template,1,0,TypeScript,mit,MIT License,1,0,0,0,0,9.8,9.8 
cloudflare,cloudflare/goflow,767,167,Go,bsd-3-clause,"BSD 3-Clause ""New"" or ""Revised"" License",1,0,0,0,0,7.5,7.5 
jaspernbrouwer,jaspernbrouwer/powerline-gitstatus,375,48,Python,mit,MIT License,1,0,0,0,0,7.8,7.8 
webpack,webpack/loader-utils,759,153,JavaScript,mit,MIT License,3,0,0,0,0,8.266666666666667,9.8 
feathersjs-ecosystem,feathersjs-ecosystem/feathers-sequelize,208,73,TypeScript,mit,MIT License,3,0,0,0,0,9.8,9.8 
jenkinsci,jenkinsci/katalon-plugin,4,9,Java,mit,MIT License,4,0,0,0,0,5.915625000000003,8.8 
pulp,pulp/pulp_ansible,48,51,Python,gpl-2.0,GNU General Public License v2.0,1,0,0,0,0,5.5,5.5 
AdguardTeam,AdguardTeam/AdGuardHome,19205,1555,Go,gpl-3.0,GNU General Public License v3.0,2,0,0,1,0,7.3090909090909095,7.5 
software-mansion,software-mansion/react-native-reanimated,7848,1198,TypeScript,mit,MIT License,1,0,0,0,0,7.5,7.5 
antchfx,antchfx/xmlquery,375,76,Go,mit,MIT License,1,0,1,0,0,9.8,9.8 
uasoft-indonesia,uasoft-indonesia/badaso,1152,218,PHP,mit,MIT License,7,0,0,0,0,6.193442622950814,9.8 
apache,apache/causeway,804,306,Java,apache-2.0,Apache License 2.0,0,0,0,0,0,, 
conduit-rust,conduit-rust/conduit-hyper,4,2,Rust,apache-2.0,Apache License 2.0,1,0,0,0,0,7.5,7.5 
HumanSignal,HumanSignal/label-studio,14695,1788,Python,apache-2.0,Apache License 2.0,4,0,0,0,0,nan,nan 
brokercap,brokercap/Bifrost,1686,301,Go,apache-2.0,Apache License 2.0,2,0,0,0,0,6.7875,8.8 
mkalioby,mkalioby/django-mfa2,204,34,CSS,mit,MIT License,1,0,0,0,0,7.5,7.5 
informalsystems,informalsystems/tendermint-rs,540,188,Rust,apache-2.0,Apache License 2.0,1,0,0,0,0,6.5,6.5 
dotnet,dotnet/wpf,6566,1109,C#,mit,MIT License,2,0,0,0,0,7.799999999999998,7.8 
akeneo,akeneo/pim-community-dev,925,514,PHP,other,Other,2,0,1,0,0,9.709090909090907,9.8 
jenkinsci,jenkinsci/custom-build-properties-plugin,2,4,Java,mit,MIT License,1,0,0,0,0,5.4,5.4 
csaf-poc,csaf-poc/csaf_distribution,28,13,Go,,,1,0,0,0,0,5.4,5.4 
bihor,bihor/fp_newsletter,6,16,PHP,gpl-3.0,GNU General Public License v3.0,4,0,0,0,0,7.551612903225807,9.1 
json5,json5/json5,6076,244,JavaScript,other,Other,1,0,0,0,0,8.8,8.8 
jenkinsci,jenkinsci/google-login-plugin,77,47,Java,apache-2.0,Apache License 2.0,4,0,0,2,0,6.07272727272727,7.5 
knex,knex/knex,18193,2090,JavaScript,mit,MIT License,2,0,1,0,0,9.59090909090909,9.8 
jenkinsci,jenkinsci/gitea-plugin,183,58,Java,mit,MIT License,2,0,0,1,0,6.859999999999999,7.5 
jenkinsci,jenkinsci/spring-config-plugin,3,4,Java,,,1,0,0,0,0,5.4,5.4 
apache,apache/atlas,1660,819,Java,apache-2.0,Apache License 2.0,10,0,0,9,0,6.437362637362645,8.8 
jenkinsci,jenkinsci/plot-plugin,57,90,Java,other,Other,2,0,0,0,1,5.888888888888889,9.8 
kujirahand,kujirahand/nadesiko3,209,19,JavaScript,mit,MIT License,3,0,0,0,0,8.704761904761906,9.8 
silverstripe,silverstripe/silverstripe-subsites,62,105,PHP,bsd-3-clause,"BSD 3-Clause ""New"" or ""Revised"" License",1,0,0,0,0,7.5,7.5 
flynn,flynn/noise,481,60,Go,other,Other,1,0,0,0,0,7.5,7.5 
PythonCharmers,PythonCharmers/python-future,1168,321,Python,mit,MIT License,1,0,0,0,0,7.5,7.5 
ff4j,ff4j/ff4j,1322,316,Java,apache-2.0,Apache License 2.0,1,0,0,0,0,9.8,9.8 
apache,apache/commons-net,229,176,Java,apache-2.0,Apache License 2.0,1,0,0,0,0,6.5,6.5 
rust-vmm,rust-vmm/linux-loader,152,49,Rust,apache-2.0,Apache License 2.0,1,0,0,0,0,5.5,5.5 
php-mod,php-mod/curl,325,119,PHP,mit,MIT License,1,0,0,0,0,6.1,6.1 
easy-team,easy-team/easywebpack-cli,123,28,JavaScript,mit,MIT License,1,0,0,0,0,5.3,5.3 
croogo,croogo/croogo,819,314,PHP,other,Other,9,0,0,2,7,nan,nan 
phpsysinfo,phpsysinfo/phpsysinfo,1364,272,PHP,gpl-2.0,GNU General Public License v2.0,2,0,0,1,0,nan,nan 
sony,sony/nnabla,2656,341,Python,apache-2.0,Apache License 2.0,1,0,1,0,0,9.8,9.8 
SeriaWei,SeriaWei/ZKEACMS,2741,874,JavaScript,gpl-3.0,GNU General Public License v3.0,2,0,0,1,1,8.49090909090909,8.8 
jelmer,jelmer/dulwich,1959,414,Python,other,Other,1,0,1,0,0,9.8,9.8 
python-openxml,python-openxml/python-docx,3855,1048,Python,mit,MIT License,1,0,0,1,0,8.8,8.8 
jenkinsci,jenkinsci/aws-codepipeline-plugin,5,13,Java,apache-2.0,Apache License 2.0,1,0,0,0,1,7.8,7.8 
jenkinsci,jenkinsci/git-plugin,660,1042,Java,mit,MIT License,13,0,0,7,2,6.419090909090906,8.8 
joajfreitas,joajfreitas/marcador,33,5,Python,gpl-3.0,GNU General Public License v3.0,1,0,1,0,0,9.8,9.8 
jenkinsci,jenkinsci/icescrum-plugin,2,9,Java,,,2,0,0,2,0,4.3,4.3 
gphper,gphper/ginadmin,191,35,Go,mit,MIT License,2,0,0,2,0,7.5,7.5 
jenkinsci,jenkinsci/kubernetes-plugin,2215,1243,Java,apache-2.0,Apache License 2.0,7,0,0,6,0,5.537500000000006,8.8 
AthenZ,AthenZ/athenz,811,285,Java,apache-2.0,Apache License 2.0,1,0,0,1,0,6.1,6.1 
zendframework,zendframework/ZendXml,30,15,PHP,bsd-3-clause,"BSD 3-Clause ""New"" or ""Revised"" License",1,0,0,1,0,nan,nan 
EventSource,EventSource/eventsource,806,252,JavaScript,mit,MIT License,1,0,0,1,0,9.3,9.3 
phpbb,phpbb/phpbb-app,11,17,PHP,,,1,0,0,1,0,5.8,5.8 
buildbot,buildbot/buildbot,5095,1649,Python,gpl-2.0,GNU General Public License v2.0,4,0,0,4,0,nan,nan 
pagehelper,pagehelper/Mybatis-PageHelper,11887,3125,Java,mit,MIT License,1,0,1,0,0,9.8,9.8 
kylefarris,kylefarris/clamscan,198,62,JavaScript,mit,MIT License,1,0,0,1,0,8.1,8.1 
jenkinsci,jenkinsci/crx-content-package-deployer-plugin,9,15,Java,unlicense,The Unlicense,3,0,0,3,0,6.533333333333334,8.8 
jenkinsci,jenkinsci/gatling-plugin,36,32,Java,,,1,0,0,0,1,5.4,5.4 
jenkinsci,jenkinsci/ssh-credentials-plugin,22,63,Java,mit,MIT License,1,0,0,1,0,6.5,6.5 
jenkinsci,jenkinsci/whitesource-plugin,4,15,Java,,,1,0,0,1,0,4.3,4.3 
jenkinsci,jenkinsci/workflow-cps-plugin,162,191,Java,,,8,0,1,6,0,8.269333333333336,9.9 
dreamer-zq,dreamer-zq/irisnet-crypto,1,0,JavaScript,apache-2.0,Apache License 2.0,1,0,1,0,0,9.8,9.8 
hybridgroup,hybridgroup/gobot,8516,1071,Go,other,Other,1,0,0,1,0,7.5,7.5 
wildfly,wildfly/jboss-ejb-client,38,133,Java,apache-2.0,Apache License 2.0,2,0,0,2,0,4.8500000000000005,6.5 
AGProjects,AGProjects/python-cjson,43,28,C,other,Other,1,0,0,1,0,nan,nan 
wasm3,wasm3/wasm3,6404,409,C,mit,MIT License,9,0,0,6,0,6.0442307692307695,7.8 
arachnys,arachnys/cabot,5512,629,JavaScript,mit,MIT License,2,0,0,0,2,6.5,8.2 
BYVoid,BYVoid/OpenCC,7644,952,C++,apache-2.0,Apache License 2.0,1,0,0,1,0,5.5,5.5 
apache,apache/syncope,224,167,Java,apache-2.0,Apache License 2.0,10,0,3,5,2,nan,nan 
jenkinsci,jenkinsci/urltrigger-plugin,15,39,Java,,,1,0,0,1,0,6.5,6.5 
jenkinsci,jenkinsci/script-security-plugin,57,161,Java,,,30,0,2,22,1,7.795582329317282,9.9 
jaraco,jaraco/keyring,1124,148,Python,,,3,0,0,1,2,nan,nan 
pi-engine,pi-engine/pi,182,118,PHP,,,1,0,0,1,0,6.1,6.1 
apache,apache/poi,1750,706,Java,,,8,0,1,6,1,nan,nan 
jenkinsci,jenkinsci/windows-slaves-plugin,19,54,Java,,,2,0,0,2,0,8.8,8.8 
resteasy,resteasy/resteasy,1063,892,Java,apache-2.0,Apache License 2.0,4,0,0,3,0,nan,nan 
openstack,openstack/cinder,627,932,Python,apache-2.0,Apache License 2.0,8,0,1,3,3,nan,nan 
Athlon1600,Athlon1600/php-proxy-app,781,512,PHP,mit,MIT License,3,0,0,3,0,7.033333333333334,7.5 
apache,apache/orc,634,483,HTML,apache-2.0,Apache License 2.0,1,0,0,1,0,7.5,7.5 
apache,apache/tomee,427,688,Java,apache-2.0,Apache License 2.0,6,0,1,5,0,8.296078431372553,9.8 
gleez,gleez/cms,202,83,PHP,,,7,0,0,5,2,5.31764705882353,8.8 
jython,jython/frozen-mirror,510,131,Python,other,Other,1,0,0,1,0,nan,nan 
theforeman,theforeman/ldap_fluff,19,32,Ruby,other,Other,1,0,0,1,0,nan,nan 
jenkinsci,jenkinsci/testcomplete-plugin,3,18,Java,mit,MIT License,3,0,0,1,0,7.325000000000001,9.8 
apache,apache/james-hupa,22,17,Java,,,1,0,0,1,0,6.1,6.1 
HashBrownCMS,HashBrownCMS/hashbrown-cms,154,36,JavaScript,mit,MIT License,3,0,1,2,0,8.774999999999999,9.8 
PHPOffice,PHPOffice/PHPExcel,11466,4290,PHP,other,Other,1,0,1,0,0,nan,nan 
gitblit-org,gitblit-org/gitblit,2211,697,Java,apache-2.0,Apache License 2.0,2,0,1,1,0,9.092307692307692,9.8 
jenkinsci,jenkinsci/sonar-gerrit-plugin,27,36,Java,mit,MIT License,2,0,0,1,0,6.5,6.5 
centreon,centreon/centreon-archived,577,252,PHP,gpl-2.0,GNU General Public License v2.0,11,0,2,6,3,nan,nan 
zencart,zencart/zencart,349,228,PHP,other,Other,13,0,3,9,1,nan,nan 
selfcontained,selfcontained/deap,13,0,JavaScript,mit,MIT License,1,0,1,0,0,9.8,9.8 
apache,apache/flex-blazeds,51,42,Java,apache-2.0,Apache License 2.0,1,0,1,0,0,9.8,9.8 
expo,expo/expo,24316,4370,TypeScript,mit,MIT License,2,0,0,1,0,9.618181818181817,9.8 
wildfly,wildfly/wildfly,2941,2230,Java,apache-2.0,Apache License 2.0,25,0,3,16,4,nan,nan 
open-iscsi,open-iscsi/rtslib-fb,69,87,Python,apache-2.0,Apache License 2.0,1,0,0,1,0,7.8,7.8 
openstack,openstack/magnum,318,241,Python,apache-2.0,Apache License 2.0,1,0,1,0,0,9.8,9.8 
apache,apache/deltaspike,147,134,Java,apache-2.0,Apache License 2.0,1,0,0,1,0,6.1,6.1 
vuestorefront,vuestorefront/storefront-api,9,0,TypeScript,mit,MIT License,1,0,0,1,0,5.3,5.3 
jetty-project,jetty-project/codehaus-jetty6,7,3,Java,,,1,0,0,1,0,nan,nan 
ruby,ruby/fileutils,58,38,Ruby,other,Other,1,0,1,0,0,8.8,8.8 
kohana,kohana/core,638,333,PHP,,,1,0,1,0,0,9.8,9.8 
jenkinsci,jenkinsci/sounds-plugin,7,8,Java,,,2,0,1,1,0,8.8,8.8 
fritzy,fritzy/SleekXMPP,1110,310,Python,other,Other,1,0,0,1,0,5.9,5.9 
apache,apache/wicket,702,405,Java,apache-2.0,Apache License 2.0,15,0,0,14,1,nan,nan 
jamesturk,jamesturk/django-markupfield,192,38,Python,other,Other,1,0,0,1,0,nan,nan 
hornetq,hornetq/hornetq,250,209,,,,2,0,1,1,0,7.409090909090909,7.5 
hashicorp,hashicorp/vault-action,379,126,JavaScript,mit,MIT License,1,0,0,1,0,7.5,7.5 
jenkinsci,jenkinsci/docker-commons-plugin,41,77,Java,mit,MIT License,2,0,0,2,0,7.65,8.8 
apache,apache/derby,319,138,Java,apache-2.0,Apache License 2.0,6,0,0,4,2,nan,nan 
openark,openark/orchestrator,5208,926,Go,apache-2.0,Apache License 2.0,1,0,0,1,0,6.1,6.1 
seattlerb,seattlerb/ruby_parser,473,102,Ruby,,,1,0,0,0,1,nan,nan 
starkbank,starkbank/ecdsa-elixir,27,7,Elixir,mit,MIT License,1,0,1,0,0,9.8,9.8 
jenkinsci,jenkinsci/aws-codedeploy-plugin,14,42,Java,apache-2.0,Apache License 2.0,2,0,0,1,1,7.299999999999999,7.8 
richfaces,richfaces/richfaces,62,100,Java,,,4,0,2,2,0,nan,nan 
jetruby,jetruby/apollo_upload_server-ruby,173,51,Ruby,mit,MIT License,1,0,0,1,0,6.5,6.5 
apache,apache/sling-org-apache-sling-xss,10,19,Java,apache-2.0,Apache License 2.0,3,0,1,2,0,6.840000000000001,9.8 
jenkinsci,jenkinsci/nomad-plugin,56,40,Java,mit,MIT License,3,0,0,2,1,6.375,6.5 
fluxcd,fluxcd/kustomize-controller,229,153,Go,apache-2.0,Apache License 2.0,5,0,1,3,0,7.40975609756098,9.9 
auth0,auth0/angular-jwt,1258,188,JavaScript,mit,MIT License,1,0,0,1,0,6.5,6.5 
twbs,twbs/bootstrap-rubygem,1984,456,SCSS,mit,MIT License,1,0,0,1,0,6.1,6.1 
constantoine,constantoine/totp-rs,114,20,Rust,mit,MIT License,1,0,0,0,1,4.4,4.4 
froemken,froemken/url_redirect,1,2,PHP,,,1,0,1,0,0,7.3,7.3 
Stranger6667,Stranger6667/pyanyapi,13,4,Python,mit,MIT License,1,0,1,0,0,9.8,9.8 
opennetworkinglab,opennetworkinglab/onos,1115,754,Java,apache-2.0,Apache License 2.0,37,0,7,18,0,7.490697674418625,9.8 
jenkinsci,jenkinsci/dynatrace-plugin,3,20,Java,,,2,0,0,2,0,7.3,8.1 
joestump,joestump/python-oauth2,2986,1074,Python,mit,MIT License,1,0,0,1,0,nan,nan 
openstack,openstack/ceilometer,310,335,Python,apache-2.0,Apache License 2.0,2,0,0,0,2,nan,nan 
qwertz19281,qwertz19281/rust_utils,1,0,Rust,,,1,0,0,1,0,5.3,5.3 
jenkinsci,jenkinsci/git-client-plugin,130,377,Java,mit,MIT License,3,0,0,1,1,8.226086956521737,8.8 
belaban,belaban/JGroups,987,474,Java,apache-2.0,Apache License 2.0,2,0,1,1,0,nan,nan 
kartolo,kartolo/direct_mail,39,99,PHP,,,5,0,0,5,0,4.982926829268294,6.1 
jenkinsci,jenkinsci/aws-codebuild-plugin,8,26,Java,apache-2.0,Apache License 2.0,1,0,0,0,1,7.8,7.8 
jenkinsci,jenkinsci/vmanager-plugin,8,7,Java,mit,MIT License,2,0,0,1,1,5.959999999999999,8.2 
ljharb,ljharb/shell-quote,15,6,JavaScript,mit,MIT License,1,0,1,0,0,9.8,9.8 
onionshare,onionshare/onionshare,5771,641,Python,other,Other,12,0,1,10,1,5.783783783783774,9.8 
picketlink,picketlink/picketlink,93,104,Java,other,Other,4,0,1,3,0,nan,nan 
mongodb,mongodb/mongo-rust-driver,1314,144,Rust,apache-2.0,Apache License 2.0,1,0,0,0,1,4.4,4.4 
jenkinsci,jenkinsci/zulip-plugin,13,20,Java,mit,MIT License,1,0,0,0,1,7.8,7.8 
jenkinsci,jenkinsci/zap-pipeline-plugin,14,19,Java,mit,MIT License,1,0,0,0,1,5.4,5.4 
jenkinsci,jenkinsci/google-oauth-plugin,37,61,Java,apache-2.0,Apache License 2.0,1,0,0,1,0,6.5,6.5 
mysqljs,mysqljs/mysql,18001,2604,JavaScript,mit,MIT License,2,0,1,0,1,9.2625,9.8 
apache,apache/lucene,2057,843,Java,apache-2.0,Apache License 2.0,2,0,1,1,0,9.463636363636361,9.8 
eclipse,eclipse/xtext-xtend,101,53,Java,epl-2.0,Eclipse Public License 2.0,1,0,0,1,0,8.1,8.1 
jenkinsci,jenkinsci/mercurial-plugin,54,125,Java,mit,MIT License,7,0,0,6,0,5.977777777777783,7.5 
jenkinsci,jenkinsci/repo-plugin,46,82,Java,mit,MIT License,2,0,0,1,0,7.06,7.5 
jenkinsci,jenkinsci/environment-manager-tools-plugin,0,1,Java,other,Other,1,0,0,1,0,6.5,6.5 
TYPO3-Solr,TYPO3-Solr/ext-solr,131,230,PHP,gpl-3.0,GNU General Public License v3.0,2,0,1,1,0,nan,nan 
gitlabhq,gitlabhq/grit,59,57,Ruby,mit,MIT License,1,0,0,1,0,nan,nan 
binarylogic,binarylogic/authlogic,4330,639,Ruby,mit,MIT License,1,0,0,1,0,nan,nan 
kohsuke,kohsuke/libpam4j,45,59,Java,mit,MIT License,1,0,0,1,0,6.5,6.5 
apache,apache/sling-org-apache-sling-servlets-post,10,19,Java,apache-2.0,Apache License 2.0,1,0,0,1,0,nan,nan 
apache,apache/sling-org-apache-sling-auth-core,2,18,Java,apache-2.0,Apache License 2.0,2,0,0,2,0,nan,nan 
apache,apache/santuario-java,25,36,Java,apache-2.0,Apache License 2.0,2,0,0,2,0,nan,nan 
kubernetes,kubernetes/apiextensions-apiserver,218,131,Go,apache-2.0,Apache License 2.0,1,0,0,1,0,8.1,8.1 
chriskacerguis,chriskacerguis/codeigniter-restserver,4888,2888,PHP,mit,MIT License,1,0,1,0,0,9.8,9.8 
jenkinsci,jenkinsci/plugin-installation-manager-tool,340,172,Java,mit,MIT License,1,0,1,0,0,9.8,9.8 
grpc,grpc/grpc-node,4133,597,TypeScript,apache-2.0,Apache License 2.0,6,0,0,1,0,7.516666666666668,9.8 
mapproxy,mapproxy/mapproxy,489,234,Python,apache-2.0,Apache License 2.0,1,0,0,1,0,6.1,6.1 
dart-lang,dart-lang/http,972,337,Dart,bsd-3-clause,"BSD 3-Clause ""New"" or ""Revised"" License",1,0,0,1,0,6.1,6.1 
jenkinsci,jenkinsci/configuration-as-code-plugin,2589,707,Java,mit,MIT License,9,0,0,6,3,5.452325581395348,8.8 
OHDSI,OHDSI/WebAPI,120,148,Java,apache-2.0,Apache License 2.0,1,0,1,0,0,9.8,9.8 
takluyver,takluyver/pyxdg,78,26,Python,other,Other,1,0,0,0,1,nan,nan 
siteserver,siteserver/cms,3505,1222,JavaScript,agpl-3.0,GNU Affero General Public License v3.0,10,0,2,3,1,7.760714285714291,9.8 
jenkinsci,jenkinsci/neoload-plugin,2,10,Java,other,Other,1,0,0,1,0,8.8,8.8 
micromatch,micromatch/braces,184,25,JavaScript,mit,MIT License,1,0,0,1,0,5.3,5.3 
gulpjs,gulpjs/copy-props,9,8,JavaScript,mit,MIT License,1,0,1,0,0,9.8,9.8 
sunrise-choir,sunrise-choir/flumedb-rs,23,5,Rust,lgpl-3.0,GNU Lesser General Public License v3.0,1,0,1,0,0,9.8,9.8 
acw,acw/simple_asn1,17,21,Rust,isc,ISC License,1,0,0,1,0,7.5,7.5 
jenkinsci,jenkinsci/credentials-binding-plugin,50,101,Java,mit,MIT License,5,0,0,5,0,5.205882352941177,6.5 
paulc,paulc/dnslib,275,82,Python,bsd-2-clause,"BSD 2-Clause ""Simplified"" License",1,0,0,1,0,5.3,5.3 
jnqnfe,jnqnfe/pulse-binding-rust,61,20,Rust,apache-2.0,Apache License 2.0,4,0,0,4,0,7.065217391304348,7.5 
coreybutler,coreybutler/node-windows,2692,367,JavaScript,other,Other,1,0,1,0,0,9.8,9.8 
tectonic-typesetting,tectonic-typesetting/tectonic,3527,144,C,other,Other,1,0,1,0,0,9.8,9.8 
cvxopt,cvxopt/cvxopt,924,201,C,other,Other,1,0,0,1,0,7.5,7.5 
Ericsson,Ericsson/codechecker,1975,320,Python,apache-2.0,Apache License 2.0,1,0,0,1,0,6.1,6.1 
mrdoob,mrdoob/three.js,95496,35130,JavaScript,mit,MIT License,2,0,0,1,0,7.5,7.5 
celery,celery/celery,22500,4571,Python,other,Other,2,0,0,2,0,nan,nan 
jenkinsci,jenkinsci/metrics-plugin,69,78,Java,mit,MIT License,1,0,0,0,1,5.5,5.5 
ash-rs,ash-rs/ash,1545,176,Rust,apache-2.0,Apache License 2.0,1,0,1,0,0,9.8,9.8 
metrics-rs,metrics-rs/metrics,899,117,Rust,mit,MIT License,1,0,0,1,0,8.1,8.1 
TooTallNate,TooTallNate/node-http-proxy-agent,127,18,,,,1,0,1,0,0,9.8,9.8 
spatie,spatie/browsershot,4508,508,PHP,mit,MIT License,4,0,0,1,0,5.9692307692307685,8.2 
python-poetry,python-poetry/cleo,1148,81,Python,mit,MIT License,1,0,0,0,0,7.5,7.5 
codenotary,codenotary/immudb,8377,334,Go,other,Other,2,0,0,0,0,5.6,5.9 
archesproject,archesproject/arches,191,132,Python,agpl-3.0,GNU Affero General Public License v3.0,1,0,0,0,0,9.8,9.8 
galkahana,galkahana/HummusJS,1119,174,C,other,Other,3,0,0,0,0,6.833333333333333,7.5 
SamVerschueren,SamVerschueren/decode-uri-component,140,36,JavaScript,mit,MIT License,1,0,0,0,0,7.5,7.5 
fastify,fastify/fastify-websocket,341,66,JavaScript,mit,MIT License,1,0,0,0,0,7.5,7.5 
GNOME,GNOME/gdk-pixbuf,25,18,C,lgpl-2.1,GNU Lesser General Public License v2.1,16,0,2,13,0,nan,nan 
PackageKit,PackageKit/PackageKit,222,158,C,gpl-2.0,GNU General Public License v2.0,0,0,0,0,0,, 
netwide-assembler,netwide-assembler/nasm,1920,242,Assembly,other,Other,61,0,3,44,0,nan,nan 
sensepost,sensepost/gowitness,2413,339,Go,gpl-3.0,GNU General Public License v3.0,1,0,0,1,0,7.5,7.5 
zanata,zanata/zanata-server,212,57,,,,1,0,0,1,0,9.799999999999999,9.8 
cisco,cisco/libsrtp,1118,457,C,other,Other,1,0,0,0,1,nan,nan 
transifex,transifex/transifex-client,135,92,Python,gpl-2.0,GNU General Public License v2.0,1,0,0,1,0,nan,nan 
borfast,borfast/arrispwgen,165,38,TypeScript,mit,MIT License,1,0,0,1,0,nan,nan 
websvnphp,websvnphp/websvn,112,29,PHP,gpl-2.0,GNU General Public License v2.0,3,0,2,1,0,nan,nan 
GNOME,GNOME/libsoup,57,39,C,other,Other,5,0,3,2,0,nan,nan 
datamapper,datamapper/extlib,70,21,Ruby,other,Other,1,0,1,0,0,nan,nan 
prototypejs,prototypejs/prototype,3522,703,JavaScript,other,Other,1,0,1,0,0,nan,nan 
WayneD,WayneD/rsync,1723,254,C,other,Other,11,0,5,4,1,nan,nan 
rhinstaller,rhinstaller/fedup,23,13,Python,gpl-2.0,GNU General Public License v2.0,0,0,0,0,0,, 
xinetd-org,xinetd-org/xinetd,143,58,C,other,Other,1,0,1,0,0,nan,nan 
akrennmair,akrennmair/tpp,47,12,Ruby,gpl-2.0,GNU General Public License v2.0,1,0,0,1,0,nan,nan 
python-mode,python-mode/python-mode,5424,930,Vim Script,lgpl-3.0,GNU Lesser General Public License v3.0,1,0,0,1,0,8.8,8.8 
livecd-tools,livecd-tools/livecd-tools,207,109,Python,gpl-2.0,GNU General Public License v2.0,1,0,1,0,0,nan,nan 
maekitalo,maekitalo/cxxtools,61,35,C++,lgpl-2.1,GNU Lesser General Public License v2.1,1,0,0,1,0,nan,nan 
sodabrew,sodabrew/puppet-dashboard,541,188,JavaScript,other,Other,1,0,0,1,0,nan,nan 
plone,plone/Plone,227,49,Python,,,31,0,4,22,4,nan,nan 
falconpl,falconpl/falcon,61,10,C++,other,Other,1,0,0,1,0,7.5,7.5 
apache,apache/continuum,7,13,Java,apache-2.0,Apache License 2.0,1,0,0,1,0,nan,nan 
syslog-ng,syslog-ng/syslog-ng,1930,449,C,other,Other,5,0,2,2,0,nan,nan 
openSUSE,openSUSE/sysconfig,10,21,Shell,,,1,0,0,1,0,8.099999999999998,8.1 
markstos,markstos/CGI--Application,21,13,Perl,,,1,0,0,1,0,nan,nan 
mate-desktop,mate-desktop/eom,53,29,C,gpl-2.0,GNU General Public License v2.0,1,0,0,1,0,6.5,6.5 
libfuse,libfuse/libfuse,4700,1065,C,other,Other,1,0,0,1,0,nan,nan 
omniauth,omniauth/omniauth-oauth2,482,305,Ruby,mit,MIT License,0,0,0,0,0,, 
GNOME,GNOME/libpeas,14,14,C,lgpl-2.1,GNU Lesser General Public License v2.1,1,0,0,1,0,nan,nan 
apache,apache/trafficserver,1660,785,C++,apache-2.0,Apache License 2.0,54,0,11,29,0,nan,nan 
lunarmodules,lunarmodules/cgilua,91,38,Lua,,,0,0,0,0,0,, 
NLnetLabs,NLnetLabs/unbound,2509,325,C,bsd-3-clause,"BSD 3-Clause ""New"" or ""Revised"" License",27,0,8,15,1,nan,nan 
ezyang,ezyang/htmlpurifier,2866,357,PHP,lgpl-2.1,GNU Lesser General Public License v2.1,3,0,0,3,0,nan,nan 
ideaengine007,ideaengine007/RandomStuffs,0,0,,,,2,0,1,0,1,6.5,6.5 
floodlight,floodlight/floodlight,730,629,Java,apache-2.0,Apache License 2.0,2,0,0,2,0,5.999999999999997,6.1 
gitlabhq,gitlabhq/gitlabhq,23408,5770,Ruby,other,Other,936,0,35,579,85,nan,nan 
redhat-cip,redhat-cip/edeploy,90,38,Shell,apache-2.0,Apache License 2.0,5,0,4,1,0,9.486363636363642,9.8 
ofirdagan,ofirdagan/cross-domain-local-storage,388,69,JavaScript,mit,MIT License,4,0,0,4,0,7.399999999999998,8.8 
Cougar,Cougar/lg,69,32,Perl,gpl-2.0,GNU General Public License v2.0,3,0,0,3,0,7.276923076923077,9.8 
SmartBear,SmartBear/soapui,1447,595,Java,other,Other,1,0,1,0,0,nan,nan 
loadedcommerce,loadedcommerce/loaded7,19,26,PHP,gpl-2.0,GNU General Public License v2.0,1,0,0,1,0,8.799999999999999,8.8 
zeromq,zeromq/zeromq4-1,125,142,C++,gpl-3.0,GNU General Public License v3.0,4,0,1,3,0,nan,nan 
yarrick,yarrick/iodine,5575,497,C,isc,ISC License,1,0,0,1,0,nan,nan 
rest-client,rest-client/rest-client,5228,958,Ruby,mit,MIT License,3,0,2,0,1,nan,nan 
librsync,librsync/librsync,661,145,C,lgpl-2.1,GNU Lesser General Public License v2.1,1,0,0,1,0,nan,nan 
malaterre,malaterre/GDCM,317,172,C++,other,Other,2,0,1,1,0,9.099999999999998,10.0 
htcondor,htcondor/htcondor,252,163,C++,apache-2.0,Apache License 2.0,11,0,3,8,0,8.52727272727272,9.9 
expressjs,expressjs/serve-static,1351,227,JavaScript,mit,MIT License,1,0,0,1,0,nan,nan 
openstack-archive,openstack-archive/swift3,107,49,,,,0,0,0,0,0,, 
KDE,KDE/plasma-workspace,189,79,C++,,,6,0,2,4,0,nan,nan 
rails,rails/jquery-ujs,2610,519,JavaScript,mit,MIT License,1,0,0,1,0,nan,nan 
openedx,openedx/configuration,816,986,Jinja,agpl-3.0,GNU Affero General Public License v3.0,0,0,0,0,0,, 
square,square/git-fastclone,178,31,Ruby,other,Other,2,0,2,0,0,9.270588235294118,9.8 
FreePBX,FreePBX/framework,55,49,PHP,gpl-3.0,GNU General Public License v3.0,19,0,4,9,6,nan,nan 
AschauerMarvin,AschauerMarvin/adminsystems,1,0,PHP,mit,MIT License,2,0,0,2,0,nan,nan 
aws,aws/aws-sdk-php,5915,1244,PHP,apache-2.0,Apache License 2.0,2,0,1,0,0,7.39090909090909,7.8 
hydralabs,hydralabs/pyamf,158,91,Python,other,Other,1,0,0,1,0,7.1000000000000005,7.1 
ossec,ossec/ossec-hids,4132,1020,C,other,Other,11,0,6,3,2,nan,nan 
esotalk,esotalk/esoTalk,1469,248,PHP,gpl-2.0,GNU General Public License v2.0,1,0,0,1,0,6.099999999999999,6.1 
GNOME,GNOME/vala,791,82,Vala,lgpl-2.1,GNU Lesser General Public License v2.1,1,0,1,0,0,nan,nan 
picketlink,picketlink/picketlink-bindings,3,30,Java,,,1,0,0,1,0,nan,nan 
depthsecurity,depthsecurity/NetMRI-2014-3418,8,1,Ruby,,,2,0,2,0,0,nan,nan 
pitivi,pitivi/pitivi,187,28,Python,other,Other,1,0,1,0,0,9.799999999999999,9.8 
cisco,cisco/openh264,5159,1805,C++,bsd-2-clause,"BSD 2-Clause ""Simplified"" License",2,0,2,0,0,nan,nan 
yiisoft,yiisoft/yii2-framework,234,141,PHP,bsd-3-clause,"BSD 3-Clause ""New"" or ""Revised"" License",1,0,0,0,0,9.799999999999999,9.8 
jhy,jhy/jsoup,10373,2176,Java,mit,MIT License,3,0,0,2,0,6.618518518518517,7.5 
openstack,openstack/neutron,1353,1504,Python,apache-2.0,Apache License 2.0,22,0,3,14,4,nan,nan 
whatwg,whatwg/html,7253,2815,HTML,other,Other,1,0,0,1,0,nan,nan 
webodf,webodf/WebODF,779,192,JavaScript,,,1,0,0,1,0,nan,nan 
NetworkConfiguration,NetworkConfiguration/dhcpcd,292,92,C,bsd-2-clause,"BSD 2-Clause ""Simplified"" License",0,0,0,0,0,, 
bedita,bedita/bedita,64,20,PHP,other,Other,4,0,1,1,2,nan,nan 
PHP-Outburst,PHP-Outburst/myUPB,15,8,PHP,other,Other,1,0,0,1,0,nan,nan 
crowbar,crowbar/barclamp-network,56,149,Ruby,,,1,0,1,0,0,nan,nan 
koharin,koharin/CVE,0,1,,,,0,0,0,0,0,, 
scaron,scaron/prettyphoto,551,288,JavaScript,,,1,0,0,1,0,6.1,6.1 
tytso,tytso/e2fsprogs,321,198,C,,,5,0,0,5,0,nan,nan 
grml,grml/grml-debootstrap,54,28,Shell,,,1,0,0,1,0,7.5,7.5 
Quagga-RE,Quagga-RE/mrlg4php,9,4,PHP,,,0,0,0,0,0,, 
twogood,twogood/unshield,295,80,C,mit,MIT License,1,0,0,1,0,7.5,7.5 
JamesHeinrich,JamesHeinrich/getID3,1066,244,PHP,other,Other,2,0,1,1,0,nan,nan 
rabbitmq,rabbitmq/rabbitmq-management,367,171,Erlang,other,Other,1,0,0,1,0,6.5,6.5 
xiph,xiph/Icecast-Server,430,127,C,gpl-2.0,GNU General Public License v2.0,3,0,0,3,0,nan,nan 
justdan96,justdan96/tsMuxer,720,137,C++,apache-2.0,Apache License 2.0,15,0,2,10,0,6.216129032258066,9.8 
apache,apache/commons-collections,642,444,Java,apache-2.0,Apache License 2.0,2,0,2,0,0,nan,nan 
owncloud,owncloud/client,1353,687,C++,gpl-2.0,GNU General Public License v2.0,5,0,0,4,1,nan,nan 
linux-audit,linux-audit/audit-userspace,530,192,C,gpl-2.0,GNU General Public License v2.0,1,0,0,1,0,5.3,5.3 
grafana,grafana/piechart-panel,149,105,JavaScript,mit,MIT License,2,0,0,1,1,5.6692307692307695,6.1 
ganeti,ganeti/ganeti,432,101,Python,bsd-2-clause,"BSD 2-Clause ""Simplified"" License",3,0,0,2,1,nan,nan 
blueman-project,blueman-project/blueman,1065,177,Python,gpl-3.0,GNU General Public License v3.0,2,0,1,1,0,7.7,8.4 
linuxmint,linuxmint/cinnamon-screensaver,145,93,Python,gpl-2.0,GNU General Public License v2.0,1,0,1,0,0,nan,nan 
gcc-mirror,gcc-mirror/gcc,8227,4222,C,gpl-2.0,GNU General Public License v2.0,16,0,3,9,2,nan,nan 
shlomif,shlomif/perl-XML-LibXML,14,33,Perl,other,Other,2,0,1,1,0,nan,nan 
slimphp,slimphp/Slim,11721,1949,PHP,mit,MIT License,1,0,1,0,0,nan,nan 
chanmix51,chanmix51/Pomm,163,31,PHP,,,1,0,1,0,0,nan,nan 
puppetlabs,puppetlabs/facter,606,496,Ruby,apache-2.0,Apache License 2.0,2,0,0,1,1,nan,nan 
htacg,htacg/tidy-html5,2627,452,C,,,5,0,0,4,0,nan,nan 
ClusterLabs,ClusterLabs/fence-agents,91,148,Python,,,2,0,0,2,0,5.3,5.9 
apache,apache/couchdb,5862,1048,Erlang,apache-2.0,Apache License 2.0,20,0,6,12,0,nan,nan 
simplejson,simplejson/simplejson,1598,330,Python,other,Other,1,0,0,1,0,5.8999999999999995,5.9 
AFNetworking,AFNetworking/AFNetworking,33353,10410,Objective-C,mit,MIT License,1,0,0,1,0,nan,nan 
apache,apache/activemq-apollo,151,72,Java,apache-2.0,Apache License 2.0,1,0,1,0,0,9.8,9.8 
jenkinsci,jenkinsci/config-file-provider-plugin,45,102,Java,,,9,0,0,6,2,6.4250000000000025,8.1 
jcv8000,jcv8000/Codex,305,47,TypeScript,other,Other,1,0,0,1,0,6.1000000000000005,6.1 
phpList,phpList/phplist3,665,299,PHP,agpl-3.0,GNU Affero General Public License v3.0,36,0,8,11,16,nan,nan 
matthiaskramm,matthiaskramm/swftools,246,95,C,gpl-2.0,GNU General Public License v2.0,60,0,1,54,0,nan,nan 
CGAL,CGAL/cgal,4245,1281,C++,other,Other,45,0,4,41,0,8.88888888888896,9.8 
TechReborn,TechReborn/RebornCore,45,51,Java,mit,MIT License,1,0,1,0,0,9.8,9.8 
jenkinsci,jenkinsci/token-macro-plugin,20,58,Java,,,2,0,0,2,0,7.62,8.1 
DP-3T,DP-3T/dp3t-sdk-backend,198,91,Java,mpl-2.0,Mozilla Public License 2.0,1,0,0,1,0,7.5,7.5 
mimblewimble,mimblewimble/grin-security,11,10,,apache-2.0,Apache License 2.0,3,0,0,3,0,6.766666666666667,7.5 
wso2,wso2/docs-apim,63,345,Java,apache-2.0,Apache License 2.0,1,0,1,0,0,9.799999999999999,9.8 
GNOME,GNOME/glib-networking,21,10,C,lgpl-2.1,GNU Lesser General Public License v2.1,1,0,0,1,0,6.5,6.5 
ROBOTIS-GIT,ROBOTIS-GIT/DynamixelSDK,390,369,C++,apache-2.0,Apache License 2.0,1,0,1,0,0,9.799999999999999,9.8 
kubevirt,kubevirt/kubevirt,4674,1108,Go,apache-2.0,Apache License 2.0,4,0,0,2,0,7.774999999999997,9.9 
beerpwn,beerpwn/ctf,15,3,Python,,,1,0,1,0,0,9.8,9.8 
sidorares,sidorares/json-bigint,745,184,JavaScript,mit,MIT License,1,0,0,1,0,7.5,7.5 
fitzgen,fitzgen/bumpalo,1154,93,Rust,apache-2.0,Apache License 2.0,1,0,0,1,0,7.5,7.5 
netgen,netgen/TagsBundle,47,40,PHP,gpl-2.0,GNU General Public License v2.0,1,0,0,1,0,6.1,6.1 
mikehaertl,mikehaertl/php-shellcommand,304,51,PHP,mit,MIT License,1,0,1,0,0,9.8,9.8 
bareos,bareos/bareos,888,245,C++,other,Other,5,0,0,5,0,7.860000000000005,9.8 
PreMiD,PreMiD/PreMiD,1117,155,TypeScript,mpl-2.0,Mozilla Public License 2.0,2,0,0,2,0,5.5,6.5 
CompassSecurity,CompassSecurity/SAMLRaider,371,76,Java,mit,MIT License,1,0,0,1,0,9.099999999999998,9.1 
adeoluwa-adebiyi,adeoluwa-adebiyi/Mikrotik-Router-Monitoring-System,34,24,PHP,,,1,0,1,0,0,9.8,9.8 
cesanta,cesanta/mjs,1770,198,C,other,Other,68,0,1,50,0,6.071774193548384,9.8 
directus,directus/v8-archive,504,207,PHP,,,4,0,0,0,0,6.800000000000001,9.8 
shenzhim,shenzhim/aaptjs,3,2,JavaScript,,,7,0,7,0,0,9.799999999999999,9.8 
vaadin,vaadin/framework,1762,774,Java,other,Other,5,0,0,4,1,5.580000000000002,7.5 
openSUSE,openSUSE/wicked,96,49,C,gpl-2.0,GNU General Public License v2.0,2,0,0,2,0,7.5,7.5 
WebAssembly,WebAssembly/binaryen,6775,695,WebAssembly,apache-2.0,Apache License 2.0,22,0,1,19,0,6.2272727272727275,7.5 
HDFGroup,HDFGroup/hdf5,419,210,C,other,Other,66,0,10,50,0,7.566666666666701,9.8 
eclipse-openj9,eclipse-openj9/openj9,3171,702,Java,other,Other,4,0,1,1,0,7.6750000000000025,9.8 
KDE,KDE/kconfig,21,7,C++,,,1,0,0,1,0,7.8,7.8 
GNOME,GNOME/gvfs,75,49,C,other,Other,5,0,0,3,2,7.104444444444443,8.1 
debauchee,debauchee/barrier,23987,1336,C,other,Other,5,0,0,5,0,7.905882352941175,8.8 
GNOME,GNOME/gthumb,144,28,C,gpl-2.0,GNU General Public License v2.0,3,0,0,3,0,7.033333333333333,7.8 
mbechler,mbechler/marshalsec,3138,696,Java,mit,MIT License,2,0,1,0,0,9.799999999999999,9.8 
octobox,octobox/octobox,4277,382,Ruby,agpl-3.0,GNU Affero General Public License v3.0,1,0,0,0,0,7.5,7.5 
wp-graphql,wp-graphql/wp-graphql,3531,444,PHP,gpl-3.0,GNU General Public License v3.0,4,0,1,3,0,7.375000000000002,9.8 
CISOfy,CISOfy/lynis,11366,1360,Shell,gpl-3.0,GNU General Public License v3.0,3,0,0,1,2,5.099999999999997,7.8 
apache,apache/guacamole-server,2670,589,C,apache-2.0,Apache License 2.0,11,0,0,6,2,6.938095238095234,8.8 
mongodb,mongodb/mongo-java-driver,2577,1516,Java,apache-2.0,Apache License 2.0,1,0,0,1,0,6.799999999999999,6.8 
QuizandSurveyMaster,QuizandSurveyMaster/quiz_master_next,93,87,PHP,gpl-2.0,GNU General Public License v2.0,26,0,1,9,2,7.138461538461519,9.9 
gotenberg,gotenberg/gotenberg,5795,452,Go,mit,MIT License,2,0,0,2,0,6.799999999999997,7.5 
pluginsGLPI,pluginsGLPI/news,26,20,PHP,gpl-2.0,GNU General Public License v2.0,1,0,0,1,0,6.1,6.1 
rust-lang,rust-lang/socket2,577,186,Rust,apache-2.0,Apache License 2.0,1,0,0,0,1,5.5,5.5 
fossasia,fossasia/susi_server,2475,1092,Java,lgpl-2.1,GNU Lesser General Public License v2.1,1,0,0,1,0,9.099999999999998,9.1 
react-atomic,react-atomic/react-atomic-organism,11,6,JavaScript,,,1,0,1,0,0,9.799999999999999,9.8 
thingsboard,thingsboard/thingsboard,14607,4570,Java,apache-2.0,Apache License 2.0,9,0,0,1,0,7.544444444444448,9.6 
gardener,gardener/gardener,2624,444,Go,apache-2.0,Apache License 2.0,2,0,0,2,0,8.0,8.5 
hibernate,hibernate/hibernate-orm,5586,3372,Java,apache-2.0,Apache License 2.0,2,0,0,2,0,6.950000000000003,7.4 
elastic,elastic/kibana,18880,7905,TypeScript,other,Other,51,0,3,31,6,nan,nan 
Verytops,Verytops/verydows,429,237,PHP,other,Other,3,0,0,3,0,6.999999999999998,8.8 
kornelski,kornelski/rust-rgb,89,15,Rust,mit,MIT License,1,0,0,1,0,9.1,9.1 
pytest-dev,pytest-dev/py,65,69,Python,mit,MIT License,1,0,0,1,0,7.5,7.5 
libsixel,libsixel/libsixel,98,10,C,mit,MIT License,3,0,0,3,0,8.033333333333335,8.8 
ros,ros/ros_comm,710,897,Python,,,5,0,3,2,0,9.168181818181823,9.8 
rocboss,rocboss/ROCBOSS-OLD,251,48,PHP,mit,MIT License,0,0,0,0,0,, 
icon-project,icon-project/loopchain,72,34,Python,apache-2.0,Apache License 2.0,1,0,1,0,0,8.799999999999999,8.8 
GStreamer,GStreamer/gstreamer,1876,497,C,other,Other,29,0,0,22,0,nan,nan 
2ndQuadrant,2ndQuadrant/pglogical,835,143,C,other,Other,1,0,1,0,0,6.700000000000001,6.7 
npm,npm/arborist,370,77,JavaScript,other,Other,2,0,0,2,0,7.8,7.8 
yasm,yasm/yasm,1251,278,C,other,Other,33,0,0,0,0,5.605681818181816,7.8 
Z3Prover,Z3Prover/z3,9150,1416,C++,other,Other,1,0,0,0,0,7.799999999999999,7.8 
odoo,odoo/odoo,31429,20515,Python,other,Other,47,0,5,25,2,6.847058823529401,9.8 
AdaptiveScale,AdaptiveScale/lxdui,680,158,HTML,apache-2.0,Apache License 2.0,1,0,1,0,0,9.799999999999999,9.8 
openthread,openthread/wpantund,167,113,C++,apache-2.0,Apache License 2.0,2,0,0,1,1,5.871428571428571,6.8 
seopanel,seopanel/Seo-Panel,96,36,PHP,gpl-2.0,GNU General Public License v2.0,10,0,0,2,7,5.349462365591404,7.5 
IssabelFoundation,IssabelFoundation/issabelPBX,115,41,PHP,gpl-3.0,GNU General Public License v3.0,1,0,0,1,0,6.1000000000000005,6.1 
ACINQ,ACINQ/eclair,1182,275,Scala,apache-2.0,Apache License 2.0,2,0,1,1,0,8.450000000000003,9.4 
denoland,denoland/deno_std,2672,533,TypeScript,mit,MIT License,1,0,0,1,0,9.799999999999999,9.8 
apache,apache/velocity-engine,340,124,Java,apache-2.0,Apache License 2.0,1,0,1,0,0,8.8,8.8 
gaoming13,gaoming13/wechat-php-sdk,328,191,PHP,mit,MIT License,1,0,0,1,0,6.1,6.1 
wp-cli,wp-cli/wp-cli,4753,962,PHP,mit,MIT License,1,0,1,0,0,7.4,7.4 
careteditor,careteditor/releases-beta,42,6,,,,1,0,1,0,0,9.8,9.8 
mercurius-js,mercurius-js/mercurius,2233,236,JavaScript,mit,MIT License,1,0,0,1,0,7.5,7.5 
EnMasseProject,EnMasseProject/enmasse,190,90,Java,apache-2.0,Apache License 2.0,1,0,0,1,0,5.8999999999999995,5.9 
nextcloud,nextcloud/richdocuments,317,114,JavaScript,,,6,0,0,5,0,5.900000000000004,7.5 
ONLYOFFICE,ONLYOFFICE/server,171,196,JavaScript,agpl-3.0,GNU Affero General Public License v3.0,7,0,1,0,0,7.728571428571438,9.8 
d0x0,d0x0/Zyxel-NBG-418N-v2,0,0,,,,1,0,1,0,0,9.4,9.4 
airbrake,airbrake/airbrake-ruby,69,68,Ruby,mit,MIT License,1,0,0,1,0,9.799999999999999,9.8 
nrako,nrako/psnode,9,2,JavaScript,,,1,0,1,0,0,9.8,9.8 
GNOME,GNOME/file-roller,47,26,C,gpl-2.0,GNU General Public License v2.0,3,0,0,0,3,4.03846153846154,4.3 
doorkeeper-gem,doorkeeper-gem/doorkeeper-openid_connect,169,109,Ruby,mit,MIT License,1,0,0,1,0,6.1000000000000005,6.1 
xebd,xebd/accel-ppp,287,108,C,gpl-2.0,GNU General Public License v2.0,3,0,1,2,0,9.14285714285714,9.8 
matanui159,matanui159/ReplaySorcery,796,23,C,gpl-3.0,GNU General Public License v3.0,2,0,2,0,0,7.8,7.8 
klange,klange/toaruos,5729,473,C,ncsa,University of Illinois/NCSA Open Source License,8,0,5,1,0,7.022222222222228,8.8 
halo-dev,halo-dev/halo,29248,8989,Java,gpl-3.0,GNU General Public License v3.0,27,0,7,11,8,7.070370370370369,9.8 
microsoft,microsoft/vscode-npm-scripts,214,62,TypeScript,mit,MIT License,1,0,0,1,0,7.8,7.8 
FrontAccountingERP,FrontAccountingERP/FA,85,96,PHP,,,3,0,1,2,0,7.8307692307692305,9.8 
NginxProxyManager,NginxProxyManager/nginx-proxy-manager,16067,1903,JavaScript,mit,MIT License,4,0,0,1,1,8.288461538461542,9.8 
oivoodoo,oivoodoo/devise_masquerade,505,43,Ruby,mit,MIT License,1,0,0,1,0,8.099999999999998,8.1 
ansible-collections,ansible-collections/community.network,108,81,Python,other,Other,1,0,0,0,1,5.5,5.5 
anuraghazra,anuraghazra/github-readme-stats,60809,19246,JavaScript,mit,MIT License,1,0,0,1,0,6.1000000000000005,6.1 
LibreCAD,LibreCAD/LibreCAD,3742,928,C++,other,Other,5,0,1,3,0,7.255555555555558,8.8 
Jason2605,Jason2605/AdminPanel,32,35,PHP,gpl-3.0,GNU General Public License v3.0,1,0,1,0,0,9.799999999999999,9.8 
Foddy,Foddy/node-red-contrib-huemagic,200,68,HTML,apache-2.0,Apache License 2.0,2,0,0,1,0,7.5,7.5 
firecracker-microvm,firecracker-microvm/firecracker,22886,1642,Rust,apache-2.0,Apache License 2.0,3,0,1,2,0,7.733333333333334,9.8 
TeamAmaze,TeamAmaze/AmazeFileManager,4762,1491,Java,gpl-3.0,GNU General Public License v3.0,2,0,2,0,0,8.800000000000002,9.8 
vknabel,vknabel/vscode-swiftlint,17,2,TypeScript,mit,MIT License,1,0,0,1,0,7.8,7.8 
baijunyao,baijunyao/laravel-bjyblog,525,202,PHP,mit,MIT License,1,0,0,1,0,6.1000000000000005,6.1 
ShuaiJunlan,ShuaiJunlan/Autumn,99,79,Java,gpl-2.0,GNU General Public License v2.0,1,0,0,1,0,7.5,7.5 
MediaArea,MediaArea/MediaInfoLib,559,161,C++,bsd-2-clause,"BSD 2-Clause ""Simplified"" License",4,0,0,4,0,7.075000000000003,7.8 
AdoptOpenJDK,AdoptOpenJDK/IcedTea-Web,199,83,Java,other,Other,4,0,0,4,0,7.675000000000002,8.6 
apache,apache/pulsar,13288,3417,Java,apache-2.0,Apache License 2.0,12,0,1,1,0,7.139639639639634,9.8 
niteosoft,niteosoft/simplejobscript,38,27,TSQL,other,Other,3,0,3,0,0,9.799999999999999,9.8 
COVESA,COVESA/dlt-daemon,297,256,C,mpl-2.0,Mozilla Public License 2.0,3,0,0,1,0,7.5,7.5 
JayXon,JayXon/Leanify,801,77,C,mit,MIT License,2,0,1,1,0,8.080000000000002,9.8 
ceph,ceph/ceph-ansible,1614,1005,Python,apache-2.0,Apache License 2.0,2,0,1,0,1,7.15,8.8 
GoogleCloudPlatform,GoogleCloudPlatform/guest-oslogin,83,43,C++,apache-2.0,Apache License 2.0,3,0,0,3,0,7.799999999999999,7.8 
walmartlabs,walmartlabs/concord,181,99,Java,other,Other,1,0,0,1,0,7.5,7.5 
kbrw,kbrw/sweet_xml,346,56,Elixir,mit,MIT License,1,0,0,1,0,7.5,7.5 
istio,istio/istio.io,739,1492,HTML,apache-2.0,Apache License 2.0,1,0,0,1,0,7.5,7.5 
mirror,mirror/ncurses,365,87,C,other,Other,25,0,2,16,0,7.00047393364928,9.8 
sympa-community,sympa-community/sympa,220,82,Perl,gpl-2.0,GNU General Public License v2.0,13,0,4,8,0,nan,nan 
makandra,makandra/consul,314,34,Ruby,mit,MIT License,1,0,1,0,0,9.799999999999999,9.8 
chocolate-doom,chocolate-doom/chocolate-doom,1673,528,C,gpl-2.0,GNU General Public License v2.0,1,0,1,0,0,9.799999999999999,9.8 
chanzuckerberg,chanzuckerberg/czid-web,74,20,TypeScript,mit,MIT License,0,0,0,0,0,, 
gorhill,gorhill/uBlock,39492,2920,JavaScript,gpl-3.0,GNU General Public License v3.0,2,0,0,2,0,8.25,9.0 
nextcloud,nextcloud/officeonline,35,12,JavaScript,agpl-3.0,GNU Affero General Public License v3.0,1,0,0,1,0,5.3,5.3 
CTFd,CTFd/CTFd,4996,1890,Python,apache-2.0,Apache License 2.0,1,0,0,1,0,9.799999999999999,9.8 
InvoicePlane,InvoicePlane/InvoicePlane,2315,757,PHP,other,Other,10,0,0,7,2,6.165060240963862,8.8 
DevGroup-ru,DevGroup-ru/dotplant2,641,258,PHP,other,Other,1,0,0,1,0,7.5,7.5 
mmp,mmp/pbrt-v3,4759,1180,C++,bsd-2-clause,"BSD 2-Clause ""Simplified"" License",1,0,0,1,0,7.8,7.8 
time-rs,time-rs/time,895,248,Rust,apache-2.0,Apache License 2.0,1,0,0,0,1,5.299999999999999,5.3 
SpiderLabs,SpiderLabs/owasp-modsecurity-crs,2408,745,Perl,apache-2.0,Apache License 2.0,7,0,0,7,0,5.928571428571434,7.5 
RedisGraph,RedisGraph/RedisGraph,1921,232,C,other,Other,3,0,0,1,0,8.700000000000005,9.8 
dayrui,dayrui/xunruicms,19,2,PHP,mit,MIT License,5,0,0,0,1,6.375999999999998,9.8 
lexborisov,lexborisov/myhtml,1607,189,C,lgpl-2.1,GNU Lesser General Public License v2.1,1,0,0,1,0,6.5,6.5 
dyne,dyne/Tomb,1212,177,Shell,gpl-3.0,GNU General Public License v3.0,1,0,1,0,0,9.799999999999999,9.8 
brackeen,brackeen/ok-file-formats,102,15,C,mit,MIT License,14,0,0,14,0,8.036111111111117,8.8 
furlongm,furlongm/openvpn-monitor,903,283,Python,gpl-3.0,GNU General Public License v3.0,3,0,1,2,0,7.189655172413793,7.5 
NLnetLabs,NLnetLabs/routinator,390,75,Rust,bsd-3-clause,"BSD 3-Clause ""New"" or ""Revised"" License",8,0,0,5,0,7.357142857142857,7.5 
gdraheim,gdraheim/zziplib,55,45,Shell,other,Other,14,0,0,12,1,6.073529411764703,6.5 
BurntSushi,BurntSushi/ripgrep,40939,1793,Rust,unlicense,The Unlicense,1,0,1,0,0,9.799999999999999,9.8 
kyletimmermans,kyletimmermans/blackboard-xss,5,2,,,,1,0,0,0,1,5.4,5.4 
ralap-z,ralap-z/rpcms,4,1,PHP,,,5,0,0,0,1,6.093333333333334,8.8 
tuxera,tuxera/ntfs-3g,721,118,C,gpl-2.0,GNU General Public License v2.0,31,0,1,29,0,7.658775510204057,7.8 
trusteddomainproject,trusteddomainproject/OpenDMARC,85,47,C,other,Other,4,0,1,3,0,7.675000000000002,9.8 
mpdf,mpdf/mpdf,4119,1073,PHP,gpl-2.0,GNU General Public License v2.0,2,0,1,1,0,9.55,10.0 
eclipse,eclipse/kura,472,302,Java,epl-2.0,Eclipse Public License 2.0,4,0,1,3,0,6.975000000000003,9.8 
eclipse,eclipse/buildship,509,176,Java,,,1,0,0,1,0,8.099999999999998,8.1 
libyal,libyal/liblnk,172,34,C,lgpl-3.0,GNU Lesser General Public License v3.0,5,0,0,0,5,4.689473684210525,5.5 
ConradIrwin,ConradIrwin/em-imap,69,31,Ruby,mit,MIT License,1,0,0,1,0,7.400000000000001,7.4 
cisagov,cisagov/log4j-affected-db,1125,298,Shell,cc0-1.0,Creative Commons Zero v1.0 Universal,1,0,1,0,0,10.0,10.0 
jitsi,jitsi/jitsi-meet,20600,6353,TypeScript,apache-2.0,Apache License 2.0,3,0,0,3,0,7.033333333333331,7.5 
munkireport,munkireport/munkireport-php,386,172,PHP,mit,MIT License,10,0,0,8,2,6.7577464788732415,8.8 
RocketChat,RocketChat/Rocket.Chat.Electron,1530,662,TypeScript,mit,MIT License,1,0,0,1,0,7.5,7.5 
rabbitmq,rabbitmq/rabbitmq-server,11123,3915,Starlark,other,Other,19,0,1,10,6,nan,nan 
starkbank,starkbank/ecdsa-dotnet,42,20,C#,other,Other,1,0,1,0,0,9.799999999999999,9.8 
libxls,libxls/libxls,341,142,C,other,Other,1,0,0,1,0,6.5,6.5 
openshift,openshift/cluster-ingress-operator,67,176,Go,apache-2.0,Apache License 2.0,1,0,0,0,0,9.799999999999999,9.8 
line,line/centraldogma,559,119,Java,apache-2.0,Apache License 2.0,2,0,0,2,0,7.450000000000001,8.8 
bpmn-io,bpmn-io/min-dash,11,5,JavaScript,mit,MIT License,1,0,0,1,0,7.5,7.5 
pluxml,pluxml/PluXml,201,64,PHP,gpl-3.0,GNU General Public License v3.0,12,0,1,4,7,nan,nan 
amadvance,amadvance/advancecomp,194,23,C,gpl-3.0,GNU General Public License v3.0,5,0,0,4,0,7.349999999999999,7.8 
zulip,zulip/zulip-desktop,770,396,TypeScript,apache-2.0,Apache License 2.0,5,0,2,3,0,7.4200000000000115,9.8 
entropic-dev,entropic-dev/entropic,5313,166,JavaScript,apache-2.0,Apache License 2.0,1,0,0,1,0,5.299999999999999,5.3 
DFE-Digital,DFE-Digital/schools-experience,7,4,Ruby,mit,MIT License,1,0,0,1,0,6.1000000000000005,6.1 
jact,jact/openclinic,28,55,PHP,gpl-2.0,GNU General Public License v2.0,1,0,0,1,0,7.2,7.2 
belangeo,belangeo/pyo,1215,124,Python,lgpl-3.0,GNU Lesser General Public License v3.0,2,0,0,2,0,7.5,7.5 
openforis,openforis/arena,14,4,JavaScript,mit,MIT License,1,0,1,0,0,9.799999999999999,9.8 
bolt,bolt/core,510,154,PHP,mit,MIT License,16,0,0,14,0,nan,nan 
apache,apache/logging-log4j2,3182,1550,Java,apache-2.0,Apache License 2.0,13,0,5,7,0,8.230769230769221,10.0 
erlang,erlang/rebar3,1604,508,Erlang,apache-2.0,Apache License 2.0,2,0,1,1,0,9.273684210526318,9.8 
Juniper,Juniper/libslax,50,18,C,bsd-3-clause,"BSD 3-Clause ""New"" or ""Revised"" License",4,0,0,4,0,8.269230769230768,8.8 
concerto,concerto/concerto,388,142,Ruby,apache-2.0,Apache License 2.0,1,0,0,1,0,6.1,6.1 
hyperium,hyperium/http,1007,273,Rust,apache-2.0,Apache License 2.0,2,0,1,1,0,9.59090909090909,9.8 
GNOME,GNOME/gnome-font-viewer,17,8,C,gpl-2.0,GNU General Public License v2.0,1,0,0,1,0,5.5,5.5 
LLNL,LLNL/msr-safe,77,23,C,gpl-2.0,GNU General Public License v2.0,1,0,0,1,0,7.5,7.5 
maxmind,maxmind/libmaxminddb,847,231,C,apache-2.0,Apache License 2.0,1,0,0,1,0,6.5,6.5 
brancz,brancz/kube-rbac-proxy,492,166,Go,apache-2.0,Apache License 2.0,1,0,0,1,0,7.5,7.5 
percona,percona/pmm-managed,36,39,Go,agpl-3.0,GNU Affero General Public License v3.0,1,0,1,0,0,7.5,7.5 
containerbuildsystem,containerbuildsystem/osbs-client,39,46,Python,bsd-3-clause,"BSD 3-Clause ""New"" or ""Revised"" License",1,0,0,1,0,7.200000000000001,7.2 
microsoft,microsoft/qlib,12791,2216,Python,mit,MIT License,1,0,0,1,0,7.200000000000001,7.2 
ompl,ompl/ompl,1229,535,C++,other,Other,2,0,0,2,0,7.5,7.5 
bg5sbk,bg5sbk/MiniCMS,217,61,PHP,,,16,0,2,12,1,6.3999999999999995,9.8 
fkie-cad,fkie-cad/FACT_core,1106,217,Python,gpl-3.0,GNU General Public License v3.0,3,0,0,2,1,6.566666666666668,8.8 
zoujingli,zoujingli/ThinkAdmin,2090,821,PHP,mit,MIT License,7,0,1,4,0,7.960377358490566,9.8 
coreruleset,coreruleset/coreruleset,1748,315,Python,apache-2.0,Apache License 2.0,8,0,1,1,0,8.937499999999998,9.8 
yoshuawuyts,yoshuawuyts/miow,110,37,Rust,apache-2.0,Apache License 2.0,1,0,0,0,1,5.5,5.5 
JefferyHus,JefferyHus/es6-crawler-detect,88,29,JavaScript,mit,MIT License,1,0,0,1,0,7.5,7.5 
facebook,facebook/zstd,21166,2055,C,other,Other,4,0,0,1,2,6.4499999999999975,8.1 
archivesunleashed,archivesunleashed/graphpass,16,2,C,other,Other,1,0,1,0,0,9.799999999999999,9.8 
Alfresco,Alfresco/alfresco-android-app,61,96,Java,,,10,0,3,3,4,nan,nan 
moonjit,moonjit/moonjit,515,29,C,other,Other,1,0,0,1,0,9.099999999999998,9.1 
trippo,trippo/ResponsiveFilemanager,804,374,PHP,other,Other,21,0,3,14,0,7.4260606060606085,9.8 
xuzijia,xuzijia/blog,76,8,JavaScript,,,1,0,0,1,0,6.1,6.1 
tianocore,tianocore/edk2,3911,2222,C,other,Other,41,0,5,20,4,7.490243902439048,9.8 
WebThingsIO,WebThingsIO/gateway,2590,347,TypeScript,mpl-2.0,Mozilla Public License 2.0,0,0,0,0,0,, 
kata-containers,kata-containers/kata-containers,4108,925,Rust,apache-2.0,Apache License 2.0,3,0,1,0,1,7.83333333333333,8.8 
MidnightCommander,MidnightCommander/mc,2170,497,C,other,Other,2,0,0,2,0,nan,nan 
pi-hole,pi-hole/pi-hole,44895,2577,Shell,other,Other,13,0,4,7,2,7.299999999999989,8.8 
peacexie,peacexie/imcat,18,7,PHP,,,9,0,2,2,1,8.141176470588235,9.8 
hassio-addons,hassio-addons/addon-ssh,261,76,Jinja,mit,MIT License,1,0,0,1,0,8.799999999999999,8.8 
vivo-project,vivo-project/Vitro,86,86,Java,bsd-3-clause,"BSD 3-Clause ""New"" or ""Revised"" License",1,0,0,1,0,7.5,7.5 
antirez,antirez/kilo,6781,783,C,bsd-2-clause,"BSD 2-Clause ""Simplified"" License",2,0,0,1,0,7.5,7.5 
yunuscadirci,yunuscadirci/CallStranger,393,70,Python,mit,MIT License,1,0,1,0,0,7.5,7.5 
KasperskyLab,KasperskyLab/TinyCheck,2945,217,Python,,,3,0,1,2,0,8.700000000000001,9.8 
Strategy11,Strategy11/formidable-forms,53,30,PHP,,,1,0,0,1,0,9.599999999999998,9.6 
oauthjs,oauthjs/node-oauth2-server,3943,952,JavaScript,mit,MIT License,2,0,0,1,0,7.3,7.5 
Guake,Guake/guake,4273,620,Python,gpl-2.0,GNU General Public License v2.0,1,0,0,1,0,8.0,8.0 
jinzhu,jinzhu/gorm,616,183,Go,mit,MIT License,1,0,1,0,0,9.8,9.8 
quilljs,quilljs/quill,37356,3150,TypeScript,bsd-3-clause,"BSD 3-Clause ""New"" or ""Revised"" License",1,0,0,1,0,6.1000000000000005,6.1 
GNOME,GNOME/gdm,86,35,C,gpl-2.0,GNU General Public License v2.0,9,0,0,6,3,nan,nan 
containernetworking,containernetworking/cni,5081,1063,Go,apache-2.0,Apache License 2.0,1,0,0,1,0,7.2,7.2 
open-iscsi,open-iscsi/targetcli-fb,96,67,Python,apache-2.0,Apache License 2.0,2,0,1,0,1,6.937499999999999,7.8 
troglobit,troglobit/mini-snmpd,63,36,C,gpl-2.0,GNU General Public License v2.0,3,0,0,3,0,8.266666666666664,9.1 
thedevdojo,thedevdojo/voyager,11565,2684,PHP,mit,MIT License,0,0,0,0,0,, 
bitwarden,bitwarden/server,13505,1157,C#,other,Other,2,0,0,2,0,7.5,7.5 
nextcloud,nextcloud/mail,753,242,JavaScript,agpl-3.0,GNU Affero General Public License v3.0,12,0,0,5,1,5.591666666666662,9.8 
stevegraham,stevegraham/slanger,1700,207,Ruby,mit,MIT License,1,0,1,0,0,9.8,9.8 
ebkalderon,ebkalderon/renderdoc-rs,41,6,Rust,apache-2.0,Apache License 2.0,1,0,1,0,0,9.799999999999999,9.8 
camunda,camunda/camunda-modeler,1352,434,JavaScript,mit,MIT License,1,0,0,1,0,9.099999999999998,9.1 
aws,aws/aws-iot-device-sdk-js-v2,189,101,TypeScript,apache-2.0,Apache License 2.0,4,0,0,4,0,8.4,8.8 
leonhad,leonhad/pdftools,0,0,C++,lgpl-3.0,GNU Lesser General Public License v3.0,5,0,0,5,0,5.5,5.5 
duckduckgo,duckduckgo/iOS,1678,402,HTML,apache-2.0,Apache License 2.0,3,0,0,3,0,6.666666666666663,8.2 
ExpressionEngine,ExpressionEngine/ExpressionEngine,437,119,PHP,other,Other,9,0,1,6,1,nan,nan 
sysstat,sysstat/sysstat,2744,426,C,gpl-2.0,GNU General Public License v2.0,6,0,1,3,0,7.309433962264156,9.8 
gravitee-io,gravitee-io/gravitee-api-management,82,23,Java,apache-2.0,Apache License 2.0,2,0,0,0,0,7.349999999999999,8.6 
vscode-shellcheck,vscode-shellcheck/vscode-shellcheck,698,43,TypeScript,mit,MIT License,0,0,0,0,0,, 
DrPaulBrewer,DrPaulBrewer/cumulative-distribution-function,5,1,JavaScript,other,Other,1,0,0,1,0,7.5,7.5 
ARMmbed,ARMmbed/mbed-os,4469,2950,C,other,Other,9,0,5,4,0,9.055555555555554,9.8 
richardcochran,richardcochran/linuxptp,193,123,C,gpl-2.0,GNU General Public License v2.0,2,0,1,1,0,7.9499999999999975,8.8 
migtools,migtools/mig-controller,23,40,Go,apache-2.0,Apache License 2.0,0,0,0,0,0,, 
gdnsd,gdnsd/gdnsd,453,69,C,gpl-3.0,GNU General Public License v3.0,2,0,2,0,0,9.799999999999999,9.8 
KDE,KDE/kmail,60,15,C++,,,10,0,2,7,1,6.379999999999993,8.1 
slic3r,slic3r/Slic3r,3160,1303,C++,agpl-3.0,GNU Affero General Public License v3.0,2,0,0,2,0,5.5,5.5 
KDE,KDE/kio-extras,25,8,C++,,,1,0,0,0,1,3.3,3.3 
labapart,labapart/gattlib,407,156,C,,,2,0,1,1,0,9.085714285714284,9.8 
theforeman,theforeman/foreman-tasks,30,94,JavaScript,gpl-3.0,GNU General Public License v3.0,1,0,0,1,0,6.5,6.5 
contao,contao/core,500,223,PHP,lgpl-3.0,GNU Lesser General Public License v3.0,10,0,3,7,0,nan,nan 
ciur,ciur/papermerge,2089,228,Python,apache-2.0,Apache License 2.0,1,0,0,1,0,6.1000000000000005,6.1 
nokiatech,nokiatech/heif,1692,247,C++,other,Other,2,0,0,2,0,7.799999999999999,7.8 
nimble-code,nimble-code/Spin,308,123,C,other,Other,1,0,0,1,0,5.5,5.5 
nextcloud,nextcloud/desktop,2635,745,C++,gpl-2.0,GNU General Public License v2.0,47,0,2,21,11,5.710638297872344,9.8 
mapfish,mapfish/mapfish-print,183,417,Java,bsd-2-clause,"BSD 2-Clause ""Simplified"" License",2,0,0,2,0,7.599999999999999,9.1 
jazzband,jazzband/django-debug-toolbar,7673,1022,Python,bsd-3-clause,"BSD 3-Clause ""New"" or ""Revised"" License",1,0,1,0,0,9.799999999999999,9.8 
devspace-sh,devspace-sh/devspace,3828,335,Go,apache-2.0,Apache License 2.0,1,0,1,0,0,9.799999999999999,9.8 
kekingcn,kekingcn/kkFileView,9025,2421,Java,,,10,0,0,2,0,6.795833333333338,9.8 
simonmichael,simonmichael/hledger,2566,294,Haskell,gpl-3.0,GNU General Public License v3.0,1,0,0,0,0,5.3999999999999995,5.4 
chriswalz,chriswalz/bit,5991,111,Go,apache-2.0,Apache License 2.0,1,0,0,1,0,7.8,7.8 
Yubico,Yubico/yubikey-val,130,43,PHP,bsd-2-clause,"BSD 2-Clause ""Simplified"" License",2,0,0,2,0,8.11111111111111,8.6 
adobe,adobe/XMP-Toolkit-SDK,166,78,C++,bsd-3-clause,"BSD 3-Clause ""New"" or ""Revised"" License",23,0,13,8,1,nan,nan 
newbee-ltd,newbee-ltd/newbee-mall,10488,2628,Java,gpl-3.0,GNU General Public License v3.0,7,0,3,3,0,8.253846153846153,9.8 
citelao,citelao/Spotify-for-Alfred,646,20,PHP,other,Other,1,0,0,1,0,6.1,6.1 
Boolector,Boolector/boolector,288,54,SMT,other,Other,2,0,0,2,0,5.5,5.5 
PX4,PX4/PX4-Autopilot,7000,12795,C++,bsd-3-clause,"BSD 3-Clause ""New"" or ""Revised"" License",4,0,0,0,0,8.138709677419358,9.8 
xm-online,xm-online/xm-uaa,14,1,Java,apache-2.0,Apache License 2.0,1,0,1,0,0,9.799999999999999,9.8 
CrowCpp,CrowCpp/Crow,2305,258,C++,other,Other,6,0,0,2,0,8.01020408163266,9.8 
kube-reporting,kube-reporting/hive,0,13,Java,apache-2.0,Apache License 2.0,10,0,2,6,1,nan,nan 
tgp-top,tgp-top/D-Link-DIR-825,3,1,,,,2,0,2,0,0,9.3,9.8 
Icinga,Icinga/icinga2,1898,557,C++,gpl-3.0,GNU General Public License v3.0,20,0,2,17,1,nan,nan 
openwrt,openwrt/openwrt,16615,9233,C,other,Other,39,0,1,9,8,6.364102564102564,9.8 
starkbank,starkbank/ecdsa-node,34,23,JavaScript,mit,MIT License,1,0,1,0,0,9.799999999999999,9.8 
trentm,trentm/python-markdown2,2523,481,Python,other,Other,4,0,0,4,0,6.429411764705883,7.5 
grame-cncm,grame-cncm/faust,2293,305,C++,other,Other,3,0,1,1,0,7.092592592592592,9.8 
Zettlr,Zettlr/Zettlr,9093,573,TypeScript,gpl-3.0,GNU General Public License v3.0,3,0,0,2,0,5.899999999999998,6.1 
godotengine,godotengine/godot,77352,15722,C++,mit,MIT License,4,0,1,3,0,8.225000000000005,9.8 
LuaJIT,LuaJIT/LuaJIT,4124,889,C,other,Other,3,0,0,3,0,8.642857142857142,9.1 
status-im,status-im/react-native-desktop-qt,1195,88,JavaScript,,,0,0,0,0,0,, 
HardySimpson,HardySimpson/zlog,1944,648,C,apache-2.0,Apache License 2.0,1,0,0,1,0,7.5,7.5 
koel,koel/koel,15100,1906,PHP,mit,MIT License,1,0,0,1,0,7.5,7.5 
bagisto,bagisto/bagisto,8737,1885,PHP,mit,MIT License,4,0,0,2,0,8.670967741935488,8.8 
tokio-rs,tokio-rs/tokio,22652,2090,Rust,mit,MIT License,2,0,0,2,0,6.999999999999997,8.1 
truenas,truenas/middleware,2144,470,Python,lgpl-3.0,GNU Lesser General Public License v3.0,0,0,0,0,0,, 
svanderburg,svanderburg/libiff,55,20,C,mit,MIT License,1,0,0,1,0,8.8,8.8 
wkhtmltopdf,wkhtmltopdf/wkhtmltopdf,13467,1790,C++,lgpl-3.0,GNU Lesser General Public License v3.0,1,0,0,0,0,7.5,7.5 
glFusion,glFusion/glfusion,13,17,PHP,,,11,0,3,6,1,nan,nan 
GNOME,GNOME/libgda,35,15,C,other,Other,1,0,0,1,0,5.8999999999999995,5.9 
Samuel-Tyler,Samuel-Tyler/fast_ber,80,11,C++,bsl-1.0,Boost Software License 1.0,1,0,0,1,0,7.1,7.1 
tenable,tenable/routeros,819,385,C++,bsd-3-clause,"BSD 3-Clause ""New"" or ""Revised"" License",1,0,0,1,0,6.5,6.5 
github,github/vscode-codeql,378,204,TypeScript,mit,MIT License,1,0,0,1,0,7.799999999999999,7.8 
wtfutil,wtfutil/wtf,15138,803,Go,mpl-2.0,Mozilla Public License 2.0,1,0,0,0,1,5.5,5.5 
sartlabs,sartlabs/OSCE-Prep,2,3,Python,,,1,0,1,0,0,9.799999999999999,9.8 
cBioPortal,cBioPortal/cbioportal,495,385,Java,agpl-3.0,GNU Affero General Public License v3.0,1,0,0,1,0,7.5,7.5 
thinkjs,thinkjs/thinkjs,5309,636,JavaScript,mit,MIT License,1,0,1,0,0,9.799999999999999,9.8 
danfruehauf,danfruehauf/NetworkManager-ssh,230,35,C,other,Other,1,0,1,0,0,9.8,9.8 
memononen,memononen/nanosvg,1525,319,C,zlib,zlib License,1,0,0,1,0,6.5,6.5 
firebase,firebase/php-jwt,9001,1264,PHP,bsd-3-clause,"BSD 3-Clause ""New"" or ""Revised"" License",1,0,0,1,0,9.1,9.1 
mimblewimble,mimblewimble/grin,5009,1013,Rust,apache-2.0,Apache License 2.0,4,0,1,3,0,7.525,9.8 
lixin-wei,lixin-wei/HZNUOJ,59,11,JavaScript,gpl-3.0,GNU General Public License v3.0,0,0,0,0,0,, 
kata-containers,kata-containers/runtime,2114,402,Go,apache-2.0,Apache License 2.0,6,0,1,3,2,7.716666666666675,8.8 
canonical,canonical/microk8s,7781,748,Python,apache-2.0,Apache License 2.0,0,0,0,0,0,, 
pyrocms,pyrocms/pyrocms,3150,981,PHP,other,Other,4,0,0,2,0,6.817647058823529,9.0 
mackron,mackron/miniaudio,3258,272,C,other,Other,2,0,1,1,0,8.747368421052633,9.8 
NLnetLabs,NLnetLabs/nsd,358,97,C,bsd-3-clause,"BSD 3-Clause ""New"" or ""Revised"" License",5,0,2,2,1,nan,nan 
bigprof-software,bigprof-software/online-invoicing-system,42,50,PHP,mit,MIT License,7,0,0,3,2,6.8117647058823545,9.8 
philc,philc/vimium,21068,2417,JavaScript,mit,MIT License,1,0,0,0,0,6.1000000000000005,6.1 
openSUSE,openSUSE/libzypp,107,78,C++,other,Other,5,0,3,1,1,7.412244897959189,9.8 
mkucej,mkucej/i-librarian,98,39,PHP,,,6,0,2,4,0,8.157142857142867,10.0 
Geta,Geta/NestedObjectAssign,7,3,JavaScript,mit,MIT License,1,0,0,1,0,7.5,7.5 
openbmc,openbmc/openbmc,1511,845,Python,other,Other,6,0,1,0,0,7.75,10.0 
mhammond,mhammond/pywin32,4588,828,C++,,,1,0,0,1,0,6.5,6.5 
ProCheckUp,ProCheckUp/SafeScan,4,2,Python,,,2,0,1,1,0,8.65,9.8 
rust-lang,rust-lang/futures-rs,5037,587,Rust,apache-2.0,Apache License 2.0,4,0,1,0,3,5.875,7.8 
mozilla,mozilla/geckodriver,6783,1534,,mpl-2.0,Mozilla Public License 2.0,2,0,0,2,0,7.050000000000001,8.8 
meshery,meshery/meshery,3871,1286,Go,apache-2.0,Apache License 2.0,1,0,0,0,0,9.8,9.8 
openshift,openshift/origin-web-console,123,240,JavaScript,apache-2.0,Apache License 2.0,1,0,0,1,0,4.3,4.3 
slackhq,slackhq/nebula,12748,883,Go,mit,MIT License,1,0,1,0,0,8.799999999999999,8.8 
eclipse-ee4j,eclipse-ee4j/jersey,663,335,Java,other,Other,1,0,0,0,1,5.5,5.5 
olivierkes,olivierkes/manuskript,1579,213,Python,gpl-3.0,GNU General Public License v3.0,1,0,0,1,0,7.8,7.8 
JPressProjects,JPressProjects/jpress,2620,1179,JavaScript,lgpl-3.0,GNU Lesser General Public License v3.0,11,0,1,8,2,7.511111111111121,9.8 
vnotex,vnotex/vnote,10971,1152,C++,lgpl-3.0,GNU Lesser General Public License v3.0,0,0,0,0,0,, 
nextcloud,nextcloud/deck,1078,246,JavaScript,agpl-3.0,GNU Affero General Public License v3.0,11,0,0,9,1,nan,nan 
seccomp,seccomp/libseccomp,729,164,C,lgpl-2.1,GNU Lesser General Public License v2.1,1,0,1,0,0,9.799999999999999,9.8 
jenkinsci,jenkinsci/blueocean-plugin,2860,547,Java,mit,MIT License,11,0,0,8,2,6.268141592920351,8.8 
bigbluebutton,bigbluebutton/greenlight,747,3835,Ruby,lgpl-3.0,GNU Lesser General Public License v3.0,4,0,0,3,1,6.407692307692311,8.8 
lz4,lz4/lz4,8726,1343,C,other,Other,2,0,1,1,0,8.383333333333331,9.8 
udima-university,udima-university/moodle-mod_jitsi,39,34,PHP,gpl-3.0,GNU General Public License v3.0,1,0,0,1,0,6.1,6.1 
MacdonaldRobinson,MacdonaldRobinson/FlexDotnetCMS,46,7,C#,apache-2.0,Apache License 2.0,2,0,0,2,0,8.566666666666665,8.8 
gunet,gunet/openeclass,115,48,PHP,,,4,0,0,3,1,6.549999999999999,7.5 
classroombookings,classroombookings/classroombookings,150,41,PHP,agpl-3.0,GNU Affero General Public License v3.0,0,0,0,0,0,, 
drewnoakes,drewnoakes/metadata-extractor-dotnet,823,144,C#,other,Other,1,0,1,0,0,7.5,7.5 
Smashing,Smashing/smashing,3166,327,JavaScript,mit,MIT License,1,0,0,1,0,6.1,6.1 
eddy8,eddy8/LightCMS,341,88,PHP,apache-2.0,Apache License 2.0,4,0,1,0,2,7.096000000000001,9.8 
Tautulli,Tautulli/Tautulli,5098,588,Python,gpl-3.0,GNU General Public License v3.0,2,0,0,2,0,6.299999999999997,6.5 
wixtoolset,wixtoolset/wix3,2054,640,C#,other,Other,1,0,0,1,0,5.5,5.5 
cowboy,cowboy/node-getobject,31,10,JavaScript,mit,MIT License,1,0,1,0,0,9.8,9.8 
mailpoet,mailpoet/mailpoet,117,58,PHP,,,1,0,0,1,0,6.1000000000000005,6.1 
HubSpot,HubSpot/jinjava,639,195,Java,apache-2.0,Apache License 2.0,2,0,0,2,0,5.9,6.5 
chartjs,chartjs/Chart.js,62259,12004,JavaScript,mit,MIT License,1,0,0,1,0,9.799999999999999,9.8 
dmolsen,dmolsen/Detector,848,82,PHP,mit,MIT License,1,0,0,1,0,6.1000000000000005,6.1 
swaldman,swaldman/c3p0,1258,338,Java,other,Other,2,0,1,1,0,8.157142857142857,9.8 
qorelanguage,qorelanguage/qore,47,9,C++,gpl-2.0,GNU General Public License v2.0,1,0,0,1,0,5.8999999999999995,5.9 
noobaa,noobaa/noobaa-operator,94,98,Go,apache-2.0,Apache License 2.0,2,0,0,2,0,7.9499999999999975,8.8 
hashicorp,hashicorp/terraform-provider-vault,420,521,Go,mpl-2.0,Mozilla Public License 2.0,1,0,1,0,0,9.799999999999999,9.8 
google,google/sa360-webquery-bigquery,14,12,Java,apache-2.0,Apache License 2.0,1,0,0,0,1,5.5,5.5 
horde,horde/gollem,1,4,PHP,gpl-2.0,GNU General Public License v2.0,2,0,0,2,0,nan,nan 
python-babel,python-babel/babel,1205,432,Python,bsd-3-clause,"BSD 3-Clause ""New"" or ""Revised"" License",1,0,1,0,0,7.8,7.8 
tls-attacker,tls-attacker/TLS-Padding-Oracles,122,15,,,,0,0,0,0,0,, 
NanoHttpd,NanoHttpd/nanohttpd,6713,1728,Java,bsd-3-clause,"BSD 3-Clause ""New"" or ""Revised"" License",1,0,0,1,0,6.1000000000000005,6.1 
Wechat-Group,Wechat-Group/WxJava,28272,8374,Java,apache-2.0,Apache License 2.0,2,0,2,0,0,9.800000000000002,9.8 
zsh-users,zsh-users/zsh,3290,436,C,other,Other,11,0,7,3,1,nan,nan 
alwentiu,alwentiu/contact-tracing-research,3,0,,,,1,0,0,1,0,8.8,8.8 
mcepl,mcepl/M2Crypto,56,48,C,,,1,0,0,1,0,5.9,5.9 
ManageIQ,ManageIQ/manageiq,1308,891,Ruby,apache-2.0,Apache License 2.0,2,0,1,1,0,8.8,8.8 
zim-desktop-wiki,zim-desktop-wiki/zim-desktop-wiki,1780,354,Python,gpl-2.0,GNU General Public License v2.0,1,0,0,0,1,5.5,5.5 
LibreCAD,LibreCAD/libdxfrw,126,56,C,gpl-2.0,GNU General Public License v2.0,3,0,0,3,0,8.799999999999999,8.8 
bitwarden,bitwarden/jslib,130,140,TypeScript,gpl-3.0,GNU General Public License v3.0,1,0,0,1,0,7.5,7.5 
ansible-collections,ansible-collections/community.aws,173,383,Python,gpl-3.0,GNU General Public License v3.0,3,0,0,0,2,6.845454545454545,7.5 
robinvdvleuten,robinvdvleuten/shvl,73,13,JavaScript,mit,MIT License,1,0,1,0,0,9.799999999999999,9.8 
mosn,mosn/mosn,4279,796,Go,apache-2.0,Apache License 2.0,1,0,0,0,0,9.799999999999999,9.8 
assimp,assimp/assimp,9681,2748,C++,other,Other,3,0,0,1,0,6.933333333333337,8.8 
grandnode,grandnode/grandnode,1855,771,C#,other,Other,1,0,0,1,0,7.5,7.5 
diffplug,diffplug/spotless,3812,414,Java,apache-2.0,Apache License 2.0,2,0,0,2,0,6.7,7.5 
cksgf,cksgf/ServerManagement,556,197,Python,,,1,0,0,1,0,7.5,7.5 
faye,faye/faye-websocket-ruby,1011,100,Ruby,other,Other,1,0,0,1,0,8.7,8.7 
Snawoot,Snawoot/hisilicon-dvr-telnet,128,70,C,mit,MIT License,1,0,1,0,0,9.8,9.8 
nimble-code,nimble-code/Modex,16,1,C,,,2,0,0,2,0,5.5,5.5 
prisma,prisma/prisma,34638,1355,TypeScript,apache-2.0,Apache License 2.0,1,0,0,1,0,7.200000000000001,7.2 
libyal,libyal/libpff,257,72,C,lgpl-3.0,GNU Lesser General Public License v3.0,3,0,0,1,2,6.545454545454546,7.8 
wikimedia,wikimedia/mediawiki-extensions-CheckUser,15,12,PHP,gpl-2.0,GNU General Public License v2.0,3,0,0,3,0,nan,nan 
maccmspro,maccmspro/maccms10,634,123,PHP,apache-2.0,Apache License 2.0,1,0,0,1,0,6.1,6.1 
michaelrsweet,michaelrsweet/codedoc,38,4,C,apache-2.0,Apache License 2.0,1,0,0,1,0,7.8,7.8 
eclipse,eclipse/wakaama,467,361,C,bsd-3-clause,"BSD 3-Clause ""New"" or ""Revised"" License",2,0,0,2,0,7.5,7.5 
http-rs,http-rs/async-h1,153,40,Rust,apache-2.0,Apache License 2.0,2,0,0,2,0,7.118181818181816,7.5 
Mailtrain-org,Mailtrain-org/mailtrain,5357,714,JavaScript,gpl-3.0,GNU General Public License v3.0,1,0,0,1,0,8.799999999999999,8.8 
openstack,openstack/ironic-inspector,37,42,Python,,,1,0,0,1,0,9.099999999999998,9.1 
Amanieu,Amanieu/parking_lot,2361,181,Rust,apache-2.0,Apache License 2.0,5,0,0,0,5,4.859999999999999,5.5 
NagiosEnterprises,NagiosEnterprises/nrpe,238,129,C,gpl-2.0,GNU General Public License v2.0,2,0,0,1,1,7.4,7.5 
espressif,espressif/esp32-bt-lib,67,43,,apache-2.0,Apache License 2.0,5,0,1,0,4,6.960000000000003,8.8 
OpenRepeater,OpenRepeater/openrepeater,48,18,PHP,,,1,0,1,0,0,9.8,9.8 
XOOPS,XOOPS/XoopsCore25,69,60,PHP,gpl-2.0,GNU General Public License v2.0,5,0,0,2,2,6.160000000000004,9.0 
blacksmithgu,blacksmithgu/obsidian-dataview,5382,327,TypeScript,mit,MIT License,1,0,1,0,0,7.799999999999999,7.8 
Sama34,Sama34/OUGC-Feedback,0,0,PHP,gpl-3.0,GNU General Public License v3.0,1,0,0,1,0,6.1,6.1 
e7d,e7d/speedtest,211,62,JavaScript,mit,MIT License,1,0,0,1,0,5.3,5.3 
svaarala,svaarala/duktape,5712,538,JavaScript,mit,MIT License,1,0,0,1,0,5.5,5.5 
openshift,openshift/cluster-kube-apiserver-operator,66,154,Go,apache-2.0,Apache License 2.0,2,0,1,0,1,4.750000000000002,7.2 
rubygems,rubygems/bundler,4869,2098,Ruby,mit,MIT License,3,0,1,2,0,nan,nan 
ansible-collections,ansible-collections/community.general,675,1297,Python,gpl-3.0,GNU General Public License v3.0,2,0,0,0,2,5.5,5.5 
p11-glue,p11-glue/p11-kit,128,82,C,other,Other,3,0,0,3,0,6.766666666666666,7.5 
PelionIoT,PelionIoT/mbed-coap,29,16,C,apache-2.0,Apache License 2.0,0,0,0,0,0,, 
sakaiproject,sakaiproject/sakai,981,894,Java,ecl-2.0,Educational Community License v2.0,1,0,0,1,0,6.1000000000000005,6.1 
kaushikjadhav01,kaushikjadhav01/Online-Food-Ordering-Web-App,157,93,TSQL,mit,MIT License,1,0,0,1,0,9.1,9.1 
apache,apache/kafka,26183,13192,Java,apache-2.0,Apache License 2.0,6,0,0,5,0,6.983333333333332,8.8 
airesvsg,airesvsg/acf-to-rest-api,1311,116,PHP,,,1,0,0,1,0,7.5,7.5 
auth0,auth0/node-auth0,596,308,TypeScript,mit,MIT License,1,0,0,1,0,7.700000000000001,7.7 
jsdom,jsdom/jsdom,19348,1668,JavaScript,mit,MIT License,1,0,0,1,0,5.6000000000000005,5.6 
m4b,m4b/bingrep,1661,74,Rust,mit,MIT License,1,0,0,1,0,7.5,7.5 
opensource-table,opensource-table/reviews-module,0,0,JavaScript,,,1,0,1,0,0,9.799999999999999,9.8 
comelz,comelz/quark,10,7,Python,mit,MIT License,1,0,0,1,0,5.299999999999999,5.3 
opendistro-for-elasticsearch,opendistro-for-elasticsearch/alerting,278,80,Kotlin,apache-2.0,Apache License 2.0,1,0,0,1,0,7.1,7.1 
svgpp,svgpp/svgpp,501,126,C++,bsl-1.0,Boost Software License 1.0,4,0,1,3,0,8.753846153846153,9.8 
secdev,secdev/scapy,9445,1978,Python,gpl-2.0,GNU General Public License v2.0,1,0,0,1,0,7.5,7.5 
crossbeam-rs,crossbeam-rs/crossbeam,6455,421,Rust,apache-2.0,Apache License 2.0,5,0,2,2,1,9.1904761904762,9.8 
OpenGamePanel,OpenGamePanel/OGP-Website,121,100,JavaScript,gpl-2.0,GNU General Public License v2.0,1,0,1,0,0,8.8,8.8 
forkcms,forkcms/library,1,14,PHP,,,1,0,1,0,0,9.799999999999999,9.8 
jbenden,jbenden/vscode-c-cpp-flylint,126,26,TypeScript,mit,MIT License,1,0,0,1,0,7.8,7.8 
formers,formers/former,1334,207,PHP,,,1,0,0,1,0,6.1000000000000005,6.1 
ant-design,ant-design/ant-design-pro,35081,8098,TypeScript,mit,MIT License,1,0,0,1,0,6.1000000000000005,6.1 
domharrington,domharrington/node-gitlog,120,44,TypeScript,other,Other,1,0,1,0,0,9.799999999999999,9.8 
GNOME,GNOME/evolution,139,48,C,other,Other,18,0,5,10,3,nan,nan 
GNOME,GNOME/dia,327,94,C,gpl-2.0,GNU General Public License v2.0,1,0,0,1,0,5.5,5.5 
GStreamer,GStreamer/gst-plugins-bad,171,274,C,lgpl-2.1,GNU Lesser General Public License v2.1,1,0,1,0,0,9.799999999999999,9.8 
ecomfe,ecomfe/zrender,5814,1559,TypeScript,bsd-3-clause,"BSD 3-Clause ""New"" or ""Revised"" License",1,0,1,0,0,9.799999999999999,9.8 
openshift,openshift/builder,29,49,Go,apache-2.0,Apache License 2.0,1,0,0,1,0,8.799999999999999,8.8 
dkpro,dkpro/dkpro-core,197,71,Java,other,Other,1,0,0,1,0,7.5,7.5 
StackStorm,StackStorm/st2,5741,730,Python,apache-2.0,Apache License 2.0,6,0,2,1,1,6.766666666666664,8.8 
vmware,vmware/photon,2892,715,Python,other,Other,4,0,1,1,0,8.175000000000006,9.8 
home-assistant,home-assistant/plugin-dns,13,13,Go,apache-2.0,Apache License 2.0,1,0,0,1,0,7.5,7.5 
xanderfrangos,xanderfrangos/twinkle-tray,3934,135,JavaScript,mit,MIT License,1,0,1,0,0,9.799999999999999,9.8 
padrino,padrino/padrino-contrib,39,22,Ruby,mit,MIT License,1,0,0,1,0,6.1,6.1 
redpwn,redpwn/rctf,223,43,JavaScript,bsd-3-clause,"BSD 3-Clause ""New"" or ""Revised"" License",1,0,0,1,0,6.5,6.5 
shi-yang,shi-yang/jnoj,225,57,JavaScript,other,Other,6,0,0,6,0,6.94230769230769,8.8 
dtolnay,dtolnay/serde-yaml,839,117,Rust,apache-2.0,Apache License 2.0,1,0,0,1,0,6.5,6.5 
robertguetzkow,robertguetzkow/ets5-password-recovery,28,4,C#,mit,MIT License,2,0,0,0,2,7.15,8.8 
projectworldsofficial,projectworldsofficial/online-examination-systen-in-php,95,59,PHP,mit,MIT License,2,0,0,2,0,6.3,6.5 
hunspell,hunspell/hunspell,1881,220,C++,lgpl-2.1,GNU Lesser General Public License v2.1,1,0,0,1,0,6.5,6.5 
OpenAPITools,OpenAPITools/openapi-generator,18097,5749,Java,apache-2.0,Apache License 2.0,5,0,0,2,2,6.460000000000005,9.1 
diveshlunker,diveshlunker/BloodX,8,11,JavaScript,apache-2.0,Apache License 2.0,1,0,1,0,0,9.8,9.8 
antonreshetov,antonreshetov/massCode,2035,146,Vue,agpl-3.0,GNU Affero General Public License v3.0,1,0,0,1,0,6.1000000000000005,6.1 
Shopify,Shopify/quilt,1624,219,TypeScript,mit,MIT License,1,0,0,1,0,6.1000000000000005,6.1 
d0x0,d0x0/D-Link-DIR-615,1,0,,,,1,0,0,1,0,8.2,8.2 
liamg,liamg/gitjacker,1513,122,Go,unlicense,The Unlicense,1,0,1,0,0,9.8,9.8 
ladybirdweb,ladybirdweb/faveo-helpdesk,1073,542,PHP,osl-3.0,Open Software License 3.0,4,0,0,2,0,7.075000000000003,8.8 
KDE,KDE/okular,635,114,C++,,,2,0,0,2,0,5.382352941176469,5.5 
StefanoDeVuono,StefanoDeVuono/steghide,478,79,C++,gpl-2.0,GNU General Public License v2.0,1,0,0,1,0,7.5,7.5 
beakerbrowser,beakerbrowser/beaker,6717,603,JavaScript,mit,MIT License,2,0,1,1,0,8.4,10.0 
BloodHoundAD,BloodHoundAD/BloodHound,8909,1640,PowerShell,gpl-3.0,GNU General Public License v3.0,2,0,1,1,0,9.299999999999997,9.6 
JeremyCrookshank,JeremyCrookshank/IP_History_Logs,6,1,PHP,gpl-3.0,GNU General Public License v3.0,1,0,0,1,0,6.1000000000000005,6.1 
apache,apache/commons-beanutils,258,192,Java,apache-2.0,Apache License 2.0,1,0,1,0,0,7.3,7.3 
libyal,libyal/libfwsi,65,10,C,lgpl-3.0,GNU Lesser General Public License v3.0,1,0,0,0,1,3.3,3.3 
canonical,canonical/multipass,6739,609,C++,gpl-3.0,GNU General Public License v3.0,2,0,0,2,0,8.3,8.8 
jgarzik,jgarzik/univalue,54,129,C++,mit,MIT License,1,0,0,1,0,7.5,7.5 
thoughtbot,thoughtbot/clearance,3637,460,Ruby,mit,MIT License,1,0,0,1,0,6.1,6.1 
YOURLS,YOURLS/YOURLS,9695,1918,PHP,mit,MIT License,4,0,1,2,1,nan,nan 
dovecot,dovecot/pigeonhole,77,29,C,other,Other,1,0,1,0,0,9.799999999999999,9.8 
danpros,danpros/htmly,948,288,PHP,gpl-2.0,GNU General Public License v2.0,11,0,0,4,5,6.424175824175827,9.1 
madler,madler/unzip,30,13,C,other,Other,1,0,0,0,1,3.3,3.3 
crossbario,crossbario/autobahn-python,2444,808,Python,other,Other,1,0,0,1,0,6.1000000000000005,6.1 
lazyphp,lazyphp/PESCMS-TEAM,81,36,JavaScript,gpl-2.0,GNU General Public License v2.0,3,0,1,2,0,7.861904761904759,9.8 
fontforge,fontforge/libspiro,100,26,C,gpl-3.0,GNU General Public License v3.0,1,0,0,1,0,8.1,8.1 
SLMNBJ,SLMNBJ/selectize-plugin-a11y,7,6,JavaScript,mit,MIT License,1,0,0,1,0,6.099999999999999,6.1 
git-big-picture,git-big-picture/git-big-picture,520,81,Python,gpl-3.0,GNU General Public License v3.0,1,0,1,0,0,9.799999999999999,9.8 
glen-84,glen-84/vscode-sass-lint,16,1,TypeScript,,,1,0,0,1,0,8.8,8.8 
vorner,vorner/arc-swap,555,22,Rust,apache-2.0,Apache License 2.0,1,0,0,1,0,7.5,7.5 
oVirt,oVirt/ovirt-engine,448,253,Java,other,Other,26,0,0,18,7,nan,nan 
AppImageCommunity,AppImageCommunity/libappimage,42,29,C++,other,Other,0,0,0,0,0,, 
varun-suresh,varun-suresh/Clustering,133,41,Python,mit,MIT License,1,0,0,1,0,7.5,7.5 
eclipse-birt,eclipse-birt/birt,387,370,Java,epl-2.0,Eclipse Public License 2.0,0,0,0,0,0,, 
ZeroDream-CN,ZeroDream-CN/SakuraPanel,731,293,PHP,other,Other,1,0,0,1,0,6.1,6.1 
GStreamer,GStreamer/gst-rtsp-server,541,239,C,lgpl-2.1,GNU Lesser General Public License v2.1,1,0,0,1,0,7.5,7.5 
PSAppDeployToolkit,PSAppDeployToolkit/PSAppDeployToolkit,1510,395,PowerShell,lgpl-3.0,GNU Lesser General Public License v3.0,1,0,0,0,0,7.799999999999999,7.8 
simplcommerce,simplcommerce/SimplCommerce,4000,1489,C#,apache-2.0,Apache License 2.0,1,0,0,0,1,5.4,5.4 
libguestfs,libguestfs/libnbd,33,10,C,other,Other,3,0,1,1,0,5.76666666666667,9.8 
jenkinsci,jenkinsci/workflow-remote-loader-plugin,88,1,Java,mit,MIT License,1,0,0,1,0,9.9,9.9 
folio-org,folio-org/raml-module-builder,22,22,JavaScript,apache-2.0,Apache License 2.0,1,0,1,0,0,9.799999999999999,9.8 
adriano-di-giovanni,adriano-di-giovanni/node-df,15,15,JavaScript,,,1,0,1,0,0,9.8,9.8 
baijunyao,baijunyao/thinkphp-bjyblog,423,229,PHP,apache-2.0,Apache License 2.0,1,0,0,1,0,6.1,6.1 
Connections-Business-Directory,Connections-Business-Directory/Connections,25,17,PHP,gpl-2.0,GNU General Public License v2.0,3,0,0,1,1,6.066666666666667,8.0 
twbs,twbs/bootstrap-sass,12639,3619,SCSS,mit,MIT License,1,0,1,0,0,9.8,9.8 
Seagate,Seagate/cortx-s3server,36,87,C++,apache-2.0,Apache License 2.0,1,0,0,1,0,7.5,7.5 
rclone,rclone/rclone,41061,3758,Go,mit,MIT License,2,0,0,2,0,7.5,7.5 
xiph,xiph/speex,385,151,C,other,Other,2,0,0,2,0,5.5,5.5 
mongodb-js,mongodb-js/vscode,292,48,TypeScript,apache-2.0,Apache License 2.0,1,0,0,0,1,5.5,5.5 
Saibamen,Saibamen/HotelManager,49,24,PHP,mit,MIT License,1,0,0,0,0,5.3999999999999995,5.4 
mxgbr,mxgbr/jocms,38,17,JavaScript,lgpl-2.1,GNU Lesser General Public License v2.1,4,0,0,0,0,8.700000000000001,9.1 
isomorphic-git,isomorphic-git/isomorphic-git,7086,353,JavaScript,mit,MIT License,1,0,0,1,0,5.3,5.3 
apache,apache/nutch,2705,1235,Java,apache-2.0,Apache License 2.0,2,0,1,1,0,9.449999999999998,9.8 
pgaudit,pgaudit/set_user,52,21,C,other,Other,2,0,2,0,0,9.799999999999999,9.8 
sirdude,sirdude/gurbalib,25,20,C,,,1,0,0,1,0,7.5,7.5 
Sama34,Sama34/OUGC-Awards,8,7,PHP,gpl-3.0,GNU General Public License v3.0,1,0,0,0,1,4.799999999999999,4.8 
cardgate,cardgate/woocommerce,3,2,PHP,,,2,0,0,2,0,8.1,8.1 
GNOME,GNOME/gupnp,21,13,C,lgpl-2.1,GNU Lesser General Public License v2.1,1,0,0,1,0,8.099999999999998,8.1 
leozide,leozide/leocad,2266,202,C++,,,1,0,0,1,0,5.5,5.5 
friendica,friendica/friendica,1263,324,PHP,agpl-3.0,GNU Affero General Public License v3.0,2,0,1,1,0,8.75,10.0 
zyx0814,zyx0814/dzzoffice,3761,807,PHP,agpl-3.0,GNU Affero General Public License v3.0,6,0,0,2,2,6.242857142857143,8.8 
tendenci,tendenci/tendenci,466,193,Python,other,Other,1,0,1,0,0,9.799999999999999,9.8 
kata-containers,kata-containers/agent,239,113,Go,apache-2.0,Apache License 2.0,1,0,0,1,0,6.299999999999999,6.3 
erusev,erusev/parsedown,14497,1143,PHP,mit,MIT License,2,0,0,2,0,7.099999999999999,8.1 
YourAcclaim,YourAcclaim/block_acclaim,4,5,PHP,mit,MIT License,1,0,1,0,0,9.799999999999999,9.8 
Sylius,Sylius/Grid,9,6,PHP,mit,MIT License,1,0,0,0,1,4.799999999999999,4.8 
coralproject,coralproject/talk,1851,372,TypeScript,other,Other,1,0,0,1,0,7.5,7.5 
lightningnetwork,lightningnetwork/lnd,7227,1995,Go,mit,MIT License,6,0,1,3,0,7.650000000000001,9.8 
samnabi,samnabi/shopkit,99,15,PHP,other,Other,1,0,0,1,0,6.099999999999999,6.1 
korzio,korzio/djv,285,31,JavaScript,mit,MIT License,1,0,1,0,0,9.8,9.8 
GNOME,GNOME/evolution-ews,57,20,C,lgpl-2.1,GNU Lesser General Public License v2.1,1,0,0,1,0,8.1,8.1 
ec-,ec-/Quake3e,1052,134,C,gpl-2.0,GNU General Public License v2.0,1,0,1,0,0,9.799999999999999,9.8 
hughsie,hughsie/colord,63,45,C,gpl-2.0,GNU General Public License v2.0,1,0,0,0,0,7.5,7.5 
gnuplot,gnuplot/gnuplot,281,80,C,other,Other,5,0,1,4,0,nan,nan 
erxes,erxes/erxes,3266,1070,TypeScript,other,Other,1,0,0,0,0,9.599999999999998,9.6 
jberger,jberger/Galileo,166,38,JavaScript,,,1,0,0,1,0,6.1000000000000005,6.1 
radsecproxy,radsecproxy/radsecproxy,63,30,C,other,Other,2,0,1,1,0,nan,nan 
crmeb,crmeb/CRMEB,4323,1206,Vue,apache-2.0,Apache License 2.0,9,0,2,0,0,8.25789473684211,9.8 
nyeholt,nyeholt/silverstripe-advancedreports,13,7,PHP,bsd-3-clause,"BSD 3-Clause ""New"" or ""Revised"" License",1,0,0,1,0,6.1,6.1 
pkubowicz,pkubowicz/opendetex,217,36,Lex,other,Other,1,0,0,1,0,7.8,7.8 
kuba--,kuba--/zip,1244,287,C,mit,MIT License,1,0,0,1,0,5.5,5.5 
manolo,manolo/gwtupload,50,56,Java,other,Other,1,0,0,1,0,7.5,7.5 
AkashRajpurohit,AkashRajpurohit/clipper,46,11,JavaScript,mit,MIT License,1,0,1,0,0,9.8,9.8 
d8ahazard,d8ahazard/FlexTV,213,32,PHP,other,Other,1,0,0,1,0,6.1000000000000005,6.1 
emoncms,emoncms/emoncms,1156,512,PHP,agpl-3.0,GNU Affero General Public License v3.0,4,0,0,2,1,5.831250000000001,6.1 
NVIDIA-Genomics-Research,NVIDIA-Genomics-Research/GenomeWorks,267,76,Cuda,apache-2.0,Apache License 2.0,0,0,0,0,0,, 
kubernetes-csi,kubernetes-csi/external-snapshotter,388,344,Go,apache-2.0,Apache License 2.0,2,0,0,2,0,6.5,6.5 
mozilla-mobile,mozilla-mobile/mozilla-vpn-client,377,109,C++,other,Other,4,0,1,0,0,7.6750000000000025,9.8 
kindsoft,kindsoft/kindeditor,1874,651,JavaScript,lgpl-2.1,GNU Lesser General Public License v2.1,3,0,0,3,0,5.65,6.1 
marktext,marktext/marktext,42279,3214,JavaScript,mit,MIT License,5,0,0,4,1,8.640000000000004,9.6 
steedos,steedos/steedos-platform,1153,336,JavaScript,agpl-3.0,GNU Affero General Public License v3.0,1,0,0,1,0,8.799999999999999,8.8 
bassjobsen,bassjobsen/Bootstrap-3-Typeahead,1683,1356,JavaScript,,,1,0,0,1,0,6.1,6.1 
gravitational,gravitational/teleport,15337,1605,Go,agpl-3.0,GNU Affero General Public License v3.0,5,0,1,2,0,7.380000000000003,9.8 
miguelgrinberg,miguelgrinberg/python-engineio,219,178,Python,mit,MIT License,1,0,0,1,0,8.799999999999999,8.8 
grafana,grafana/loki,20497,3018,Go,agpl-3.0,GNU Affero General Public License v3.0,1,0,0,1,0,5.299999999999999,5.3 
ntpsec,ntpsec/ntpsec,224,37,C,other,Other,6,0,0,5,0,7.683333333333327,9.1 
Lekensteyn,Lekensteyn/dmg2img,179,34,C,gpl-2.0,GNU General Public License v2.0,1,0,0,1,0,7.1,7.1 
eventespresso,eventespresso/event-espresso-core,120,88,PHP,gpl-3.0,GNU General Public License v3.0,1,0,0,1,0,6.1000000000000005,6.1 
ibus,ibus/ibus,798,166,C,lgpl-2.1,GNU Lesser General Public License v2.1,2,0,0,0,2,nan,nan 
ipfs-inactive,ipfs-inactive/blog,98,57,CSS,mit,MIT License,0,0,0,0,0,, 
xm-online,xm-online/xm-commons,17,4,Java,apache-2.0,Apache License 2.0,1,0,1,0,0,9.799999999999999,9.8 
FreeCAD,FreeCAD/FreeCAD,15639,3507,C++,lgpl-2.1,GNU Lesser General Public License v2.1,1,0,0,1,0,7.799999999999999,7.8 
JordanKnott,JordanKnott/taskcafe,3904,325,TypeScript,mit,MIT License,1,0,0,1,0,7.5,7.5 
theforeman,theforeman/smart_proxy_shellhooks,0,6,Ruby,gpl-3.0,GNU General Public License v3.0,1,0,0,0,1,6.1,6.1 
lilypond,lilypond/lilypond,443,64,C++,other,Other,4,0,2,1,0,9.250000000000009,9.8 
scratchfoundation,scratchfoundation/scratch-vm,1122,1341,JavaScript,agpl-3.0,GNU Affero General Public License v3.0,0,0,0,0,0,, 
symbiote,symbiote/silverstripe-queuedjobs,57,74,PHP,bsd-3-clause,"BSD 3-Clause ""New"" or ""Revised"" License",1,0,0,1,0,6.099999999999999,6.1 
docker,docker/docker-ce,5678,1557,Go,apache-2.0,Apache License 2.0,1,0,0,1,0,6.0,6.0 
nmap,nmap/npcap,2696,509,C,other,Other,1,0,1,0,0,7.799999999999999,7.8 
Boolector,Boolector/btor2tools,29,18,C,other,Other,1,0,0,1,0,5.5,5.5 
slims,slims/slims9_bulian,151,130,PHP,gpl-3.0,GNU General Public License v3.0,19,0,0,5,1,7.45652173913043,9.8 
darconeous,darconeous/libnyoci,28,10,C,other,Other,1,0,0,1,0,7.5,7.5 
FastReports,FastReports/FastReport,2423,552,C#,mit,MIT License,1,0,1,0,0,9.8,9.8 
ectouch,ectouch/ectouch,235,115,PHP,,,1,0,1,0,0,9.8,9.8 
cactus,cactus/go-camo,236,45,Go,mit,MIT License,2,0,1,1,0,7.9499999999999975,9.8 
examknow,examknow/MH-WikiBot,0,2,Python,gpl-3.0,GNU General Public License v3.0,1,0,0,1,0,6.5,6.5 
minvws,minvws/nl-covid19-notification-app-coordination,78,20,HTML,eupl-1.2,European Union Public License 1.2,1,0,0,0,1,5.700000000000001,5.7 
ps2homebrew,ps2homebrew/wLaunchELF,415,42,C,other,Other,0,0,0,0,0,, 
dataarts,dataarts/dat.gui,7086,1128,JavaScript,apache-2.0,Apache License 2.0,1,0,0,1,0,7.5,7.5 
Nitrokey,Nitrokey/nitrokey-fido-u2f-firmware,20,3,C,other,Other,1,0,0,1,0,9.799999999999999,9.8 
netbox-community,netbox-community/netbox,13421,2268,Python,apache-2.0,Apache License 2.0,20,0,0,0,1,5.5849999999999955,9.1 
bmuschko,bmuschko/gradle-vagrant-plugin,48,11,Groovy,apache-2.0,Apache License 2.0,1,0,0,0,1,6.5,6.5 
pinterest,pinterest/ktlint,5781,495,Kotlin,mit,MIT License,1,0,1,0,0,8.099999999999998,8.1 
os-autoinst,os-autoinst/openQA,291,195,Perl,gpl-2.0,GNU General Public License v2.0,1,0,0,1,0,6.1000000000000005,6.1 
mooltipass,mooltipass/moolticute,128,65,C,gpl-3.0,GNU General Public License v3.0,2,0,0,2,0,6.833333333333333,7.5 
chillzhuang,chillzhuang/SpringBlade,6207,1338,PLpgSQL,apache-2.0,Apache License 2.0,5,0,2,0,0,8.799999999999999,9.8 
celery,celery/django-celery-results,611,193,Python,other,Other,1,0,0,1,0,7.5,7.5 
bitovi,bitovi/launchpad,45,55,JavaScript,mit,MIT License,1,0,1,0,0,9.8,9.8 
kiali,kiali/kiali-operator,64,110,Shell,apache-2.0,Apache License 2.0,1,0,0,1,0,8.799999999999999,8.8 
shevek,shevek/libspf2,36,28,C,,,2,0,2,0,0,9.799999999999999,9.8 
awslabs,awslabs/sockeye,1192,332,Python,apache-2.0,Apache License 2.0,1,0,0,1,0,7.8,7.8 
SAP,SAP/cloud-sdk-js,149,46,HTML,apache-2.0,Apache License 2.0,1,0,0,0,1,5.8999999999999995,5.9 
QuickBox,QuickBox/QB,732,175,JavaScript,gpl-3.0,GNU General Public License v3.0,4,0,3,1,0,7.250000000000001,8.8 
scullyio,scullyio/scully,2543,259,TypeScript,mit,MIT License,1,0,0,1,0,6.099999999999999,6.1 
23andMe,23andMe/Yamale,602,87,Python,mit,MIT License,1,0,1,0,0,7.8,7.8 
Yubico,Yubico/yubihsm-shell,75,50,C,apache-2.0,Apache License 2.0,4,0,0,2,2,5.5000000000000036,7.5 
shekyan,shekyan/slowhttptest,1408,294,C++,apache-2.0,Apache License 2.0,3,0,0,3,0,7.5,7.5 
marc-q,marc-q/libwav,7,4,C,gpl-3.0,GNU General Public License v3.0,2,0,0,2,0,7.0,7.5 
NICMx,NICMx/FORT-validator,45,17,C,mit,MIT License,1,0,0,1,0,7.5,7.5 
globalpayments,globalpayments/php-sdk,43,63,PHP,gpl-2.0,GNU General Public License v2.0,1,0,0,1,0,5.8999999999999995,5.9 
enzo1982,enzo1982/mp4v2,103,35,C++,other,Other,16,0,2,5,0,7.331428571428575,9.8 
fluxbb,fluxbb/fluxbb,498,178,PHP,gpl-2.0,GNU General Public License v2.0,4,0,3,1,0,nan,nan 
cyrusimap,cyrusimap/cyrus-sasl,114,138,C,other,Other,2,0,0,2,0,7.716666666666666,8.8 
lingthio,lingthio/Flask-User,1033,297,Python,mit,MIT License,1,0,0,1,0,6.1000000000000005,6.1 
FISCO-BCOS,FISCO-BCOS/FISCO-BCOS,2209,696,Shell,apache-2.0,Apache License 2.0,5,0,0,5,0,7.5,7.5 
eclipse,eclipse/che,6879,1217,TypeScript,epl-2.0,Eclipse Public License 2.0,4,0,0,4,0,7.700000000000003,8.8 
AU-COVIDSafe,AU-COVIDSafe/mobile-android,359,144,Kotlin,other,Other,7,0,1,4,2,6.941935483870971,9.8 
DataDog,DataDog/datadog-api-client-java,44,30,Java,apache-2.0,Apache License 2.0,1,0,0,1,0,3.3,3.3 
electerm,electerm/electerm,9462,864,JavaScript,mit,MIT License,1,0,0,0,0,9.799999999999999,9.8 
unoconv,unoconv/unoconv,2457,405,Python,gpl-2.0,GNU General Public License v2.0,1,0,0,1,0,7.5,7.5 
zonetti,zonetti/zonote,312,27,JavaScript,mit,MIT License,1,0,0,0,1,9.0,9.0 
theforeman,theforeman/foreman_azure_rm,8,21,JavaScript,gpl-3.0,GNU General Public License v3.0,1,0,0,1,0,6.299999999999999,6.3 
KDE,KDE/discover,75,25,C++,,,1,0,0,1,0,7.5,7.5 
blackducksoftware,blackducksoftware/hub-rest-api-python,83,97,Python,apache-2.0,Apache License 2.0,1,0,0,1,0,7.5,7.5 
geonetwork,geonetwork/core-geonetwork,379,464,Java,gpl-2.0,GNU General Public License v2.0,1,0,0,0,0,7.200000000000001,7.2 
maistra,maistra/istio-operator,94,108,Go,apache-2.0,Apache License 2.0,1,0,0,1,0,8.799999999999999,8.8 
filecoin-project,filecoin-project/lotus,2697,1317,Go,other,Other,1,0,0,1,0,7.5,7.5 
ovn-org,ovn-org/ovn-kubernetes,631,320,Go,apache-2.0,Apache License 2.0,2,0,0,2,0,7.349999999999999,9.1 
3MFConsortium,3MFConsortium/lib3mf,201,84,C++,bsd-2-clause,"BSD 2-Clause ""Simplified"" License",1,0,0,1,0,8.1,8.1 
valeriangalliat,valeriangalliat/markdown-it-highlightjs,50,29,TypeScript,unlicense,The Unlicense,1,0,0,1,0,6.1,6.1 
diez,diez/diez,1213,65,TypeScript,other,Other,1,0,0,1,0,7.0,7.0 
auth0,auth0/wordpress,137,96,PHP,mit,MIT License,0,0,0,0,0,, 
coderedcorp,coderedcorp/coderedcms,628,124,Python,other,Other,1,0,0,0,0,6.5,6.5 
livecode,livecode/livecode,463,224,C++,other,Other,1,0,0,1,0,7.799999999999999,7.8 
RIPE-NCC,RIPE-NCC/rpki-validator-3,60,30,Java,other,Other,3,0,0,3,0,8.0,9.1 
bokanrb,bokanrb/CVE-2021-27403,12,0,,,,0,0,0,0,0,, 
typestack,typestack/class-validator,9981,733,TypeScript,mit,MIT License,1,0,1,0,0,9.799999999999999,9.8 
WeBankPartners,WeBankPartners/wecube-platform,337,80,Java,apache-2.0,Apache License 2.0,3,0,1,1,0,7.163636363636365,9.8 
refined-github,refined-github/refined-github,22091,1499,TypeScript,mit,MIT License,0,0,0,0,0,, 
orangehrm,orangehrm/orangehrm,650,491,PHP,gpl-3.0,GNU General Public License v3.0,18,0,1,14,3,nan,nan 
tsl0922,tsl0922/ttyd,6756,792,C,mit,MIT License,1,0,0,0,0,9.799999999999999,9.8 
lynndylanhurley,lynndylanhurley/devise_token_auth,3482,1137,Ruby,wtfpl,Do What The F*ck You Want To Public License,1,0,0,1,0,6.1000000000000005,6.1 
archerysec,archerysec/archerysec,2142,511,JavaScript,gpl-3.0,GNU General Public License v3.0,1,0,0,0,1,5.3999999999999995,5.4 
the-tcpdump-group,the-tcpdump-group/tcpslice,60,22,C,,,1,0,0,1,0,5.5,5.5 
langhsu,langhsu/mblog,512,226,Java,gpl-3.0,GNU General Public License v3.0,1,0,0,0,0,7.8,7.8 
gpertea,gpertea/gclib,29,14,C++,other,Other,1,0,0,1,0,8.799999999999999,8.8 
CroatiaControlLtd,CroatiaControlLtd/asterix,150,81,C++,gpl-2.0,GNU General Public License v2.0,1,0,0,1,0,9.1,9.1 
xpleaf,xpleaf/Blog_mini,984,486,Python,other,Other,1,0,0,1,0,6.1,6.1 
vpoliakov01,vpoliakov01/FlashLingo,0,0,JavaScript,,,0,0,0,0,0,, 
azkaban,azkaban/azkaban,4339,1582,Java,apache-2.0,Apache License 2.0,1,0,1,0,0,9.799999999999999,9.8 
lxinet,lxinet/jeesns,424,218,JavaScript,other,Other,0,0,0,0,0,, 
zstackio,zstackio/zstack,1231,390,Java,apache-2.0,Apache License 2.0,2,0,0,2,0,8.999999999999998,9.9 
Debian,Debian/apt,493,190,,other,Other,1,0,0,1,0,5.5,5.5 
KBNLresearch,KBNLresearch/digger,0,1,Python,gpl-3.0,GNU General Public License v3.0,1,0,0,1,0,9.1,9.1 
deprecrated,deprecrated/net2-rs,104,67,Rust,apache-2.0,Apache License 2.0,2,0,0,0,2,5.5,5.5 
kubevirt,kubevirt/containerized-data-importer,349,236,Go,apache-2.0,Apache License 2.0,2,0,0,2,0,6.649999999999999,6.8 
Azure,Azure/ms-rest-nodeauth,32,36,TypeScript,mit,MIT License,1,0,0,1,0,7.799999999999999,7.8 
CWRUChielLab,CWRUChielLab/CASAuth,11,5,PHP,,,1,0,0,1,0,7.5,7.5 
mybatis,mybatis/mybatis-3,19026,12599,Java,apache-2.0,Apache License 2.0,2,0,0,1,0,8.950000000000001,9.8 
sahellebusch,sahellebusch/flattenizer,5,1,TypeScript,mit,MIT License,1,0,1,0,0,9.8,9.8 
GilaCMS,GilaCMS/gila,45,15,JavaScript,bsd-3-clause,"BSD 3-Clause ""New"" or ""Revised"" License",18,0,1,12,3,6.8761589403973495,9.1 
NetEase,NetEase/pomelo,11815,2934,JavaScript,mit,MIT License,1,0,0,1,0,5.3,5.3 
fcitx,fcitx/fcitx5,1194,101,C++,,,1,0,0,0,0,7.5,7.5 
HangfireIO,HangfireIO/Hangfire,8652,1632,C#,other,Other,1,0,0,1,0,7.5,7.5 
bigpresh,bigpresh/Dancer-Plugin-SimpleCRUD,24,31,Perl,,,1,0,0,1,0,6.5,6.5 
MartDevelopers-Inc,MartDevelopers-Inc/Order_Processing_MIS,4,0,PHP,mit,MIT License,2,0,0,2,0,5.669230769230769,6.1 
ElementsProject,ElementsProject/lightning,2665,858,C,other,Other,2,0,1,1,0,8.450000000000003,9.4 
usvn,usvn/usvn,167,73,PHP,,,6,0,2,4,0,nan,nan 
eclipse-cyclonedds,eclipse-cyclonedds/cyclonedds,698,305,C,other,Other,2,0,0,2,0,7.5,7.5 
catchpoint,catchpoint/WebPageTest,2983,713,JavaScript,other,Other,0,0,0,0,0,, 
intrinsic-propensity,intrinsic-propensity/turing-machine,75,5,Python,,,1,0,1,0,0,7.799999999999999,7.8 
rust-ammonia,rust-ammonia/ammonia,403,36,Rust,apache-2.0,Apache License 2.0,2,0,0,2,0,6.836842105263155,7.5 
basecamp,basecamp/marginalia,1690,156,Ruby,mit,MIT License,1,0,1,0,0,9.799999999999999,9.8 
mongodb,mongodb/mongo-tools,952,345,Go,other,Other,1,0,0,1,0,6.5,6.5 
NeoFrag,NeoFrag/NeoFrag,99,47,PHP,lgpl-3.0,GNU Lesser General Public License v3.0,1,0,0,0,0,4.8,4.8 
snapcore,snapcore/snapcraft,1111,455,Python,gpl-3.0,GNU General Public License v3.0,1,0,0,1,0,6.799999999999999,6.8 
tridactyl,tridactyl/tridactyl,4646,384,TypeScript,other,Other,1,0,0,1,0,7.5,7.5 
calamares,calamares/calamares,1213,351,C++,,,2,0,0,2,0,7.8,8.1 
lh3,lh3/bwa,1361,546,C,gpl-3.0,GNU General Public License v3.0,1,0,1,0,0,9.8,9.8 
openstack,openstack/octavia,160,146,Python,apache-2.0,Apache License 2.0,3,0,0,3,0,8.199999999999998,9.1 
awesomemotive,awesomemotive/all-in-one-seo-pack,322,214,JavaScript,,,0,0,0,0,0,, 
alibaba,alibaba/Sentinel,21543,7828,Java,apache-2.0,Apache License 2.0,1,0,0,1,0,7.5,7.5 
anonaddy,anonaddy/anonaddy,2581,149,PHP,agpl-3.0,GNU Affero General Public License v3.0,1,0,1,0,0,9.799999999999999,9.8 
lukeed,lukeed/dset,726,24,JavaScript,mit,MIT License,2,0,1,1,0,8.525,9.8 
rcmaehl,rcmaehl/MSEdgeRedirect,2856,66,AutoIt,lgpl-3.0,GNU Lesser General Public License v3.0,1,0,1,0,0,8.799999999999999,8.8 
apache,apache/jackrabbit-oak,365,384,Java,apache-2.0,Apache License 2.0,1,0,0,1,0,7.5,7.5 
skoranga,skoranga/node-connection-tester,5,9,JavaScript,mit,MIT License,1,0,1,0,0,9.8,9.8 
magicblack,magicblack/maccms10,1781,653,PHP,other,Other,22,0,3,11,5,6.662804878048786,9.8 
falcosecurity,falcosecurity/falco,6442,833,C++,apache-2.0,Apache License 2.0,2,0,0,1,1,6.649999999999999,7.8 
nameko,nameko/nameko,4602,499,Python,apache-2.0,Apache License 2.0,1,0,0,1,0,7.8,7.8 
r-dbi,r-dbi/RMySQL,205,111,C,,,1,0,1,0,0,9.8,9.8 
vknabel,vknabel/vscode-apple-swift-format,19,5,TypeScript,mit,MIT License,1,0,0,1,0,7.8,7.8 
jbaines-r7,jbaines-r7/badblood,89,27,Python,bsd-3-clause,"BSD 3-Clause ""New"" or ""Revised"" License",1,0,1,0,0,9.8,9.8 
haiwen,haiwen/seafile-server,427,213,C,other,Other,1,0,0,1,0,5.8999999999999995,5.9 
ethereum,ethereum/aleth,3953,2326,C++,gpl-3.0,GNU General Public License v3.0,2,0,0,2,0,7.666666666666665,8.1 
streamaserver,streamaserver/streama,9438,1011,JavaScript,mit,MIT License,1,0,0,1,0,8.799999999999999,8.8 
bminor,bminor/newlib,184,77,C,,,9,0,1,8,0,6.866666666666662,9.8 
ckeditor,ckeditor/ckeditor5,7669,3500,Rich Text Format,other,Other,4,0,0,2,0,5.949999999999996,6.5 
tinyobjloader,tinyobjloader/tinyobjloader,3017,585,C++,other,Other,1,0,0,1,0,8.8,8.8 
d0x0,d0x0/D-Link-DIR-600M,0,2,Ruby,,,1,0,1,0,0,9.8,9.8 
ahmadawais,ahmadawais/Debug-Meta-Data,2,0,PHP,gpl-2.0,GNU General Public License v2.0,0,0,0,0,0,, 
gobby,gobby/gobby,558,60,C++,isc,ISC License,1,0,0,1,0,7.5,7.5 
libretro,libretro/RetroArch,8540,1652,C,gpl-3.0,GNU General Public License v3.0,1,0,0,1,0,7.799999999999999,7.8 
aaPanel,aaPanel/aaPanel,1572,560,Python,other,Other,4,0,1,3,0,7.9416666666666655,8.8 
Sigil-Ebook,Sigil-Ebook/flightcrew,33,11,C++,gpl-3.0,GNU General Public License v3.0,2,0,0,2,0,7.1428571428571415,7.8 
bitcoin-abe,bitcoin-abe/bitcoin-abe,967,658,Python,agpl-3.0,GNU Affero General Public License v3.0,1,0,0,1,0,6.1,6.1 
ZerBea,ZerBea/hcxtools,1756,377,C,mit,MIT License,1,0,0,1,0,7.799999999999999,7.8 
CESNET,CESNET/proxystatistics-simplesamlphp-module,0,7,PHP,bsd-2-clause,"BSD 2-Clause ""Simplified"" License",1,0,1,0,0,9.8,9.8 
Motion-Project,Motion-Project/motion,3445,551,C,gpl-3.0,GNU General Public License v3.0,1,0,0,1,0,7.5,7.5 
puppetlabs,puppetlabs/marionette-collective,2,4,Ruby,apache-2.0,Apache License 2.0,2,0,2,0,0,9.800000000000002,9.8 
USBGuard,USBGuard/usbguard,1004,133,C++,gpl-2.0,GNU General Public License v2.0,1,0,0,1,0,7.799999999999999,7.8 
ceph,ceph/civetweb,9,32,C,other,Other,1,0,0,1,0,7.5,7.5 
vknabel,vknabel/vscode-swiftformat,28,3,TypeScript,mit,MIT License,1,0,0,1,0,7.8,7.8 
cloudwu,cloudwu/rudp,393,140,C,,,1,0,0,1,0,7.5,7.5 
2sic,2sic/2sxc,137,36,C#,mit,MIT License,1,0,0,1,0,6.1000000000000005,6.1 
PlaceOS,PlaceOS/auth,2,1,Ruby,,,1,0,0,1,0,6.1000000000000005,6.1 
axel-download-accelerator,axel-download-accelerator/axel,2657,257,C,gpl-2.0,GNU General Public License v2.0,1,0,0,1,0,5.8999999999999995,5.9 
theforeman,theforeman/smart_proxy_openscap,3,24,Ruby,gpl-3.0,GNU General Public License v3.0,1,0,0,0,1,6.1000000000000005,6.1 
taoensso,taoensso/sente,1714,198,Clojure,other,Other,0,0,0,0,0,, 
kelektiv,kelektiv/node.bcrypt.js,7118,538,C++,mit,MIT License,1,0,0,1,0,7.5,7.5 
rpm-software-management,rpm-software-management/librepo,70,85,C,lgpl-2.1,GNU Lesser General Public License v2.1,1,0,1,0,0,8.0,8.0 
aria2,aria2/aria2,31799,3355,C++,gpl-2.0,GNU General Public License v2.0,1,0,0,0,1,7.8,7.8 
google,google/data-transfer-project,3520,494,Java,apache-2.0,Apache License 2.0,1,0,0,0,1,5.5,5.5 
paseto-toolkit,paseto-toolkit/jpaseto,62,15,Java,apache-2.0,Apache License 2.0,1,0,0,1,0,7.5,7.5 
vcftools,vcftools/vcftools,443,148,C++,lgpl-3.0,GNU Lesser General Public License v3.0,4,0,0,4,0,7.307142857142856,7.8 
thephpleague,thephpleague/commonmark,2556,194,PHP,bsd-3-clause,"BSD 3-Clause ""New"" or ""Revised"" License",2,0,0,2,0,6.099999999999998,6.1 
python-hyper,python-hyper/hpack,70,31,Python,mit,MIT License,1,0,1,0,0,7.5,7.5 
FusionAuth,FusionAuth/fusionauth-jwt,149,42,Java,apache-2.0,Apache License 2.0,0,0,0,0,0,, 
paintballrefjosh,paintballrefjosh/MaNGOSWebV4,31,48,PHP,gpl-3.0,GNU General Public License v3.0,6,0,0,6,0,6.100000000000002,6.1 
MaharaProject,MaharaProject/mahara-mobile-cordova,7,7,JavaScript,gpl-3.0,GNU General Public License v3.0,0,0,0,0,0,, 
openstack,openstack/murano,109,64,Python,,,1,0,1,0,0,9.799999999999999,9.8 
hucmosin,hucmosin/MyBook,0,0,,,,1,0,0,1,0,9.8,9.8 
LibreHealthIO,LibreHealthIO/lh-ehr,214,251,PHP,other,Other,22,0,2,18,2,7.247340425531886,9.0 
Kunena,Kunena/Kunena-Forum,1753,837,PHP,gpl-3.0,GNU General Public License v3.0,6,0,2,3,1,nan,nan 
libyal,libyal/libfsntfs,157,46,C,lgpl-3.0,GNU Lesser General Public License v3.0,5,0,0,0,5,5.5,5.5 
jasonjoh,jasonjoh/php-calendar,56,40,PHP,other,Other,1,0,0,1,0,6.1,6.1 
OpenSID,OpenSID/OpenSID,942,971,PHP,other,Other,3,0,1,2,0,9.009090909090911,9.8 
flack,flack/openpsa,25,17,PHP,,,2,0,1,1,0,8.3625,9.8 
horde,horde/Image,2,7,PHP,lgpl-2.1,GNU Lesser General Public License v2.1,2,0,0,2,0,8.216666666666665,8.8 
blueimp,blueimp/jQuery-File-Upload,30990,8153,PHP,mit,MIT License,2,0,2,0,0,9.799999999999999,9.8 
MindscapeHQ,MindscapeHQ/raygun4wordpress,5,8,PHP,mit,MIT License,2,0,0,2,0,6.1,6.1 
runelite,runelite/runelite,4333,4994,Java,bsd-2-clause,"BSD 2-Clause ""Simplified"" License",1,0,0,1,0,9.0,9.0 
cygwin,cygwin/cygwin,260,42,C,gpl-2.0,GNU General Public License v2.0,2,0,1,1,0,8.65,9.8 
mwarning,mwarning/KadNode,396,72,C,mit,MIT License,1,0,0,1,0,8.799999999999999,8.8 
gchq,gchq/stroom,412,56,Java,apache-2.0,Apache License 2.0,2,0,1,1,0,8.049999999999997,10.0 
google,google/google-api-cpp-client,298,115,C++,apache-2.0,Apache License 2.0,1,0,0,1,0,8.6,8.6 
ben-strasser,ben-strasser/fast-cpp-csv-parser,1964,427,C++,bsd-3-clause,"BSD 3-Clause ""New"" or ""Revised"" License",1,0,1,0,0,9.8,9.8 
deluge-torrent,deluge-torrent/deluge,1421,330,Python,other,Other,3,0,1,1,0,8.233333333333333,9.8 
tass-belgium,tass-belgium/picotcp,1094,207,C,other,Other,1,0,1,0,0,9.799999999999999,9.8 
felx,felx/nimbus-jose-jwt,25,19,Java,apache-2.0,Apache License 2.0,1,0,0,1,0,7.5,7.5 
nabby27,nabby27/CMS,1,1,PHP,gpl-3.0,GNU General Public License v3.0,4,0,2,0,2,7.299999999999998,9.8 
orion-rs,orion-rs/orion,528,30,Rust,mit,MIT License,0,0,0,0,0,, 
sociomantic-tsunami,sociomantic-tsunami/git-hub,127,46,Python,gpl-3.0,GNU General Public License v3.0,2,0,1,1,0,9.338461538461537,9.8 
mhart,mhart/StringStream,27,13,JavaScript,mit,MIT License,1,0,0,1,0,6.5,6.5 
http-party,http-party/node-http-proxy,13543,1963,JavaScript,other,Other,0,0,0,0,0,, 
arvidn,arvidn/libtorrent,4773,1000,C++,other,Other,3,0,0,3,0,6.833333333333333,7.5 
jansol,jansol/LuPng,26,2,C,mit,MIT License,3,0,0,3,0,8.799999999999999,8.8 
OCSInventory-NG,OCSInventory-NG/OCSInventory-Server,313,131,Perl,gpl-2.0,GNU General Public License v2.0,7,0,1,6,0,nan,nan 
mate-desktop,mate-desktop/mate-screensaver,43,37,C,gpl-2.0,GNU General Public License v2.0,1,0,0,0,1,6.1000000000000005,6.1 
raydac,raydac/netbeans-mmd-plugin,372,43,Java,apache-2.0,Apache License 2.0,1,0,0,1,0,7.799999999999999,7.8 
swagger-api,swagger-api/swagger-parser,710,540,Java,apache-2.0,Apache License 2.0,2,0,0,2,0,8.799999999999999,8.8 
sbpp,sbpp/sourcebans-pp,309,173,PHP,cc-by-sa-4.0,Creative Commons Attribution Share Alike 4.0 International,1,0,0,1,0,6.1000000000000005,6.1 
JabRef,JabRef/jabref,3181,2260,Java,mit,MIT License,1,0,1,0,0,10.0,10.0 
sindresorhus,sindresorhus/decamelize,230,27,JavaScript,mit,MIT License,1,0,0,1,0,7.5,7.5 
pgobject,pgobject/PGObject-Util-DBAdmin,1,4,Perl,,,0,0,0,0,0,, 
eventum,eventum/eventum,152,56,PHP,gpl-2.0,GNU General Public License v2.0,12,0,2,10,0,6.9355769230769315,9.8 
NancyFx,NancyFx/Nancy,7169,1505,C#,mit,MIT License,1,0,1,0,0,9.8,9.8 
fedora-infra,fedora-infra/bodhi,145,190,Python,gpl-2.0,GNU General Public License v2.0,2,0,0,1,0,6.099999999999998,6.1 
apache,apache/fineract,1041,1356,Java,apache-2.0,Apache License 2.0,13,0,3,6,0,7.983333333333328,9.8 
restify,restify/node-restify,10671,1026,JavaScript,mit,MIT License,1,0,0,1,0,6.1000000000000005,6.1 
Ysurac,Ysurac/FlightAirMap,481,154,TSQL,agpl-3.0,GNU Affero General Public License v3.0,2,0,0,2,0,6.1000000000000005,6.1 
ysrc,ysrc/xunfeng,3447,1308,Python,gpl-3.0,GNU General Public License v3.0,2,0,0,2,0,7.0,8.0 
tarantool,tarantool/msgpuck,22,11,C,bsd-2-clause,"BSD 2-Clause ""Simplified"" License",1,0,0,1,0,7.5,7.5 
apache,apache/qpid-broker-j,55,48,Java,apache-2.0,Apache License 2.0,8,0,1,7,0,7.587499999999997,9.8 
narkisr,narkisr/nmap4j,74,56,Java,other,Other,1,0,1,0,0,9.8,9.8 
TritonDataCenter,TritonDataCenter/node-http-signature,404,121,JavaScript,mit,MIT License,0,0,0,0,0,, 
ansilove,ansilove/libansilove,52,11,C,bsd-2-clause,"BSD 2-Clause ""Simplified"" License",1,0,0,1,0,6.5,6.5 
home-assistant,home-assistant/core,63963,25505,Python,apache-2.0,Apache License 2.0,10,0,0,0,0,8.036263736263736,10.0 
emarref,emarref/jwt,92,16,PHP,mit,MIT License,1,0,0,1,0,7.5,7.5 
JPCERTCC,JPCERTCC/LogonTracer,2492,448,Python,other,Other,4,0,2,2,0,8.624999999999998,9.8 
postfixadmin,postfixadmin/postfixadmin,903,260,PHP,other,Other,1,0,0,0,1,2.6999999999999997,2.7 
lota,lota/phamm,19,24,PHP,gpl-2.0,GNU General Public License v2.0,1,0,0,1,0,6.099999999999999,6.1 
ARM-software,ARM-software/arm-trusted-firmware,1720,1274,C,other,Other,7,0,0,6,0,6.957142857142855,8.1 
Macil,Macil/browserify-hmr,374,26,JavaScript,mit,MIT License,1,0,0,1,0,7.5,7.5 
domainmod,domainmod/domainmod,408,95,PHP,gpl-3.0,GNU General Public License v3.0,22,0,1,6,15,6.263448275862064,9.8 
xtr4nge,xtr4nge/FruityWifi,2138,515,PHP,gpl-3.0,GNU General Public License v3.0,1,0,1,0,0,9.8,9.8 
shy2850,shy2850/node-server,88,24,JavaScript,bsd-3-clause,"BSD 3-Clause ""New"" or ""Revised"" License",1,0,0,1,0,7.5,7.5 
tjko,tjko/jpegoptim,1442,114,C,gpl-3.0,GNU General Public License v3.0,3,0,0,2,0,7.525,8.8 
tarantool,tarantool/tarantool,3257,367,Lua,other,Other,1,0,1,0,0,7.5,7.5 
ladjs,ladjs/superagent,16437,1353,JavaScript,mit,MIT License,0,0,0,0,0,, 
FasterXML,FasterXML/jackson-modules-java8,388,155,Java,apache-2.0,Apache License 2.0,1,0,0,1,0,6.5,6.5 
ethereum,ethereum/ethereumj,2143,1083,Java,lgpl-3.0,GNU Lesser General Public License v3.0,1,0,1,0,0,9.8,9.8 
hashicorp,hashicorp/packer,14670,3365,Go,other,Other,1,0,0,1,0,5.299999999999999,5.3 
spring-projects,spring-projects/spring-data-commons,723,641,Java,apache-2.0,Apache License 2.0,3,0,1,2,0,8.266666666666667,9.8 
DSB,DSB/MySQLDumper,170,107,PHP,,,1,0,0,1,0,6.1,6.1 
libconfuse,libconfuse/libconfuse,446,112,C,isc,ISC License,1,0,0,0,0,8.799999999999999,8.8 
wso2-extensions,wso2-extensions/identity-inbound-auth-oauth,21,355,Java,apache-2.0,Apache License 2.0,1,0,0,0,1,5.3999999999999995,5.4 
open-iscsi,open-iscsi/open-iscsi,474,237,C,gpl-2.0,GNU General Public License v2.0,1,0,0,1,0,7.799999999999999,7.8 
openSUSE,openSUSE/obs-service-tar_scm,32,105,Python,gpl-2.0,GNU General Public License v2.0,2,0,1,1,0,8.650000000000002,9.8 
rspamd,rspamd/rspamd,1844,369,C,other,Other,0,0,0,0,0,, 
TokTok,TokTok/c-toxcore,2057,279,C,gpl-3.0,GNU General Public License v3.0,3,0,1,2,0,8.385714285714286,9.8 
kontena,kontena/kontena,1472,131,Ruby,apache-2.0,Apache License 2.0,1,0,0,1,0,6.1000000000000005,6.1 
logisim-evolution,logisim-evolution/logisim-evolution,3827,515,Java,gpl-3.0,GNU General Public License v3.0,0,0,0,0,0,, 
VictorAlagwu,VictorAlagwu/CMSsite,20,7,JavaScript,mit,MIT License,2,0,0,1,1,5.7,7.5 
bitwarden,bitwarden/clients,7484,986,TypeScript,other,Other,4,0,0,0,0,6.899999999999999,7.5 
ledger,ledger/ledger,4869,488,C++,other,Other,4,0,0,4,0,7.800000000000006,7.8 
DanWin,DanWin/hosting,333,125,PHP,gpl-3.0,GNU General Public License v3.0,1,0,0,1,0,8.799999999999999,8.8 
RMerl,RMerl/asuswrt-merlin,6712,1090,,other,Other,3,0,2,1,0,8.46666666666667,9.8 
bitcoinknots,bitcoinknots/bitcoin,158,57,C++,mit,MIT License,5,0,0,2,2,6.400000000000002,7.5 
structured-data,structured-data/linter,84,16,Ruby,unlicense,The Unlicense,1,0,0,1,0,7.5,7.5 
canonical,canonical/ubuntu-image-legacy,85,45,Python,gpl-3.0,GNU General Public License v3.0,0,0,0,0,0,, 
villagedefrance,villagedefrance/OpenCart-Overclocked,30,21,PHP,other,Other,1,0,0,1,0,6.1,6.1 
redaxo,redaxo/redaxo,312,117,PHP,other,Other,8,0,3,4,1,nan,nan 
GNOME,GNOME/evolution-data-server,22,17,C,other,Other,1,0,0,1,0,9.799999999999999,9.8 
michaelrsweet,michaelrsweet/mxml,404,148,C,apache-2.0,Apache License 2.0,8,0,2,6,0,6.2898305084745765,8.8 
brave,brave/browser-laptop,7968,1060,JavaScript,other,Other,3,0,0,3,0,6.233333333333334,7.5 
rhymix,rhymix/rhymix,213,115,PHP,gpl-2.0,GNU General Public License v2.0,2,0,0,1,1,6.9499999999999975,9.1 
swiftmailer,swiftmailer/swiftmailer,9591,881,PHP,mit,MIT License,1,0,1,0,0,9.799999999999999,9.8 
twistlock,twistlock/authz,237,79,Go,apache-2.0,Apache License 2.0,1,0,0,1,0,7.5,7.5 
rs,rs/cors,2449,214,Go,mit,MIT License,1,0,0,1,0,5.9,5.9 
eclipse-rdf4j,eclipse-rdf4j/rdf4j,332,160,Java,bsd-3-clause,"BSD 3-Clause ""New"" or ""Revised"" License",0,0,0,0,0,, 
armadito,armadito/armadito-windows-driver,11,6,C,ms-pl,Microsoft Public License,1,0,0,1,0,3.3,3.3 
apache,apache/zookeeper,11630,7127,Java,apache-2.0,Apache License 2.0,5,0,0,4,0,7.614893617021281,9.1 
home-assistant,home-assistant/frontend,3339,2278,TypeScript,other,Other,0,0,0,0,0,, 
BigNerd95,BigNerd95/Chimay-Red,639,225,Python,,,1,0,0,0,0,9.8,9.8 
gpg,gpg/libksba,5,2,C,other,Other,7,0,0,5,0,7.776000000000002,9.8 
projectatomic,projectatomic/oci-register-machine,19,16,Go,apache-2.0,Apache License 2.0,1,0,0,0,1,3.3000000000000003,3.3 
zikula,zikula/core,237,73,JavaScript,lgpl-3.0,GNU Lesser General Public License v3.0,11,0,2,8,1,nan,nan 
kubernetes,kubernetes/dashboard,13190,4034,Go,apache-2.0,Apache License 2.0,1,0,0,1,0,7.5,7.5 
rra,rra/remctl,23,14,C,other,Other,1,0,0,1,0,7.200000000000001,7.2 
Orc,Orc/discount,828,159,C,other,Other,4,0,0,4,0,5.5,5.5 
jbeder,jbeder/yaml-cpp,4458,1684,C++,mit,MIT License,6,0,0,6,0,6.384615384615385,7.5 
tboothman,tboothman/imdbphp,241,82,PHP,,,1,0,0,1,0,6.1,6.1 
alterebro,alterebro/WeaselCMS,13,4,PHP,mit,MIT License,5,0,1,3,1,8.149999999999999,9.8 
payatu,payatu/QuickHeal,15,9,,gpl-3.0,GNU General Public License v3.0,1,0,1,0,0,9.8,9.8 
Yoast,Yoast/wordpress-seo,1672,888,JavaScript,other,Other,9,0,1,3,2,6.133333333333326,9.8 
frostwire,frostwire/frostwire,448,156,Java,gpl-3.0,GNU General Public License v3.0,1,0,0,1,0,9.0,9.0 
marshmallow-code,marshmallow-code/marshmallow,6715,635,Python,mit,MIT License,1,0,0,1,0,5.3,5.3 
intel,intel/openlldp,47,42,C,other,Other,1,0,0,0,1,4.3,4.3 
knik0,knik0/faac,157,57,C,other,Other,6,0,0,6,0,5.5,5.5 
OISF,OISF/libhtp,273,110,C++,bsd-3-clause,"BSD 3-Clause ""New"" or ""Revised"" License",3,0,1,2,0,6.476470588235292,9.8 
FasterXML,FasterXML/jackson-dataformat-xml,545,211,Java,apache-2.0,Apache License 2.0,2,0,1,1,0,9.199999999999998,9.8 
BigBadaboom,BigBadaboom/androidsvg,1138,224,HTML,apache-2.0,Apache License 2.0,1,0,0,1,0,7.799999999999999,7.8 
libical,libical/libical,279,97,C,other,Other,6,0,0,6,0,6.473913043478262,9.1 
inikep,inikep/lizard,625,42,C,other,Other,2,0,0,2,0,7.725,7.8 
appc,appc/docker2aci,186,61,Go,apache-2.0,Apache License 2.0,2,0,0,1,1,4.75,5.5 
chef,chef/mixlib-archive,4,8,Ruby,apache-2.0,Apache License 2.0,1,0,0,1,0,7.5,7.5 
kazu-yamamoto,kazu-yamamoto/pgpdump,161,36,C,bsd-3-clause,"BSD 3-Clause ""New"" or ""Revised"" License",1,0,1,0,0,7.5,7.5 
zendesk,zendesk/samlr,30,12,Ruby,apache-2.0,Apache License 2.0,1,0,0,1,0,7.5,7.5 
gentoo,gentoo/kde,90,65,Shell,,,1,0,1,0,0,7.799999999999999,7.8 
apache,apache/mesos,5137,1696,C++,apache-2.0,Apache License 2.0,6,0,1,5,0,7.283333333333331,7.8 
python-hyper,python-hyper/priority,30,11,Python,mit,MIT License,1,0,0,1,0,7.5,7.5 
juliangruber,juliangruber/brace-expansion,176,35,JavaScript,other,Other,1,0,0,1,0,7.5,7.5 
psi-im,psi-im/iris,48,28,C++,lgpl-2.1,GNU Lesser General Public License v2.1,1,0,0,1,0,5.9,5.9 
puppetlabs,puppetlabs/puppetlabs-apache,366,1088,Puppet,apache-2.0,Apache License 2.0,1,0,0,1,0,7.5,7.5 
TheFirstQuestion,TheFirstQuestion/HelpMeWatchWho,1,0,PHP,,,1,0,0,1,0,6.1,6.1 
Bedework,Bedework/bw-calendar-engine,11,8,Java,apache-2.0,Apache License 2.0,1,0,0,1,0,9.0,9.0 
blackducksoftware,blackducksoftware/ohcount,253,73,Ragel,gpl-2.0,GNU General Public License v2.0,1,0,1,0,0,9.8,9.8 
apache,apache/logging-log4net,774,310,C#,apache-2.0,Apache License 2.0,1,0,1,0,0,9.8,9.8 
libyal,libyal/libfsclfs,20,6,C,lgpl-3.0,GNU Lesser General Public License v3.0,1,0,0,1,0,6.5,6.5 
phpLiteAdmin,phpLiteAdmin/pla,161,37,PHP,,,2,0,0,2,0,nan,nan 
rsyslog,rsyslog/librelp,28,33,C,gpl-3.0,GNU General Public License v3.0,1,0,1,0,0,9.799999999999999,9.8 
f-secure-foundry,f-secure-foundry/tenshi,48,14,Perl,other,Other,0,0,0,0,0,, 
dotclear,dotclear/dotclear,35,20,PHP,agpl-3.0,GNU Affero General Public License v3.0,19,0,2,13,4,nan,nan 
openstack,openstack/puppet-tripleo,45,51,Puppet,,,1,0,0,1,0,7.5,7.5 
mazen160,mazen160/struts-pwn,416,151,Python,mit,MIT License,1,0,1,0,0,10.0,10.0 
jekyll,jekyll/jekyll,47488,10222,Ruby,mit,MIT License,1,0,0,1,0,7.5,7.5 
greenbone,greenbone/gsa,194,84,JavaScript,agpl-3.0,GNU Affero General Public License v3.0,4,0,1,3,0,nan,nan 
mkulesh,mkulesh/microMathematics,483,66,Java,gpl-3.0,GNU General Public License v3.0,1,0,1,0,0,10.0,10.0 
shish,shish/shimmie2,340,99,PHP,gpl-2.0,GNU General Public License v2.0,2,0,0,2,0,6.1,6.1 
sahaRatul,sahaRatul/sela,211,24,C++,mit,MIT License,10,0,0,10,0,6.758620689655175,7.8 
LuRenJiasWorld,LuRenJiasWorld/WP-Editor.md,718,81,JavaScript,gpl-3.0,GNU General Public License v3.0,1,0,0,1,0,6.1000000000000005,6.1 
agentevolution,agentevolution/wp-listings,33,28,PHP,,,1,0,0,1,0,6.1000000000000005,6.1 
benoitc,benoitc/gunicorn,9227,1700,Python,other,Other,1,0,0,1,0,7.5,7.5 
cracklib,cracklib/cracklib,202,54,C,,,1,0,1,0,0,7.8,7.8 
openedx,openedx/RecommenderXBlock,3,12,JavaScript,agpl-3.0,GNU Affero General Public License v3.0,0,0,0,0,0,, 
hannob,hannob/bignum-fuzz,46,6,C,cc0-1.0,Creative Commons Zero v1.0 Universal,1,0,0,1,0,6.5,6.5 
docker,docker/engine,737,448,Go,apache-2.0,Apache License 2.0,37,0,10,23,4,nan,nan 
sanic-org,sanic-org/sanic,17428,1537,Python,mit,MIT License,1,0,0,0,0,7.5,7.5 
linuxmint,linuxmint/cinnamon,4239,728,JavaScript,gpl-2.0,GNU General Public License v2.0,0,0,0,0,0,, 
kirillwow,kirillwow/ids_bypass,120,26,C,,,1,0,0,1,0,5.3,5.3 
pasdoc,pasdoc/pasdoc,159,57,HTML,gpl-2.0,GNU General Public License v2.0,1,0,0,1,0,8.8,8.8 
spesmilo,spesmilo/electrum,6682,3010,Python,mit,MIT License,3,0,1,1,1,6.199999999999999,7.8 
justmoon,justmoon/node-extend,342,70,JavaScript,mit,MIT License,1,0,1,0,0,9.8,9.8 
cn-uofbasel,cn-uofbasel/ccn-lite,73,62,C,isc,ISC License,17,0,11,6,0,8.997709923664104,9.8 
pngwriter,pngwriter/pngwriter,127,46,C++,,,1,0,0,1,0,5.5,5.5 
apache,apache/qpid-proton-j,30,64,Java,apache-2.0,Apache License 2.0,1,0,0,1,0,7.4,7.4 
devryan,devryan/GamePanelX-V3,131,94,PHP,other,Other,1,0,0,1,0,6.1,6.1 
KDE,KDE/kde-cli-tools,27,3,C++,,,1,0,0,1,0,4.9,4.9 
shaarli,shaarli/Shaarli,3141,289,PHP,other,Other,4,0,0,3,0,6.099999999999997,6.1 
ohler55,ohler55/ox,865,76,C,mit,MIT License,2,0,0,2,0,6.3,7.5 
tecnickcom,tecnickcom/tcexam,523,393,PHP,other,Other,17,0,0,10,6,5.784892086330932,7.5 
RamonSilva20,RamonSilva20/mapos,744,532,PHP,apache-2.0,Apache License 2.0,5,0,0,0,1,6.082926829268288,6.1 
blackears,blackears/svgSalamander,142,53,Java,,,1,0,0,1,0,7.4,7.4 
KDE,KDE/konversation,42,7,C++,,,3,0,0,3,0,nan,nan 
morrisjs,morrisjs/morris.js,6944,1246,CoffeeScript,,,1,0,0,1,0,6.1000000000000005,6.1 
dom96,dom96/jester,1512,118,Nim,mit,MIT License,2,0,0,1,0,nan,nan 
kermitt2,kermitt2/pdfalto,178,61,C,gpl-2.0,GNU General Public License v2.0,3,0,0,3,0,7.800000000000002,7.8 
spring-projects,spring-projects/spring-amqp,782,598,Java,apache-2.0,Apache License 2.0,7,0,2,4,0,7.2714285714285705,9.8 
tariqbuilds,tariqbuilds/linux-dash,10234,1251,JavaScript,mit,MIT License,0,0,0,0,0,, 
huntergregal,huntergregal/mimipenguin,3584,647,C,other,Other,1,0,0,0,1,7.799999999999999,7.8 
anchorcms,anchorcms/anchor-cms,3346,623,PHP,gpl-3.0,GNU General Public License v3.0,4,0,1,2,1,nan,nan 
TheHive-Project,TheHive-Project/TheHive,3068,589,Scala,agpl-3.0,GNU Affero General Public License v3.0,1,0,0,1,0,8.799999999999999,8.8 
NICMx,NICMx/Jool,272,59,C,gpl-2.0,GNU General Public License v2.0,1,0,1,0,0,7.5,7.5 
dwyl,dwyl/hapi-auth-jwt2,798,127,JavaScript,isc,ISC License,1,0,1,0,0,9.799999999999999,9.8 
kreait,kreait/firebase-php,2025,461,PHP,mit,MIT License,1,0,0,1,0,8.099999999999998,8.1 
knolleary,knolleary/pubsubclient,3658,1437,C++,mit,MIT License,1,0,0,1,0,8.799999999999999,8.8 
Tatsh,Tatsh/pngdefry,2,0,C,,,1,0,0,1,0,7.8,7.8 
spotify,spotify/luigi,16890,2377,Python,apache-2.0,Apache License 2.0,1,0,0,1,0,8.799999999999999,8.8 
ansible,ansible/ansible-modules-extras,944,1490,Python,,,1,0,1,0,0,7.799999999999999,7.8 
spray,spray/spray-json,970,196,Scala,apache-2.0,Apache License 2.0,2,0,0,2,0,7.5,7.5 
aaubry,aaubry/YamlDotNet,2272,435,C#,mit,MIT License,1,0,0,1,0,7.799999999999999,7.8 
Tendrl,Tendrl/api,16,16,Ruby,lgpl-2.1,GNU Lesser General Public License v2.1,1,0,0,1,0,8.1,8.1 
OpenConext,OpenConext/OpenConext-engineblock,14,20,PHP,apache-2.0,Apache License 2.0,1,0,0,1,0,6.1000000000000005,6.1 
sbrl,sbrl/Pepperminty-Wiki,160,18,PHP,mpl-2.0,Mozilla Public License 2.0,1,0,1,0,0,9.799999999999999,9.8 
mysql,mysql/mysql-connector-j,808,553,Java,other,Other,8,0,1,5,2,nan,nan 
InQuest,InQuest/malware-samples,818,190,ActionScript,mit,MIT License,1,0,1,0,0,9.8,9.8 
restforce,restforce/restforce,786,348,Ruby,mit,MIT License,1,0,1,0,0,9.799999999999999,9.8 
IdentityServer,IdentityServer/IdentityServer3,2024,783,C#,,,1,0,0,1,0,6.1,6.1 
GNOME,GNOME/libgxps,8,5,C,lgpl-2.1,GNU Lesser General Public License v2.1,3,0,0,3,0,6.785714285714286,7.5 
torproject,torproject/torbrowser-launcher,715,185,Python,mit,MIT License,0,0,0,0,0,, 
kdave,kdave/btrfsmaintenance,792,75,Shell,gpl-2.0,GNU General Public License v2.0,1,0,1,0,0,8.1,8.1 
Xtraball,Xtraball/Siberian,161,152,JavaScript,osl-3.0,Open Software License 3.0,0,0,0,0,0,, 
SUSE,SUSE/Portus,2993,478,Ruby,apache-2.0,Apache License 2.0,1,0,0,0,1,5.3999999999999995,5.4 
boonebgorges,boonebgorges/invite-anyone,29,27,PHP,,,1,0,0,1,0,5.299999999999999,5.3 
borisfaure,borisfaure/terminology,620,52,C,other,Other,0,0,0,0,0,, 
sshipway,sshipway/routers2,6,2,Perl,gpl-2.0,GNU General Public License v2.0,1,0,0,0,1,4.7,4.7 
puiterwijk,puiterwijk/flask-oidc,151,216,Python,bsd-2-clause,"BSD 2-Clause ""Simplified"" License",1,0,0,1,0,7.4,7.4 
hyperhq,hyperhq/hyperstart,135,67,C,apache-2.0,Apache License 2.0,2,0,1,1,0,5.9818181818181815,7.8 
brannondorsey,brannondorsey/radio-thermostat,29,12,,,,1,0,0,0,1,6.5,6.5 
irods,irods/irods,416,141,C++,bsd-3-clause,"BSD 3-Clause ""New"" or ""Revised"" License",2,0,2,0,0,nan,nan 
apache,apache/impala,1024,486,C++,apache-2.0,Apache License 2.0,7,0,2,5,0,7.871428571428573,9.8 
grails-fields-plugin,grails-fields-plugin/grails-fields,84,104,Groovy,,,1,0,0,1,0,6.1000000000000005,6.1 
openstack,openstack/puppet-swift,59,45,Ruby,apache-2.0,Apache License 2.0,1,0,0,1,0,6.5,6.5 
caryll,caryll/otfcc,409,63,C,apache-2.0,Apache License 2.0,87,0,0,1,0,6.5,6.5 
tada,tada/pljava,225,71,Java,other,Other,1,0,0,1,0,6.5,6.5 
libsndfile,libsndfile/libsamplerate,512,140,C,bsd-2-clause,"BSD 2-Clause ""Simplified"" License",0,0,0,0,0,, 
i18next,i18next/i18next,7082,631,JavaScript,mit,MIT License,2,0,0,2,0,6.1,6.1 
tinyproxy,tinyproxy/tinyproxy,4228,633,C,gpl-2.0,GNU General Public License v2.0,4,0,2,0,1,nan,nan 
triplea-game,triplea-game/triplea,1159,511,Java,gpl-3.0,GNU General Public License v3.0,1,0,0,1,0,7.799999999999999,7.8 
luin,luin/medis,11369,821,JavaScript,mit,MIT License,1,0,0,1,0,6.1000000000000005,6.1 
scala,scala/scala,14184,3185,Scala,apache-2.0,Apache License 2.0,2,0,1,0,0,8.8,9.8 
cryptpad,cryptpad/cryptpad,4717,575,HTML,agpl-3.0,GNU Affero General Public License v3.0,0,0,0,0,0,, 
FreeCol,FreeCol/freecol,517,156,Java,gpl-2.0,GNU General Public License v2.0,1,0,1,0,0,10.0,10.0 
thunderbird,thunderbird/thunderbird-android,8561,2409,Kotlin,apache-2.0,Apache License 2.0,0,0,0,0,0,, 
basecamp,basecamp/easymon,193,15,Ruby,mit,MIT License,1,0,0,1,0,6.1,6.1 
logological,logological/gpp,181,31,C,lgpl-3.0,GNU Lesser General Public License v3.0,1,0,0,1,0,8.8,8.8 
sergeKashkin,sergeKashkin/Simple-RAT,3,2,HTML,,,1,0,0,1,0,9.3,9.3 
eminfedar,eminfedar/async-sockets-cpp,311,63,C++,mit,MIT License,2,0,0,0,0,8.65,9.8 
NCI-Agency,NCI-Agency/anet,23,13,JavaScript,mit,MIT License,1,0,0,0,0,5.5,5.5 
Orangescrum,Orangescrum/orangescrum,162,91,PHP,,,5,0,0,0,0,7.961538461538459,8.8 
lahirudanushka,lahirudanushka/School-Management-System---PHP-MySQL,22,18,Less,,,1,0,0,0,0,9.8,9.8 
mybbgroup,mybbgroup/Thank-you-like-system,11,12,PHP,gpl-3.0,GNU General Public License v3.0,0,0,0,0,0,, 
zulip,zulip/zulip-mobile,1201,620,JavaScript,apache-2.0,Apache License 2.0,1,0,0,0,0,5.700000000000001,5.7 
skyscreamer,skyscreamer/nevado,50,45,Java,apache-2.0,Apache License 2.0,1,0,0,0,0,7.799999999999999,7.8 
cabrerahector,cabrerahector/wordpress-popular-posts,275,82,PHP,gpl-2.0,GNU General Public License v2.0,5,0,0,1,2,6.727272727272725,8.8 
facebook,facebook/lexical,15955,1281,JavaScript,mit,MIT License,1,0,0,0,0,6.1000000000000005,6.1 
201206030,201206030/novel-plus,3277,1210,Java,apache-2.0,Apache License 2.0,18,0,3,1,0,8.68701298701299,9.8 
shimosyan,shimosyan/phpUploader,38,9,PHP,other,Other,2,0,0,2,0,6.8,7.5 
z-song,z-song/laravel-admin,10965,2816,PHP,mit,MIT License,2,0,0,0,1,5.6,7.2 
noirotm,noirotm/flvmeta,117,37,C,gpl-2.0,GNU General Public License v2.0,1,0,0,0,0,7.8,7.8 
Samsung,Samsung/mTower,42,17,C,apache-2.0,Apache License 2.0,13,0,0,0,0,7.514285714285715,7.8 
InfotelGLPI,InfotelGLPI/positions,16,11,JavaScript,gpl-2.0,GNU General Public License v2.0,1,0,0,0,0,9.799999999999999,9.8 
temporalio,temporalio/temporal,8417,655,Go,mit,MIT License,1,0,0,0,0,3.6000000000000005,3.6 
Leonidas-from-XIV,Leonidas-from-XIV/node-xml2js,4752,607,CoffeeScript,mit,MIT License,1,0,0,0,0,5.3,5.3 
ansible-collections,ansible-collections/amazon.aws,258,296,Python,gpl-3.0,GNU General Public License v3.0,1,0,0,0,0,7.5,7.5 
jspreadsheet,jspreadsheet/ce,6488,810,JavaScript,mit,MIT License,1,0,0,0,0,6.1000000000000005,6.1 
mtrojnar,mtrojnar/osslsigncode,558,118,C,other,Other,1,0,0,0,0,7.8,7.8 
ganaware,ganaware/pcf2bdf,13,6,C++,,,2,0,0,2,0,6.566666666666666,7.1 
tradr-project,tradr-project/tf_remapper_cpp,7,2,C++,bsd-3-clause,"BSD 3-Clause ""New"" or ""Revised"" License",1,0,0,0,0,8.1,8.1 
cloudflare,cloudflare/cfnts,175,14,Rust,bsd-2-clause,"BSD 2-Clause ""Simplified"" License",1,0,0,0,0,7.5,7.5 
camilova,camilova/activerecord-update-by-case,2,0,Ruby,mit,MIT License,1,0,0,0,0,9.8,9.8 
kyverno,kyverno/kyverno,4553,680,Go,apache-2.0,Apache License 2.0,8,0,0,0,0,7.237500000000007,8.8 
riscv-software-src,riscv-software-src/riscv-isa-sim,1960,725,C,other,Other,2,0,0,0,0,5.5,5.5 
oxyno-zeta,oxyno-zeta/react-editable-json-tree,102,18,JavaScript,mit,MIT License,1,0,0,0,0,9.8,9.8 
n3gox,n3gox/CVE-2023-33829,0,0,Python,,,0,0,0,0,0,, 
reportportal,reportportal/reportportal,1598,468,Shell,apache-2.0,Apache License 2.0,2,0,0,1,0,7.166666666666667,7.5 
openlink,openlink/virtuoso-opensource,822,217,C,other,Other,32,0,0,0,0,7.5,7.5 
PQClean,PQClean/PQClean,441,84,Assembly,,,1,0,0,0,0,7.5,7.5 
ebics-java,ebics-java/ebics-java-client,35,33,Java,lgpl-2.1,GNU Lesser General Public License v2.1,1,0,0,1,0,7.5,7.5 
johguse,johguse/profanity,819,300,C++,,,1,0,0,0,0,7.5,7.5 
pydata,pydata/numexpr,2040,201,Python,mit,MIT License,1,0,0,0,0,9.799999999999999,9.8 
Airtable,Airtable/airtable.js,1843,410,JavaScript,mit,MIT License,1,0,0,0,0,6.4,6.4 
locka99,locka99/opcua,421,118,Rust,mpl-2.0,Mozilla Public License 2.0,3,0,0,0,0,7.5,7.5 
Ahwxorg,Ahwxorg/LibreY,52,12,PHP,agpl-3.0,GNU Affero General Public License v3.0,2,0,0,0,0,8.3,9.1 
zzzprojects,zzzprojects/System.Linq.Dynamic.Core,1441,218,HTML,apache-2.0,Apache License 2.0,1,0,0,0,0,9.799999999999999,9.8 
Vi39,Vi39/Webmin-2.100,0,0,,,,5,0,0,0,0,5.536956521739133,6.1 
apache,apache/commons-bcel,224,122,Java,apache-2.0,Apache License 2.0,1,0,0,0,0,9.799999999999999,9.8 
yamcs,yamcs/yamcs,142,67,Java,agpl-3.0,GNU Affero General Public License v3.0,4,0,0,0,0,6.704761904761907,9.1 
CrownZTX,CrownZTX/storedXSS,0,0,,,,1,0,0,0,0,4.8,4.8 
Immersive-Labs-Sec,Immersive-Labs-Sec/CentOS-WebPanel,3,2,Python,mit,MIT License,5,0,2,1,0,8.655555555555559,9.8 
plone,plone/volto,347,394,JavaScript,mit,MIT License,1,0,0,1,0,7.5,7.5 
FredrikNoren,FredrikNoren/ungit,10264,677,JavaScript,mit,MIT License,1,0,0,1,0,8.799999999999999,8.8 
xiaomlove,xiaomlove/nexusphp,664,155,PHP,gpl-2.0,GNU General Public License v2.0,4,0,0,0,0,6.186956521739131,9.8 
dfir-iris,dfir-iris/iris-web,827,113,JavaScript,lgpl-3.0,GNU Lesser General Public License v3.0,2,0,0,0,0,5.400000000000002,5.4 
drewnoakes,drewnoakes/metadata-extractor,2390,466,Java,apache-2.0,Apache License 2.0,3,0,1,2,0,6.166666666666667,7.5 
pkgconf,pkgconf/pkgconf,379,96,C,other,Other,2,0,1,0,0,7.41111111111111,9.8 
thinkgem,thinkgem/jeesite,7937,5740,JavaScript,apache-2.0,Apache License 2.0,6,0,1,0,0,6.316666666666666,9.8 
GitSquared,GitSquared/edex-ui,38971,2431,JavaScript,gpl-3.0,GNU General Public License v3.0,1,0,0,0,0,10.0,10.0 
ChurchCRM,ChurchCRM/CRM,530,387,PHP,mit,MIT License,37,0,0,2,0,6.363599999999994,8.8 
WizardMac,WizardMac/ReadStat,258,64,C,mit,MIT License,3,0,0,3,0,7.600000000000004,7.8 
pyscript,pyscript/pyscript,17132,1417,Python,apache-2.0,Apache License 2.0,1,0,0,1,0,7.5,7.5 
openbgpd-portable,openbgpd-portable/openbgpd-portable,47,14,C,isc,ISC License,1,0,0,0,0,5.3,5.3 
metal3-io,metal3-io/baremetal-operator,469,222,Go,apache-2.0,Apache License 2.0,1,0,0,0,0,5.5,5.5 
nu774,nu774/fdkaac,244,55,C,other,Other,4,0,0,0,0,6.266666666666667,7.8 
eclipse-rap,eclipse-rap/org.eclipse.rap,14,15,Java,epl-1.0,Eclipse Public License 1.0,1,0,0,0,0,9.799999999999999,9.8 
newspaperclub,newspaperclub/pdf_info,10,15,Ruby,mit,MIT License,1,0,0,0,0,9.8,9.8 
trustwallet,trustwallet/wallet-core,2423,1508,C++,apache-2.0,Apache License 2.0,1,0,0,0,0,5.8999999999999995,5.9 
FriendsOfFlarum,FriendsOfFlarum/upload,167,87,PHP,mit,MIT License,1,0,0,0,1,5.3999999999999995,5.4 
yahoo,yahoo/elide,965,237,Java,other,Other,2,0,0,2,0,7.299999999999997,8.1 
sazanrjb,sazanrjb/InventoryManagementSystem,203,127,Java,,,9,0,0,0,0,9.045312500000005,9.8 
abodelot,abodelot/jquery.json-viewer,402,169,JavaScript,mit,MIT License,1,0,0,1,0,6.1,6.1 
motioneye-project,motioneye-project/motioneye,3578,639,Python,gpl-3.0,GNU General Public License v3.0,2,0,0,2,0,7.414285714285714,7.5 
IBAX-io,IBAX-io/go-ibax,7894,6727,Go,apache-2.0,Apache License 2.0,5,0,0,0,0,8.800000000000006,8.8 
guzzle,guzzle/psr7,7766,290,PHP,mit,MIT License,3,0,0,1,0,7.166666666666667,7.5 
jettison-json,jettison-json/jettison,46,27,Java,apache-2.0,Apache License 2.0,5,0,0,0,0,7.5,7.5 
IthacaLabs,IthacaLabs/Turnitin,0,0,,,,1,0,0,0,0,5.4,5.4 
open-telemetry,open-telemetry/opentelemetry-java-instrumentation,1503,715,Java,apache-2.0,Apache License 2.0,1,0,0,0,0,6.5,6.5 
MoeNetwork,MoeNetwork/Tieba-Cloud-Sign,1696,428,PHP,other,Other,1,0,0,0,1,4.8,4.8 
rbenv,rbenv/rbenv,15419,1419,Shell,mit,MIT License,1,0,1,0,0,9.8,9.8 
RiieCco,RiieCco/write-ups,1,0,,,,3,0,0,3,0,6.800000000000001,9.1 
lefcha,lefcha/imapfilter,813,89,C,mit,MIT License,1,0,0,1,0,7.5,7.5 
erming,erming/shout,3640,293,JavaScript,mit,MIT License,1,0,0,1,0,6.1000000000000005,6.1 
ionic-team,ionic-team/cordova-plugin-ios-keychain,65,44,Objective-C,other,Other,1,0,0,1,0,9.8,9.8 
ansible,ansible/ansible-modules-core,1282,1969,Python,,,2,0,0,2,0,6.200000000000003,7.5 
jenkinsci,jenkinsci/mailer-plugin,35,105,Java,,,5,0,0,5,0,4.429032258064516,8.0 
Opendigitalradio,Opendigitalradio/ODR-PadEnc,6,10,C++,other,Other,1,0,1,0,0,7.5,7.5 
KDE,KDE/ktexteditor,64,19,C++,,,2,0,1,1,0,7.8,7.8 
apache,apache/guacamole-client,1222,649,Java,apache-2.0,Apache License 2.0,4,0,0,4,0,7.725000000000003,8.8 
latexdraw,latexdraw/latexdraw,408,64,Java,gpl-3.0,GNU General Public License v3.0,1,0,0,1,0,9.599999999999998,9.6 
clementine-player,clementine-player/Clementine,3522,677,C++,gpl-3.0,GNU General Public License v3.0,3,0,0,2,1,7.3400000000000025,7.8 
naver,naver/ngrinder,1824,467,Java,apache-2.0,Apache License 2.0,1,0,0,1,0,6.1000000000000005,6.1 
apache,apache/commons-jelly,15,27,Java,apache-2.0,Apache License 2.0,1,0,1,0,0,9.799999999999999,9.8 
xiph,xiph/flac,1359,253,C,gfdl-1.3,GNU Free Documentation License v1.3,1,0,0,1,0,5.5,5.5 
nightflyza,nightflyza/Ubilling,119,104,PHP,gpl-2.0,GNU General Public License v2.0,2,0,2,0,0,9.800000000000002,9.8 
isaacs,isaacs/csrf-lite,28,2,JavaScript,isc,ISC License,1,0,0,1,0,5.9,5.9 
lingochamp,lingochamp/FileDownloader,10888,2190,Java,apache-2.0,Apache License 2.0,1,0,1,0,0,9.799999999999999,9.8 
osalabs,osalabs/phpminiadmin,301,136,PHP,,,1,0,0,1,0,6.1,6.1 
mpdavis,mpdavis/python-jose,1388,270,Python,mit,MIT License,1,0,1,0,0,9.8,9.8 
hfiref0x,hfiref0x/LightFTP,199,81,C,bsd-2-clause,"BSD 2-Clause ""Simplified"" License",2,0,1,0,0,9.033333333333333,9.8 
Overv,Overv/Open.GL,1056,255,PHP,,,1,0,0,1,0,6.1,6.1 
Betterment,Betterment/test_track,119,33,Ruby,mit,MIT License,1,0,0,1,0,7.5,7.5 
IJHack,IJHack/QtPass,941,160,C++,other,Other,1,0,0,1,0,9.799999999999999,9.8 
GloBee-Official,GloBee-Official/woocommerce-payment-api-plugin,1,2,PHP,mit,MIT License,1,0,0,1,0,7.5,7.5 
tock,tock/tock,4683,610,Rust,other,Other,1,0,0,1,0,7.5,7.5 
wernsey,wernsey/bitmap,68,11,C,mit-0,MIT No Attribution,1,0,0,1,0,7.5,7.5 
omniauth,omniauth/omniauth-saml,320,209,Ruby,other,Other,1,0,1,0,0,9.799999999999999,9.8 
tonini,tonini/alchemist-server,193,12,Elixir,,,1,0,1,0,0,9.8,9.8 
YesWiki,YesWiki/yeswiki,92,46,PHP,agpl-3.0,GNU Affero General Public License v3.0,1,0,1,0,0,9.799999999999999,9.8 
sensu,sensu/sensu,2911,395,Ruby,mit,MIT License,1,0,0,1,0,9.8,9.8 
danigargu,danigargu/explodingcan,257,68,Python,,,1,0,1,0,0,9.8,9.8 
psycopg,psycopg/psycopg2,3068,492,C,other,Other,1,0,1,0,0,9.799999999999999,9.8 
chilek,chilek/lms,115,139,PHP,,,0,0,0,0,0,, 
jenkinsci,jenkinsci/ec2-plugin,281,691,Java,mit,MIT License,8,0,1,6,1,6.087012987012995,8.8 
Doufox,doufox/doufox,4,1,PHP,mit,MIT License,0,0,0,0,0,, 
lovasoa,lovasoa/SQLpage,469,27,Rust,mit,MIT License,1,0,0,0,0,9.099999999999998,9.1 
moby,moby/libnetwork,2085,905,Go,apache-2.0,Apache License 2.0,3,0,0,0,0,7.156249999999998,8.7 
webassembly,WebAssembly/simd,514,49,WebAssembly,other,Other,0,0,0,0,0,, 
BOINC,BOINC/boinc,1775,422,PHP,lgpl-3.0,GNU Lesser General Public License v3.0,1,0,1,0,0,9.799999999999999,9.8 
libreform,libreform/libreform,26,8,PHP,gpl-3.0,GNU General Public License v3.0,1,0,0,0,0,6.5,6.5 
mapbox,mapbox/mapbox-maps-android,357,116,Kotlin,other,Other,1,0,0,0,0,7.5,7.5 
josubg,josubg/django_navbar_client,0,1,Python,other,Other,1,0,1,0,0,9.8,9.8 
openhwgroup,openhwgroup/cva6,1880,556,Assembly,other,Other,10,0,0,2,0,6.330000000000001,9.8 
opensource-socialnetwork,opensource-socialnetwork/opensource-socialnetwork,995,505,PHP,other,Other,7,0,0,1,0,5.942857142857145,7.5 
makeplane,makeplane/plane,18131,819,TypeScript,agpl-3.0,GNU Affero General Public License v3.0,2,0,0,0,0,6.049999999999997,7.5 
google,google/gson,22562,4326,Java,apache-2.0,Apache License 2.0,1,0,0,1,0,7.5,7.5 
nextcloud,nextcloud/password_policy,34,20,PHP,agpl-3.0,GNU Affero General Public License v3.0,1,0,0,0,0,2.6999999999999997,2.7 
bluefeet,bluefeet/GitLab-API-v4,18,22,Perl,other,Other,1,0,0,0,0,5.8999999999999995,5.9 
llvm,llvm/llvm-project,22680,9016,,other,Other,8,0,0,0,0,5.5,5.5 
arendst,arendst/Tasmota,20547,4550,C,gpl-3.0,GNU General Public License v3.0,2,0,0,0,0,7.950000000000001,9.8 
Netatalk,Netatalk/netatalk,245,85,C,gpl-2.0,GNU General Public License v2.0,11,0,2,0,0,nan,nan 
backdrop,backdrop/backdrop,930,378,PHP,gpl-2.0,GNU General Public License v2.0,16,0,1,3,5,5.812499999999988,9.8 
wolkykim,wolkykim/qdecoder,37,25,C,other,Other,1,0,0,1,0,5.3,5.3 
InfotelGLPI,InfotelGLPI/cmdb,5,0,PHP,gpl-3.0,GNU General Public License v3.0,1,0,0,0,0,6.5,6.5 
nextcloud,nextcloud/user_oidc,44,26,PHP,agpl-3.0,GNU Affero General Public License v3.0,6,0,0,0,0,6.276923076923083,9.8 
0branch,0branch/boron,19,2,C,lgpl-3.0,GNU Lesser General Public License v3.0,2,0,0,0,0,7.65,8.8 
asciidoctor,asciidoctor/asciidoctor,4467,800,Ruby,other,Other,1,0,0,1,0,7.5,7.5 
llamasoft,llamasoft/RootMyRoku,217,20,Shell,,,1,0,0,0,1,5.7,5.7 
plannigan,plannigan/hyper-bump-it,4,1,Python,mit,MIT License,1,0,0,0,0,5.5,5.5 
stackrox,stackrox/stackrox,1051,128,Go,apache-2.0,Apache License 2.0,1,0,0,0,0,8.799999999999999,8.8 
andreas83,andreas83/SocialNetwork,125,54,PHP,,,1,0,0,1,0,6.1,6.1 
internetarchive,internetarchive/infogami,39,26,Python,agpl-3.0,GNU Affero General Public License v3.0,1,0,0,0,1,nan,nan 
sheredom,sheredom/json.h,633,110,C,unlicense,The Unlicense,5,0,0,0,0,7.800000000000001,7.8 
gagliardetto,gagliardetto/binary,12,4,Go,apache-2.0,Apache License 2.0,1,0,0,0,0,7.5,7.5 
wolfSSL,wolfSSL/wolfssh,321,82,C,,,1,0,1,0,0,9.8,9.8 
Significant-Gravitas,Significant-Gravitas/AutoGPT,152729,36250,JavaScript,other,Other,0,0,0,0,0,, 
awslabs,awslabs/aws-dataall,189,69,Python,apache-2.0,Apache License 2.0,1,0,0,0,0,8.799999999999999,8.8 
mindspore-ai,mindspore-ai/mindspore,3811,659,C++,apache-2.0,Apache License 2.0,9,0,0,8,0,7.388888888888889,7.5 
Zavy86,Zavy86/WikiDocs,121,22,JavaScript,mit,MIT License,2,0,0,2,0,7.4499999999999975,8.8 
pganalyze,pganalyze/libpg_query,970,146,C,bsd-3-clause,"BSD 3-Clause ""New"" or ""Revised"" License",0,0,0,0,0,, 
openpmix,openpmix/openpmix,192,108,C,other,Other,1,0,0,0,0,8.099999999999998,8.1 
hashicorp,hashicorp/vagrant,25430,4453,Ruby,other,Other,4,0,2,0,0,7.800000000000006,7.8 
facebook,facebook/tac_plus,196,73,C,mit,MIT License,1,0,0,0,0,9.799999999999999,9.8 
vector-im,vector-im/element-ios,1676,473,Swift,agpl-3.0,GNU Affero General Public License v3.0,1,0,0,0,0,6.5,6.5 
flipped-aurora,flipped-aurora/gin-vue-admin,18675,5639,Go,apache-2.0,Apache License 2.0,9,0,1,3,0,8.55555555555555,9.8 
igraph,igraph/igraph,1607,376,C,gpl-2.0,GNU General Public License v2.0,1,0,0,1,0,6.5,6.5 
libbitcoin,libbitcoin/libbitcoin-explorer,564,184,C++,other,Other,1,0,0,0,0,7.5,7.5 
codelibs,codelibs/fess,923,170,Java,apache-2.0,Apache License 2.0,1,0,1,0,0,10.0,10.0 
jenkinsci,jenkinsci/lucene-search-plugin,5,12,Java,mit,MIT License,3,0,0,0,0,4.589999999999999,6.1 
opensearch-project,opensearch-project/notifications,21,54,Kotlin,apache-2.0,Apache License 2.0,1,0,0,0,0,8.700000000000001,8.7 
TycheSoftwares,TycheSoftwares/woocommerce-abandoned-cart,11,9,PHP,,,1,0,0,0,0,9.799999999999999,9.8 
tlsfuzzer,tlsfuzzer/tlsfuzzer,505,108,Python,gpl-2.0,GNU General Public License v2.0,1,0,0,0,0,7.4,7.4 
pendulum-project,pendulum-project/ntpd-rs,428,28,Rust,other,Other,1,0,0,0,0,7.5,7.5 
scorelab,scorelab/OpenMF,117,91,JavaScript,apache-2.0,Apache License 2.0,1,0,0,1,0,9.3,9.3 
dreamerslab,dreamerslab/node.extend,128,21,JavaScript,mit,MIT License,1,0,1,0,0,9.799999999999999,9.8 
kubeedge,kubeedge/kubeedge,6125,1704,Go,apache-2.0,Apache License 2.0,8,0,0,3,5,6.424999999999997,7.5 
hhyo,hhyo/Archery,5293,1557,Python,apache-2.0,Apache License 2.0,15,0,0,0,0,7.886666666666667,9.8 
andk,andk/cpanpm,84,79,Perl,,,1,0,0,0,0,8.1,8.1 
relatedcode,relatedcode/Messenger,4627,1078,Swift,,,2,0,0,0,0,5.3999999999999995,6.5 
preempt,preempt/credssp,262,67,Python,mit,MIT License,1,0,1,0,0,7.0,7.0 
Webklex,Webklex/php-imap,226,154,PHP,mit,MIT License,1,0,0,0,0,9.799999999999999,9.8 
Open-Web-Analytics,Open-Web-Analytics/Open-Web-Analytics,2224,438,PHP,gpl-2.0,GNU General Public License v2.0,1,0,0,1,0,9.799999999999999,9.8 
J-onasJones,J-onasJones/McWebserver,6,1,Java,cc0-1.0,Creative Commons Zero v1.0 Universal,1,0,0,0,0,7.5,7.5 
Samsung,Samsung/TizenRT,514,550,C,apache-2.0,Apache License 2.0,5,0,0,1,0,7.5,7.5 
youseries,youseries/ureport,1863,824,Java,apache-2.0,Apache License 2.0,3,0,1,0,0,8.72,9.8 
pnp4nagios,pnp4nagios/pnp4nagios,5,3,PHP,gpl-2.0,GNU General Public License v2.0,2,0,0,0,0,7.100000000000001,8.8 
openSUSE,openSUSE/libeconf,73,24,C,mit,MIT License,4,0,0,0,0,6.5,6.5 
openam-jp,openam-jp/openam,30,14,Java,other,Other,2,0,0,0,0,6.877777777777778,7.5 
stemword,stemword/php-inventory-management-system,181,117,PHP,mit,MIT License,4,0,0,0,0,4.799999999999999,4.8 
cmderdev,cmderdev/cmder,25185,2061,C++,mit,MIT License,1,0,0,0,0,9.799999999999999,9.8 
jordansissel,jordansissel/ruby-arr-pm,16,14,Ruby,other,Other,1,0,0,0,0,7.799999999999999,7.8 
cilium,cilium/cilium,16933,2467,Go,apache-2.0,Apache License 2.0,11,0,1,1,0,6.954545454545457,9.8 
geopython,geopython/OWSLib,347,272,Python,bsd-3-clause,"BSD 3-Clause ""New"" or ""Revised"" License",2,0,0,1,0,7.5,7.5 
opencv,opencv/opencv_contrib,8768,5690,C++,apache-2.0,Apache License 2.0,34,0,2,30,0,7.71764705882354,8.8 
webmproject,webmproject/libwebm,194,72,C++,bsd-3-clause,"BSD 3-Clause ""New"" or ""Revised"" License",2,0,1,1,0,9.425,9.8 
amitmerchant1990,amitmerchant1990/electron-markdownify,915,922,JavaScript,mit,MIT License,2,0,0,0,0,6.65,7.8 
puppetlabs,puppetlabs/puppetserver,281,233,Clojure,apache-2.0,Apache License 2.0,6,0,0,3,1,nan,nan 
jfisteus,jfisteus/html2xhtml,43,56,C,other,Other,1,0,0,0,0,8.1,8.1 
jdereg,jdereg/json-io,309,134,Java,apache-2.0,Apache License 2.0,1,0,0,0,0,7.5,7.5 
bbfamily,bbfamily/abu,10609,3616,Python,gpl-3.0,GNU General Public License v3.0,1,0,0,0,0,9.799999999999999,9.8 
actions,actions/runner,4148,1179,C#,mit,MIT License,1,0,0,0,0,9.900000000000002,9.9 
Mirantis,Mirantis/lens-extension-cc,14,5,JavaScript,mit,MIT License,1,0,0,1,0,8.799999999999999,8.8 
nestjs,nestjs/nest,60843,7197,TypeScript,mit,MIT License,1,0,0,0,0,5.299999999999999,5.3 
openjdk,openjdk/jdk15u-dev,8,30,Java,gpl-2.0,GNU General Public License v2.0,1,0,0,0,0,4.9,4.9 
rhboot,rhboot/shim,704,258,C,other,Other,4,0,2,1,0,nan,nan 
Nemobi,Nemobi/ak3918ev300v18,4,7,C,,,1,0,0,0,0,9.8,9.8 
taviso,taviso/123elf,1100,62,C,,,1,0,0,0,0,7.8,7.8 
redteambrasil,redteambrasil/nuclei-templates,7,6,,,,1,0,0,0,0,6.5,6.5 
shindeanik,shindeanik/Usermin-2.001,0,0,,,,3,0,0,0,0,5.3999999999999995,5.4 
sraoss,sraoss/pg_ivm,618,19,C,other,Other,2,0,0,0,0,5.5857142857142845,8.8 
phax,phax/ph-commons,29,16,Java,apache-2.0,Apache License 2.0,1,0,0,0,0,7.5,7.5 
DMTF,DMTF/libspdm,70,76,C,bsd-3-clause,"BSD 3-Clause ""New"" or ""Revised"" License",2,0,0,0,0,8.15,8.8 
lane711,lane711/sonicjs,535,86,TypeScript,,,2,0,0,0,0,8.125,9.1 
SCADA-LTS,SCADA-LTS/Scada-LTS,568,239,Java,gpl-2.0,GNU General Public License v2.0,1,0,0,0,0,8.799999999999999,8.8 
open-telemetry,open-telemetry/opentelemetry-go-contrib,869,474,Go,apache-2.0,Apache License 2.0,2,0,0,0,0,7.5,7.5 
indexzero,indexzero/nconf,3842,275,JavaScript,mit,MIT License,1,0,0,1,0,7.5,7.5 
syoyo,syoyo/tinydng,132,25,C,mit,MIT License,1,0,0,0,0,5.5,5.5 
techsneeze,techsneeze/dmarcts-report-viewer,172,56,PHP,gpl-3.0,GNU General Public License v3.0,1,0,0,0,0,6.099999999999999,6.1 
MegaMek,MegaMek/megamek,254,240,Java,other,Other,1,0,1,0,0,9.799999999999999,9.8 
grahamgilbert,grahamgilbert/Crypt-Server,118,44,Python,apache-2.0,Apache License 2.0,1,0,0,1,0,6.1000000000000005,6.1 
gentoo,gentoo/soko,5,8,Go,gpl-2.0,GNU General Public License v2.0,2,0,0,0,0,9.450000000000003,9.8 
novuhq,novuhq/novu,30712,3392,TypeScript,other,Other,1,0,0,0,0,6.1000000000000005,6.1 
citymont,citymont/symetrie,4,0,PHP,mit,MIT License,1,0,0,1,0,6.1,6.1 
discourse,discourse/discourse-assign,47,38,Ruby,mit,MIT License,1,0,0,1,0,4.299999999999999,4.3 
devcode-it,devcode-it/openstamanager,93,65,JavaScript,gpl-3.0,GNU General Public License v3.0,1,0,0,0,0,6.1000000000000005,6.1 
pypa,pypa/wheel,455,141,Python,mit,MIT License,1,0,0,0,0,7.5,7.5 
vooon,vooon/ntpd_driver,12,5,C++,bsd-3-clause,"BSD 3-Clause ""New"" or ""Revised"" License",1,0,0,0,0,9.799999999999999,9.8 
umlet,umlet/umlet,1355,297,JavaScript,gpl-3.0,GNU General Public License v3.0,1,0,0,1,0,7.799999999999999,7.8 
shihjay2,shihjay2/nosh2,72,51,PHP,other,Other,2,0,0,0,0,6.533333333333334,8.8 
haskell,haskell/aeson,1215,306,Haskell,other,Other,1,0,0,0,0,6.5,6.5 
jenkinsci,jenkinsci/tap-plugin,24,34,Java,mit,MIT License,2,0,0,1,0,6.511764705882356,7.5 
sogou,sogou/workflow,11682,2241,C++,apache-2.0,Apache License 2.0,1,0,0,0,0,8.799999999999999,8.8 
Cockpit-HQ,Cockpit-HQ/Cockpit,264,30,PHP,other,Other,8,0,4,0,0,8.474647887323952,9.8 
ginuerzh,ginuerzh/gost,14162,2372,Go,mit,MIT License,1,0,0,0,0,5.9,5.9 
marmelab,marmelab/react-admin,23106,5086,TypeScript,mit,MIT License,1,0,0,0,0,5.3999999999999995,5.4 
wpeventmanager,wpeventmanager/wp-event-manager,27,43,PHP,,,1,0,0,0,0,4.8,4.8 
Legrandin,Legrandin/pycryptodome,2515,458,C,other,Other,2,0,0,1,0,7.354545454545455,7.5 
tsfn,tsfn/doc2txt,26,12,C++,,,1,0,0,1,0,7.8,7.8 
PolyMC,PolyMC/PolyMC,1729,282,C++,gpl-3.0,GNU General Public License v3.0,1,0,0,0,0,7.1,7.1 
wolf-leo,wolf-leo/EasyAdmin8,8,2,PHP,mit,MIT License,2,0,0,0,0,7.917647058823529,9.8 
totaljs,totaljs/code,26,20,JavaScript,mit,MIT License,1,0,0,0,0,8.8,8.8 
lambda-science,lambda-science/IMPatienT,6,0,Python,agpl-3.0,GNU Affero General Public License v3.0,1,0,0,0,0,7.6,7.6 
xerial,xerial/sqlite-jdbc,2549,569,Java,apache-2.0,Apache License 2.0,1,0,0,0,0,9.799999999999999,9.8 
SAP,SAP/macOS-enterprise-privileges,1148,140,Objective-C,apache-2.0,Apache License 2.0,1,0,0,0,0,7.8,7.8 
totaljs,totaljs/openplatform,89,41,HTML,mit,MIT License,2,0,0,0,0,5.400000000000002,5.4 
MusicPlayerDaemon,MusicPlayerDaemon/MPD,1953,331,C++,gpl-2.0,GNU General Public License v2.0,1,0,0,0,0,7.5,7.5 
NixOS,NixOS/patchelf,3008,448,C,gpl-3.0,GNU General Public License v3.0,1,0,0,0,0,9.099999999999998,9.1 
ByteHackr,ByteHackr/389-ds-base,1,0,Python,,,1,0,0,1,0,6.5,6.5 
freeplane,freeplane/freeplane,1891,304,Java,gpl-2.0,GNU General Public License v2.0,1,0,0,1,0,5.5,5.5 
validformbuilder,validformbuilder/validformbuilder,30,15,PHP,gpl-2.0,GNU General Public License v2.0,1,0,1,0,0,9.799999999999999,9.8 
helloxz,helloxz/zdir,1312,342,Go,apache-2.0,Apache License 2.0,1,0,0,0,0,8.8,8.8 
frozencemetery,frozencemetery/pesign,0,1,,gpl-3.0,GNU General Public License v3.0,1,0,0,0,1,3.3,3.3 
mlogclub,mlogclub/bbs-go,2597,595,Vue,gpl-3.0,GNU General Public License v3.0,3,0,0,0,1,5.400000000000001,5.4 
cloudflare,cloudflare/workerd,5101,211,C++,apache-2.0,Apache License 2.0,1,0,0,0,0,8.099999999999998,8.1 
landley,landley/toybox,2097,297,C,0bsd,BSD Zero Clause License,1,0,0,1,0,7.5,7.5 
backdrop-contrib,backdrop-contrib/borg,0,5,CSS,gpl-2.0,GNU General Public License v2.0,1,0,0,0,0,5.3,5.3 
xyproto,xyproto/algernon,2339,122,Go,bsd-3-clause,"BSD 3-Clause ""New"" or ""Revised"" License",1,0,0,0,0,6.1000000000000005,6.1 
ArthurSonzogni,ArthurSonzogni/Diagon,1317,56,C++,mit,MIT License,2,0,0,0,0,7.799999999999999,7.8 
jaegertracing,jaegertracing/jaeger-ui,998,423,JavaScript,apache-2.0,Apache License 2.0,1,0,0,0,0,5.3999999999999995,5.4 
TakahikoKawasaki,TakahikoKawasaki/nv-websocket-client,1984,324,Java,apache-2.0,Apache License 2.0,1,0,0,1,0,5.8999999999999995,5.9 
3rd-Eden,3rd-Eden/useragent,888,138,JavaScript,mit,MIT License,1,0,0,1,0,7.5,7.5 
beautify-web,beautify-web/js-beautify,8306,1454,JavaScript,mit,MIT License,1,0,0,0,0,9.8,9.8 
graphql-java,graphql-java/graphql-java,5944,1130,Java,mit,MIT License,2,0,0,0,0,7.5,7.5 
webpack,webpack/webpack,63640,8904,JavaScript,mit,MIT License,1,0,0,0,0,9.8,9.8 
nmslib,nmslib/hnswlib,3604,569,C++,apache-2.0,Apache License 2.0,1,0,0,0,0,6.5,6.5 
fluxcd,fluxcd/flux2,5418,530,Go,apache-2.0,Apache License 2.0,7,0,1,3,0,7.6571428571428575,9.9 
TheLocehiliosan,TheLocehiliosan/yadm,4397,174,Python,gpl-3.0,GNU General Public License v3.0,1,0,0,1,0,5.8999999999999995,5.9 
hacksparrow,hacksparrow/safe-eval,242,38,JavaScript,,,3,0,0,0,0,9.95,10.0 
0xInfection,0xInfection/EPScalate,14,2,Python,apache-2.0,Apache License 2.0,1,0,0,0,0,7.8,7.8 
pawelmalak,pawelmalak/snippet-box,809,65,TypeScript,mit,MIT License,1,0,0,0,0,6.1000000000000005,6.1 
dream0x01,dream0x01/weblogic-framework,94,21,Java,,,1,0,0,0,0,9.8,9.8 
OP-Engineering,OP-Engineering/link-preview-js,669,108,TypeScript,mit,MIT License,0,0,0,0,0,, 
AFLplusplus,AFLplusplus/AFLplusplus,4068,829,C,apache-2.0,Apache License 2.0,1,0,0,0,0,9.799999999999999,9.8 
hgrf,hgrf/racine,5,2,SCSS,other,Other,0,0,0,0,0,, 
flipperdevices,flipperdevices/flipperzero-firmware,8903,2106,C,gpl-3.0,GNU General Public License v3.0,1,0,0,0,0,5.5,5.5 
minical,minical/minical,128,92,PHP,,,5,0,0,0,0,7.7636363636363654,8.8 
nonce-disrespect,nonce-disrespect/nonce-disrespect,114,8,CSS,cc0-1.0,Creative Commons Zero v1.0 Universal,4,0,0,4,0,5.9,5.9 
pistacheio,pistacheio/pistache,3002,705,C++,apache-2.0,Apache License 2.0,1,0,0,1,0,7.5,7.5 
shoppingflux,shoppingflux/module-prestashop,0,5,PHP,,,1,0,0,0,0,9.799999999999999,9.8 
LavaLite,LavaLite/cms,2723,979,PHP,,,10,0,0,0,5,6.521428571428572,9.8 
easysoft,easysoft/zentaopms,1152,306,PHP,other,Other,14,0,2,2,1,6.649999999999995,9.8 
hzeller,hzeller/timg,1615,70,C++,gpl-2.0,GNU General Public License v2.0,2,0,0,0,0,6.5,7.5 
thephpleague,thephpleague/oauth2-server,6385,1134,PHP,mit,MIT License,1,0,0,0,0,7.5,7.5 
adamstark,adamstark/AudioFile,838,189,C++,mit,MIT License,1,0,0,1,0,8.799999999999999,8.8 
projectdiscovery,projectdiscovery/interactsh,2744,327,Go,mit,MIT License,1,0,0,0,0,6.1000000000000005,6.1 
cloudwego,cloudwego/hertz,4289,378,Go,apache-2.0,Apache License 2.0,1,0,0,0,0,7.5,7.5 
atjiu,atjiu/pybbs,1703,735,Java,agpl-3.0,GNU Affero General Public License v3.0,0,0,0,0,0,, 
bellard,bellard/quickjs,6524,692,C,other,Other,2,0,0,1,0,7.5,7.5 
snaptec,snaptec/openWB,320,199,Python,gpl-3.0,GNU General Public License v3.0,1,0,0,0,0,9.799999999999999,9.8 
dapr,dapr/dashboard,158,39,Go,apache-2.0,Apache License 2.0,1,0,0,0,0,7.5,7.5 
zrax,zrax/pycdc,2339,525,C++,gpl-3.0,GNU General Public License v3.0,2,0,0,0,0,7.888888888888889,9.8 
grails,grails/grails-core,2749,961,HTML,apache-2.0,Apache License 2.0,4,0,0,2,0,8.406250000000002,9.8 
log4js-node,log4js-node/log4js-node,5697,782,JavaScript,other,Other,1,0,0,0,1,5.5,5.5 
CouchCMS,CouchCMS/CouchCMS,329,84,PHP,,,2,0,0,1,0,5.833333333333333,6.1 
MatMoul,MatMoul/g810-led,1335,179,C++,gpl-3.0,GNU General Public License v3.0,1,0,0,0,0,6.5,6.5 
Curiosity-org,Curiosity-org/Gipsy,13,6,Python,cecill-2.1,CeCILL Free Software License Agreement v2.1,1,0,0,0,0,9.799999999999999,9.8 
opensvc,opensvc/multipath-tools,42,43,C,other,Other,2,0,0,0,0,7.8,7.8 
plusone-masaki,plusone-masaki/csv-plus,258,17,TypeScript,mit,MIT License,1,0,0,1,0,9.599999999999998,9.6 
WinterChenS,WinterChenS/my-site,3062,1014,Java,apache-2.0,Apache License 2.0,1,0,0,0,0,5.4,5.4 
apache,apache/inlong,1238,473,Java,apache-2.0,Apache License 2.0,23,0,0,0,0,7.981690140845067,9.8 
cassproject,cassproject/CASS,49,24,JavaScript,apache-2.0,Apache License 2.0,1,0,0,1,0,7.200000000000001,7.2 
wso2,wso2/product-apim,775,742,Java,apache-2.0,Apache License 2.0,40,0,2,20,11,6.302046035805605,9.8 
curesec,curesec/slpload,12,2,Python,,,1,0,0,0,0,7.5,7.5 
tracim,tracim/tracim,193,35,Python,other,Other,1,0,0,0,0,6.1000000000000005,6.1 
browserify,browserify/static-eval,167,32,JavaScript,mit,MIT License,0,0,0,0,0,, 
wildfly-security,wildfly-security/wildfly-elytron,87,255,Java,apache-2.0,Apache License 2.0,4,0,0,2,1,6.9250000000000025,7.5 
Filiplain,Filiplain/LFI-to-RCE-SE-Suite-2.0,2,0,Shell,,,1,0,0,0,0,9.8,9.8 
beekeeper-studio,beekeeper-studio/beekeeper-studio,13936,901,Vue,other,Other,3,0,1,0,0,9.400000000000002,9.8 
NVIDIA,NVIDIA/NeMo,8427,1892,Python,apache-2.0,Apache License 2.0,1,0,0,0,1,4.3999999999999995,4.4 
srikanth-lingala,srikanth-lingala/zip4j,1840,292,Java,apache-2.0,Apache License 2.0,2,0,0,1,0,5.592307692307693,5.9 
twitter,twitter/the-algorithm,60109,12164,Scala,agpl-3.0,GNU Affero General Public License v3.0,1,0,0,0,0,7.5,7.5 
typelevel,typelevel/jawn,432,74,Scala,,,1,0,0,1,0,7.5,7.5 
ZipArchive,ZipArchive/ZipArchive,5310,1305,C,mit,MIT License,1,0,0,0,0,5.5,5.5 
PGYER,PGYER/codefever,2529,265,PHP,mit,MIT License,2,0,0,0,0,9.26153846153846,9.8 
getformwork,getformwork/formwork,47,11,PHP,mit,MIT License,1,0,0,0,0,4.799999999999999,4.8 
disintegration,disintegration/imaging,4878,402,Go,mit,MIT License,1,0,0,0,0,5.5,5.5 
decidim,decidim/decidim,1337,379,Ruby,agpl-3.0,GNU Affero General Public License v3.0,4,0,0,0,0,6.699999999999998,7.5 
puppetlabs,puppetlabs/puppetlabs-mysql,385,809,Ruby,apache-2.0,Apache License 2.0,3,0,1,0,0,9.466666666666672,9.8 
mutagen-io,mutagen-io/mutagen,3207,144,Go,other,Other,1,0,0,0,0,8.799999999999999,8.8 
adlered,adlered/bolo-solo,1034,175,Java,agpl-3.0,GNU Affero General Public License v3.0,1,0,0,0,0,9.799999999999999,9.8 
openmrs,openmrs/openmrs-module-reporting,20,230,Java,other,Other,1,0,0,1,0,8.799999999999999,8.8 
bellenuit,bellenuit/sofawiki,7,2,PHP,,,2,0,0,0,0,7.333333333333333,9.8 
home-assistant,home-assistant/supervisor,1500,530,Python,apache-2.0,Apache License 2.0,1,0,0,0,0,10.0,10.0 
ZLMediaKit,ZLMediaKit/ZLMediaKit,11009,2838,C++,other,Other,3,0,0,0,0,7.033333333333331,7.5 
tritonmc,tritonmc/Triton,76,22,Java,gpl-3.0,GNU General Public License v3.0,1,0,0,0,0,9.799999999999999,9.8 
nylas-mail-lives,nylas-mail-lives/nylas-mail,476,66,JavaScript,mit,MIT License,1,0,0,0,1,7.8,7.8 
bus1,bus1/dbus-broker,578,72,C,apache-2.0,Apache License 2.0,2,0,0,0,0,7.5,7.5 
PabloMK7,PabloMK7/ENLBufferPwn,284,14,C++,,,1,0,0,0,0,9.8,9.8 
materialsproject,materialsproject/pymatgen,1180,772,Python,other,Other,1,0,0,0,0,7.5,7.5 
csaf-tools,csaf-tools/CVRF-CSAF-Converter,10,4,Python,mit,MIT License,1,0,0,1,0,5.5,5.5 
open-mpi,open-mpi/hwloc,473,157,C,other,Other,1,0,0,0,0,4.700000000000001,4.7 
kubernetes,kubernetes/minikube,27484,4777,Go,apache-2.0,Apache License 2.0,3,0,0,1,0,8.800000000000004,9.8 
prometheus,prometheus/client_golang,4863,1176,Go,apache-2.0,Apache License 2.0,1,0,0,1,0,7.5,7.5 
szabodanika,szabodanika/microbin,1867,116,Rust,bsd-3-clause,"BSD 3-Clause ""New"" or ""Revised"" License",1,0,0,0,0,5.3999999999999995,5.4 
denosaurs,denosaurs/emoji,20,1,TypeScript,mit,MIT License,1,0,0,0,0,7.5,7.5 
Thomas-Tsai,Thomas-Tsai/partclone,251,100,C,gpl-2.0,GNU General Public License v2.0,3,0,2,1,0,9.409090909090912,9.8 
kubernetes,kubernetes/kops,15259,4704,Go,apache-2.0,Apache License 2.0,1,0,0,0,0,8.799999999999999,8.8 
EagleTube,EagleTube/CloudPanel,1,1,Python,,,1,0,0,0,0,7.799999999999999,7.8 
kartverket,kartverket/github-workflows,5,2,,mit,MIT License,1,0,0,0,0,8.799999999999999,8.8 
irontec,irontec/sngrep,887,188,C,gpl-3.0,GNU General Public License v3.0,3,0,0,0,0,7.799999999999998,7.8 
varnish,varnish/libvmod-digest,50,29,C,other,Other,1,0,0,0,0,6.5,6.5 
liimaorg,liimaorg/liima,27,8,Java,agpl-3.0,GNU Affero General Public License v3.0,2,0,0,0,0,9.800000000000002,9.8 
suletm,suletm/security_research,4,0,C,bsd-2-clause,"BSD 2-Clause ""Simplified"" License",1,0,0,1,0,7.8,7.8 
timdown,timdown/rangy,2176,375,JavaScript,mit,MIT License,1,0,0,0,0,8.2,8.2 
ostreedev,ostreedev/ostree,1061,265,C,other,Other,1,0,0,0,0,7.5,7.5 
mishoo,mishoo/UglifyJS,12774,1320,JavaScript,other,Other,3,0,2,0,0,9.033333333333337,9.8 
spinnaker,spinnaker/echo,71,648,Java,apache-2.0,Apache License 2.0,1,0,0,0,0,5.299999999999999,5.3 
OneKeyHQ,OneKeyHQ/firmware,37,31,C,other,Other,1,0,0,0,0,4.2,4.2 
moxi624,moxi624/mogu_blog_v2,1428,472,Java,apache-2.0,Apache License 2.0,3,0,1,1,0,6.822222222222222,9.8 
wine-mirror,wine-mirror/wine,2686,979,C,other,Other,2,0,2,0,0,9.800000000000002,9.8 
MusicPlayerDaemon,MusicPlayerDaemon/ncmpc,95,21,C++,gpl-2.0,GNU General Public License v2.0,1,0,0,1,0,7.5,7.5 
jenkinsci,jenkinsci/neuvector-vulnerability-scanner-plugin,3,6,Java,apache-2.0,Apache License 2.0,1,0,0,0,0,5.3,5.3 
ros-planning,ros-planning/moveit,1458,910,C++,bsd-3-clause,"BSD 3-Clause ""New"" or ""Revised"" License",1,0,0,0,0,6.1000000000000005,6.1 
Ehco1996,Ehco1996/django-sspanel,3002,985,Python,gpl-3.0,GNU General Public License v3.0,1,0,0,0,0,9.8,9.8 
siemens,siemens/efibootguard,79,28,C,gpl-2.0,GNU General Public License v2.0,1,0,0,0,0,5.200000000000001,5.2 
xcat2,xcat2/xcat-core,339,171,Perl,epl-1.0,Eclipse Public License 1.0,1,0,0,0,0,8.799999999999999,8.8 
dgtlmoon,dgtlmoon/changedetection.io,12927,719,Python,apache-2.0,Apache License 2.0,2,0,0,0,0,nan,nan 
weston-embedded,weston-embedded/uC-FTPs,18,28,C,apache-2.0,Apache License 2.0,3,0,0,0,0,7.5,7.5 
ARM-software,ARM-software/android-nn-driver,143,57,C++,mit,MIT License,1,0,0,0,0,7.8,7.8 
protocolbuffers,protocolbuffers/protobuf-go,2462,384,Go,bsd-3-clause,"BSD 3-Clause ""New"" or ""Revised"" License",1,0,0,0,0,7.5,7.5 
timescale,timescale/timescaledb,15740,823,C,other,Other,2,0,0,1,0,8.380952380952383,8.8 
stchris,stchris/untangle,604,83,Python,mit,MIT License,2,0,0,0,0,7.5,7.5 
ramank775,ramank775/chat-server,19,7,JavaScript,mit,MIT License,1,0,1,0,0,9.8,9.8 
mubarakalmehairbi,mubarakalmehairbi/ToUI,11,1,Python,mit,MIT License,1,0,0,0,0,7.5,7.5 
InfotelGLPI,InfotelGLPI/activity,4,5,PHP,gpl-2.0,GNU General Public License v2.0,1,0,0,0,0,7.5,7.5 
chef,chef/chef-server,278,216,Erlang,apache-2.0,Apache License 2.0,1,0,0,0,0,5.5,5.5 
pytorch,pytorch/serve,3738,776,Java,apache-2.0,Apache License 2.0,2,0,0,0,0,9.390909090909089,9.8 
apiman,apiman/apiman,801,350,Java,apache-2.0,Apache License 2.0,2,0,0,0,0,4.799999999999997,6.5 
linuxserver,linuxserver/Heimdall,6637,526,PHP,mit,MIT License,1,0,0,0,0,5.3999999999999995,5.4 
shellpei,shellpei/TOTOLINK-Unauthorized,0,0,,,,1,0,0,0,0,9.8,9.8 
Monitorr,Monitorr/Monitorr,607,64,PHP,mit,MIT License,2,0,0,0,0,6.949999999999999,7.8 
jertel,jertel/elastalert2,707,240,Python,apache-2.0,Apache License 2.0,1,0,0,0,0,9.8,9.8 
shamaton,shamaton/msgpack,126,15,Go,mit,MIT License,1,0,0,0,0,7.5,7.5 
bbbrumley,bbbrumley/portsmash,468,66,C,apache-2.0,Apache License 2.0,1,0,0,0,1,4.7,4.7 
nextcloud,nextcloud/notes,553,126,JavaScript,agpl-3.0,GNU Affero General Public License v3.0,1,0,0,0,0,6.1000000000000005,6.1 
kennylevinsen,kennylevinsen/seatd,34,4,C,mit,MIT License,1,0,1,0,0,9.799999999999999,9.8 
freedomofpress,freedomofpress/dangerzone,2708,126,Python,agpl-3.0,GNU Affero General Public License v3.0,1,0,0,0,0,3.6000000000000005,3.6 
musescore,musescore/MuseScore,10540,2345,C++,other,Other,1,0,0,0,0,7.0,7.0 
simplex-chat,simplex-chat/simplexmq,350,41,Haskell,agpl-3.0,GNU Affero General Public License v3.0,1,0,0,0,0,5.299999999999999,5.3 
tintinweb,tintinweb/pub,254,138,Python,gpl-2.0,GNU General Public License v2.0,7,0,4,3,0,8.347058823529412,9.8 
CloudExplorer-Dev,CloudExplorer-Dev/CloudExplorer-Lite,423,43,Java,gpl-3.0,GNU General Public License v3.0,8,0,0,0,0,7.224657534246575,9.8 
vanhoefm,vanhoefm/krackattacks-scripts,3239,783,C,other,Other,0,0,0,0,0,, 
FasterXML,FasterXML/woodstox,199,76,Java,apache-2.0,Apache License 2.0,1,0,0,0,0,7.5,7.5 
golang,golang/image,507,169,Go,bsd-3-clause,"BSD 3-Clause ""New"" or ""Revised"" License",3,0,0,0,0,6.357142857142857,6.5 
xsf,xsf/xeps,123,120,XSLT,other,Other,1,0,0,1,0,5.8999999999999995,5.9 
miniflux,miniflux/v2,5564,630,Go,apache-2.0,Apache License 2.0,2,0,0,0,0,6.450000000000003,7.5 
obgm,obgm/libcoap,741,437,C,other,Other,2,0,0,0,0,6.833333333333333,7.5 
MikeIsAStar,MikeIsAStar/Counter-Strike-Arbitrary-File-Read,0,0,,gpl-2.0,GNU General Public License v2.0,1,0,0,0,0,7.5,7.5 
bmeck,bmeck/node-cookiejar,119,46,JavaScript,mit,MIT License,1,0,0,0,0,7.5,7.5 
hrshadhin,hrshadhin/school-management-system,828,831,Blade,agpl-3.0,GNU Affero General Public License v3.0,1,0,0,0,0,5.3999999999999995,5.4 
grafana,grafana/grafana-image-renderer,326,149,TypeScript,apache-2.0,Apache License 2.0,1,0,0,0,0,8.1,8.1 
ChainSafe,ChainSafe/lodestar,974,244,TypeScript,apache-2.0,Apache License 2.0,1,0,0,1,0,7.5,7.5 
BoidCMS,BoidCMS/BoidCMS,34,5,PHP,mit,MIT License,1,0,0,0,0,8.8,8.8 
sofastack,sofastack/sofa-rpc,3754,1155,Java,apache-2.0,Apache License 2.0,2,0,0,0,0,nan,nan 
SHenry07,SHenry07/vSphere_selfuse,0,0,Python,,,1,0,0,0,0,9.8,9.8 
nextcloud,nextcloud/talk-android,452,206,Kotlin,other,Other,3,0,0,0,1,5.233333333333334,7.8 
logrotate,logrotate/logrotate,1112,186,C,gpl-2.0,GNU General Public License v2.0,1,0,0,1,0,6.5,6.5 
tanghaibao,tanghaibao/jcvi,631,177,Python,bsd-2-clause,"BSD 2-Clause ""Simplified"" License",1,0,0,0,0,8.799999999999999,8.8 
kiduswb,kiduswb/minimati,2,1,PHP,,,2,0,0,0,0,7.5,7.5 
ChainSafe,ChainSafe/js-libp2p-noise,36,33,TypeScript,apache-2.0,Apache License 2.0,1,0,0,1,0,7.3999999999999995,7.4 
acyba,acyba/acymailing,16,4,PHP,gpl-3.0,GNU General Public License v3.0,1,0,0,0,0,7.5,7.5 
janet-lang,janet-lang/janet,3145,212,C,mit,MIT License,1,0,0,1,0,7.5,7.5 
puppetlabs,puppetlabs/puppetlabs-firewall,269,451,Ruby,apache-2.0,Apache License 2.0,1,0,0,1,0,9.799999999999999,9.8 
percona,percona/percona-xtrabackup,1106,325,C++,other,Other,6,0,0,4,1,nan,nan 
apache,apache/maven-shared-utils,27,24,Java,apache-2.0,Apache License 2.0,1,0,1,0,0,9.799999999999999,9.8 
dotnet,dotnet/corefx,17780,5140,,,,2,0,0,1,0,6.649999999999999,7.5 
Kunzisoft,Kunzisoft/KeePassDX,3595,242,Kotlin,gpl-3.0,GNU General Public License v3.0,1,0,1,0,0,10.0,10.0 
wofr06,wofr06/lesspipe,380,45,Perl,gpl-2.0,GNU General Public License v2.0,1,0,0,0,0,9.799999999999999,9.8 
DiffSK,DiffSK/configobj,302,72,Python,other,Other,1,0,0,0,0,5.8999999999999995,5.9 
cozis,cozis/xHTTP,145,12,C,mit,MIT License,1,0,0,0,0,7.5,7.5 
achernya,achernya/hesiod,19,16,C,other,Other,1,0,0,1,0,7.0,7.0 
Azure,Azure/azure-cli,3727,2792,Python,mit,MIT License,1,0,0,0,0,9.799999999999999,9.8 
MetaMask,MetaMask/metamask-extension,10766,4642,JavaScript,other,Other,1,0,0,1,0,5.8999999999999995,5.9 
jumpserver,jumpserver/lina,185,90,Vue,gpl-3.0,GNU General Public License v3.0,1,0,0,0,0,5.3999999999999995,5.4 
projectdiscovery,projectdiscovery/nuclei,15285,2068,Go,mit,MIT License,1,0,0,0,0,7.5,7.5 
crossplane,crossplane/crossplane,7738,814,Go,apache-2.0,Apache License 2.0,3,0,0,0,0,5.800000000000002,9.8 
openl2d,OpenL2D/moc3ingbird,67,5,C++,other,Other,0,0,0,0,0,, 
szvone,szvone/vmqphp,1502,642,PHP,,,1,0,0,0,0,6.5,6.5 
vxcontrol,vxcontrol/soldr,53,10,Go,mit,MIT License,1,0,0,0,0,5.3999999999999995,5.4 
theyiyibest,theyiyibest/AWStatsFullPathDisclosure,2,0,,,,1,0,0,1,0,5.3,5.3 
libtom,libtom/libtommath,610,187,C,other,Other,1,0,0,0,0,9.8,9.8 
jgarber,jgarber/redcloth,439,110,Ragel,other,Other,1,0,0,0,0,7.5,7.5 
cometbft,cometbft/cometbft,389,197,Go,apache-2.0,Apache License 2.0,2,0,0,0,0,6.75,8.2 
dgraph-io,dgraph-io/dgraph,19723,1500,Go,apache-2.0,Apache License 2.0,1,0,0,0,0,5.5,5.5 
vaxilu,vaxilu/x-ui,13247,5985,JavaScript,gpl-3.0,GNU General Public License v3.0,1,0,0,0,0,7.5,7.5 
mde,mde/utilities,44,22,JavaScript,apache-2.0,Apache License 2.0,1,0,0,0,0,7.5,7.5 
chansen,chansen/p5-http-tiny,53,54,Perl,,,1,0,0,0,0,8.1,8.1 
node-formidable,node-formidable/formidable,6818,704,JavaScript,mit,MIT License,1,0,1,0,0,9.799999999999999,9.8 
jacobwb,jacobwb/hashover-next,418,91,PHP,agpl-3.0,GNU Affero General Public License v3.0,1,0,0,1,0,6.1000000000000005,6.1 
mindskip,mindskip/xzs,2874,646,JavaScript,agpl-3.0,GNU Affero General Public License v3.0,1,0,0,0,0,5.400000000000001,5.4 
kiwix,kiwix/libkiwix,94,49,C++,gpl-3.0,GNU General Public License v3.0,1,0,0,1,0,6.1000000000000005,6.1 
NexMirror,NexMirror/Kallithea,2,0,Python,other,Other,2,0,0,2,0,nan,nan 
sheehan,sheehan/grails-console,74,41,Groovy,apache-2.0,Apache License 2.0,4,0,0,4,0,nan,nan 
mfncooper,mfncooper/mockery,1109,64,JavaScript,other,Other,1,0,0,0,0,9.8,9.8 
mindoc-org,mindoc-org/mindoc,6744,1807,Go,apache-2.0,Apache License 2.0,2,0,0,2,0,8.345454545454544,8.8 
clusternet,clusternet/clusternet,1244,266,Go,apache-2.0,Apache License 2.0,1,0,0,0,0,8.799999999999999,8.8 
stepmania,stepmania/stepmania,1750,442,C++,,,2,0,0,2,0,8.775,9.1 
pdfkit,pdfkit/pdfkit,2902,417,Ruby,mit,MIT License,2,0,1,0,0,9.799999999999999,9.8 
kubevela,kubevela/kubevela,5730,843,Go,apache-2.0,Apache License 2.0,2,0,0,0,0,8.15,9.8 
asterisk,asterisk/asterisk,1688,878,C,other,Other,155,0,36,108,7,nan,nan 
ARM-software,ARM-software/AArch64cryptolib,25,21,C,bsd-3-clause,"BSD 3-Clause ""New"" or ""Revised"" License",1,0,0,0,0,3.7,3.7 
JavaEZLib,JavaEZLib/JavaEZ,0,0,Java,mit,MIT License,1,0,0,1,0,7.5,7.5 
Barenboim,Barenboim/json-parser,576,107,C,apache-2.0,Apache License 2.0,1,0,0,0,0,9.8,9.8 
ionic-team,ionic-team/cordova-plugin-ionic-webview,481,389,Objective-C,apache-2.0,Apache License 2.0,1,0,0,1,0,8.599999999999998,8.6 
OpenPrinting,OpenPrinting/libppd,1,9,C,apache-2.0,Apache License 2.0,1,0,0,0,0,7.0,7.0 
moov-io,moov-io/signedxml,43,38,Go,mit,MIT License,1,0,0,0,0,9.1,9.1 
InfotelGLPI,InfotelGLPI/manageentities,8,7,PHP,gpl-2.0,GNU General Public License v2.0,1,0,0,0,0,7.5,7.5 
lvandeve,lvandeve/lodepng,1909,450,C++,zlib,zlib License,1,0,0,0,0,5.5,5.5 
glpi-project,glpi-project/glpi-agent,150,44,Perl,gpl-2.0,GNU General Public License v2.0,1,0,0,0,0,7.200000000000001,7.2 
LMP88959,LMP88959/NTSC-CRT,398,26,C,other,Other,1,0,0,0,0,7.5,7.5 
opendatahub-io,opendatahub-io/odh-dashboard,22,107,TypeScript,apache-2.0,Apache License 2.0,1,0,0,0,0,7.5,7.5 
ilyakurdyukov,ilyakurdyukov/jpeg-quantsmooth,223,17,C,lgpl-2.1,GNU Lesser General Public License v2.1,1,0,0,0,0,5.5,5.5 
knative,knative/func,220,113,Go,apache-2.0,Apache License 2.0,1,0,0,0,0,7.4,7.4 
rovinbhandari,rovinbhandari/FTP,147,98,C,,,1,0,0,0,0,7.5,7.5 
altair-graphql,altair-graphql/altair,4884,283,TypeScript,mit,MIT License,1,0,0,0,0,7.799999999999999,7.8 
shadowsocks,shadowsocks/ShadowsocksX-NG,31859,8021,Swift,gpl-3.0,GNU General Public License v3.0,1,0,0,0,0,9.8,9.8 
prometheus,prometheus/alertmanager,5983,2064,Go,apache-2.0,Apache License 2.0,1,0,0,0,0,5.3999999999999995,5.4 
jenkinsci,jenkinsci/image-gallery-plugin,7,6,JavaScript,mit,MIT License,1,0,0,1,0,6.5,6.5 
darklynx,darklynx/request-baskets,263,40,Go,mit,MIT License,1,0,0,0,0,6.5,6.5 
kiegroup,kiegroup/droolsjbpm-integration,264,571,Java,,,1,0,0,1,0,9.799999999999999,9.8 
ldenoue,ldenoue/pdftojson,138,14,C++,gpl-2.0,GNU General Public License v2.0,1,0,0,0,0,9.8,9.8 
Anankke,Anankke/SSPanel-Uim,8582,3357,PHP,mit,MIT License,1,0,0,0,0,5.299999999999999,5.3 
KnowageLabs,KnowageLabs/Knowage-Server,380,209,Java,agpl-3.0,GNU Affero General Public License v3.0,18,0,0,8,5,6.549999999999995,9.8 
Kitura,Kitura/Kitura,7607,507,Swift,apache-2.0,Apache License 2.0,0,0,0,0,0,, 
PantsuDango,PantsuDango/Dango-Translator,5703,484,Python,lgpl-2.1,GNU Lesser General Public License v2.1,1,0,0,0,0,9.799999999999999,9.8 
Squirrel,Squirrel/Squirrel.Windows,6955,1053,C++,mit,MIT License,1,0,0,0,0,7.799999999999999,7.8 
MasaCMS,MasaCMS/MasaCMS,56,26,ColdFusion,gpl-2.0,GNU General Public License v2.0,2,0,0,1,0,8.362499999999999,9.8 
janino-compiler,janino-compiler/janino,1112,198,Java,other,Other,1,0,0,0,0,5.5,5.5 
LibreBooking,LibreBooking/app,318,197,PHP,gpl-3.0,GNU General Public License v3.0,1,0,0,0,0,4.299999999999999,4.3 
openstack,openstack/oslo.utils,80,52,Python,apache-2.0,Apache License 2.0,1,0,0,0,0,4.9,4.9 
lloyd,lloyd/yajl,2114,473,C,isc,ISC License,1,0,0,0,0,6.5,6.5 
byteball,byteball/obyte-gui-wallet,421,179,JavaScript,mit,MIT License,1,0,0,1,0,6.1,6.1 
getzola,getzola/zola,11828,854,Rust,eupl-1.2,European Union Public License 1.2,1,0,0,0,0,7.5,7.5 
Peppermint-Lab,Peppermint-Lab/peppermint,1013,111,JavaScript,other,Other,4,0,0,0,0,7.352631578947371,8.8 
mirage,mirage/qubes-mirage-firewall,196,29,OCaml,bsd-2-clause,"BSD 2-Clause ""Simplified"" License",1,0,0,0,0,7.5,7.5 
acmesh-official,acmesh-official/acme.sh,33658,4490,Shell,gpl-3.0,GNU General Public License v3.0,1,0,0,0,0,9.799999999999999,9.8 
edgexfoundry,edgexfoundry/edgex-go,1232,506,Go,apache-2.0,Apache License 2.0,3,0,0,1,2,5.533333333333336,6.5 
rswag,rswag/rswag,1789,396,Ruby,mit,MIT License,1,0,0,0,0,7.5,7.5 
semgrep,semgrep/semgrep,9009,526,OCaml,lgpl-2.1,GNU Lesser General Public License v2.1,0,0,0,0,0,, 
open-feature,open-feature/open-feature-operator,111,23,Go,apache-2.0,Apache License 2.0,1,0,0,0,0,8.799999999999999,8.8 
kevinboone,kevinboone/epub2txt2,153,28,C,gpl-3.0,GNU General Public License v3.0,2,0,0,2,0,6.65,7.8 
ceph,ceph/ceph-iscsi-cli,25,25,Python,gpl-3.0,GNU General Public License v3.0,1,0,1,0,0,9.799999999999999,9.8 
OpenDDS,OpenDDS/OpenDDS,1204,443,C++,other,Other,4,0,1,2,0,8.475000000000001,9.8 
zhblue,zhblue/hustoj,3042,746,JavaScript,gpl-2.0,GNU General Public License v2.0,1,0,0,0,0,6.1000000000000005,6.1 
typeorm,typeorm/typeorm,32399,6076,TypeScript,mit,MIT License,2,0,2,0,0,9.800000000000002,9.8 
zetacomponents,zetacomponents/Mail,86,57,PHP,other,Other,1,0,0,1,0,8.099999999999998,8.1 
IMA-WorldHealth,IMA-WorldHealth/bhima,201,98,JavaScript,gpl-2.0,GNU General Public License v2.0,3,0,0,0,0,5.766666666666667,6.5 
pete4abw,pete4abw/lrzip-next,35,8,C,gpl-2.0,GNU General Public License v2.0,1,0,0,0,0,5.299999999999999,5.3 
MikeIsAStar,MikeIsAStar/Counter-Strike-Remote-Code-Execution,4,0,Pawn,gpl-2.0,GNU General Public License v2.0,1,0,0,0,0,9.8,9.8 
idt-spa,idt-spa/bdroppy-prestashop-plugin,0,1,PHP,,,1,0,0,0,0,9.8,9.8 
prometheus,prometheus/blackbox_exporter,3954,987,Go,apache-2.0,Apache License 2.0,2,0,0,1,0,6.366666666666665,7.5 
KDAB,KDAB/hotspot,3534,225,C++,,,1,0,0,0,0,7.0,7.0 
quinn-rs,quinn-rs/quinn,3078,313,Rust,apache-2.0,Apache License 2.0,2,0,0,1,0,7.5,7.5 
tqdm,tqdm/tqdm,26188,1340,Python,other,Other,1,0,0,1,0,7.799999999999999,7.8 
nextcloud,nextcloud/contacts,529,169,JavaScript,agpl-3.0,GNU Affero General Public License v3.0,6,0,0,1,4,4.933333333333337,5.4 
HadiMed,HadiMed/KINGSOFT-WPS-Office-LPE,53,15,C++,mit,MIT License,1,0,0,1,0,7.8,7.8 
webkul,webkul/hotelcommerce,2829,425,PHP,osl-3.0,Open Software License 3.0,6,0,0,0,0,nan,nan 
open-cluster-management-io,open-cluster-management-io/registration-operator,58,58,Go,apache-2.0,Apache License 2.0,1,0,0,0,0,6.700000000000001,6.7 
SimonWaldherr,SimonWaldherr/zplgfa,54,17,Go,mit,MIT License,1,0,0,0,0,5.5,5.5 
cloudflare,cloudflare/lua-resty-json,163,35,C,bsd-2-clause,"BSD 2-Clause ""Simplified"" License",1,0,0,0,0,7.5,7.5 
vdohney,vdohney/keepass-password-dumper,588,49,C#,mit,MIT License,1,0,0,0,0,7.5,7.5 
project-chip,project-chip/connectedhomeip,6518,1710,C++,apache-2.0,Apache License 2.0,1,0,0,0,0,7.5,7.5 
Jermolene,Jermolene/TiddlyWiki5,7521,1149,JavaScript,other,Other,1,0,1,0,0,9.799999999999999,9.8 
CERTCC,CERTCC/VINCE,48,24,Python,other,Other,4,0,0,0,0,6.482352941176473,8.8 
magento,magento/magento2,10959,9305,PHP,osl-3.0,Open Software License 3.0,268,0,35,145,49,nan,nan 
oVirt,oVirt/vdsm,145,204,Python,gpl-2.0,GNU General Public License v2.0,4,0,2,1,0,6.2999999999999945,7.5 
jbaines-r7,jbaines-r7/theway,12,4,C++,bsd-3-clause,"BSD 3-Clause ""New"" or ""Revised"" License",1,0,1,0,0,7.2,7.2 
Bedework,Bedework/bw-webdav,4,5,Java,,,1,0,0,1,0,7.5,7.5 
getsentry,getsentry/sentry-python,1643,459,Python,mit,MIT License,2,0,0,0,0,6.299999999999997,6.5 
saml-toolkits,SAML-Toolkits/ruby-saml,869,562,Ruby,mit,MIT License,1,0,0,0,0,9.8,9.8 
ansible-collections,ansible-collections/cisco.nxos,92,98,Python,gpl-3.0,GNU General Public License v3.0,1,0,0,0,1,5.5,5.5 
PHPOffice,PHPOffice/Common,235,58,PHP,other,Other,1,0,1,0,0,9.799999999999999,9.8 
sromanhu,sromanhu/CVE-2023-44763_ConcreteCMS-Arbitrary-file-upload-Thumbnail,0,0,,,,0,0,0,0,0,, 
AllenFang,AllenFang/react-bootstrap-table,2239,797,JavaScript,mit,MIT License,1,0,0,1,0,6.1,6.1 
sawolf,sawolf/nagioscore,0,0,C,gpl-2.0,GNU General Public License v2.0,1,0,0,1,0,4.8999999999999995,4.9 
Exopteron,Exopteron/BiblioRCE,11,0,Python,,,1,0,0,0,0,9.8,9.8 
dilawar,dilawar/sound,31,12,C,,,1,0,0,1,0,7.8,7.8 
antirez,antirez/linenoise,3402,624,C,bsd-2-clause,"BSD 2-Clause ""Simplified"" License",1,0,0,0,1,3.3,3.3 
httprb,httprb/http,2967,330,Ruby,mit,MIT License,1,0,0,1,0,5.8999999999999995,5.9 
firsov,firsov/onlyoffice,6,2,,,,1,0,0,0,0,9.8,9.8 
haxxorsid,haxxorsid/food-ordering-system,266,177,PHP,,,1,0,0,0,0,7.2,7.2 
wso2,wso2/carbon-apimgt,161,600,Java,apache-2.0,Apache License 2.0,2,0,0,0,1,5.39090909090909,5.4 
sagemath,sagemath/sage,712,261,Python,other,Other,1,0,0,0,0,5.5,5.5 
CipherShed,CipherShed/CipherShed,652,94,C,,,2,0,1,1,0,7.799999999999999,7.8 
fabiangreffrath,fabiangreffrath/crispy-doom,722,112,C,gpl-2.0,GNU General Public License v2.0,1,0,1,0,0,9.799999999999999,9.8 
munkireport,munkireport/munki_facts,0,2,PHP,,,1,0,0,1,0,6.1,6.1 
rails,rails/jquery-rails,945,417,Ruby,mit,MIT License,1,0,0,1,0,nan,nan 
EyesOfNetworkCommunity,EyesOfNetworkCommunity/eonapi,4,3,PHP,gpl-2.0,GNU General Public License v2.0,2,0,1,1,0,9.799999999999999,9.8 
open-policy-agent,open-policy-agent/gatekeeper,3287,702,Go,apache-2.0,Apache License 2.0,1,0,0,1,0,5.299999999999999,5.3 
ProxyStaffy,ProxyStaffy/Nokia-FastMile-5G-Receiver-5G14-B,2,0,,,,1,0,0,0,0,4.3,4.3 
sromanhu,sromanhu/CVE-2023-44771_ZenarioCMS--Stored-XSS---Page-Layout,0,0,,,,0,0,0,0,0,, 
wazuh,wazuh/wazuh,7444,1206,C,other,Other,5,0,1,2,0,nan,nan 
mozilla,mozilla/mozjpeg,5240,429,C,other,Other,3,0,0,3,0,6.876470588235293,8.1 
bazelbuild,bazelbuild/bazel,21593,3899,Java,apache-2.0,Apache License 2.0,1,0,0,0,0,4.299999999999999,4.3 
Nickguitar,Nickguitar/Drag-and-Drop-Multiple-File-Uploader-PRO-Path-Traversal,23,1,,,,1,0,0,0,0,9.8,9.8 
SLoSnow9879,SLoSnow9879/FPT-Router-RCE,2,1,,,,1,0,0,0,0,8.8,8.8 
sromanhu,sromanhu/CVE-2023-44758_GDidees-CMS-Stored-XSS---Title,0,0,,,,0,0,0,0,0,, 
alexcrack,alexcrack/angular-ui-notification,538,173,JavaScript,mit,MIT License,1,0,0,0,0,6.1,6.1 
apache,apache/cloudstack,1540,1032,Java,apache-2.0,Apache License 2.0,17,0,3,11,2,nan,nan 
fireblocks-labs,fireblocks-labs/mpc-ecdsa-attacks-23,14,3,,,,1,0,0,0,0,9.1,9.1 
modoboa,modoboa/modoboa-dmarc,14,11,Python,mit,MIT License,1,0,0,1,0,7.5,7.5 
viperbluff,viperbluff/Novastar-VNNOX-iCare-Privilege-Escalation,1,0,,,,1,0,0,1,0,8.8,8.8 
silverstripe,silverstripe/silverstripe-versioned-admin,9,28,PHP,bsd-3-clause,"BSD 3-Clause ""New"" or ""Revised"" License",1,0,0,0,0,5.3999999999999995,5.4 
KDE,KDE/kio,60,14,C++,,,1,0,0,1,0,5.5,5.5 
openjdk,openjdk/jdk11u-dev,53,203,Java,gpl-2.0,GNU General Public License v2.0,1,0,0,0,0,4.8999999999999995,4.9 
c0r0n3r,c0r0n3r/dheater,155,19,Python,apache-2.0,Apache License 2.0,0,0,0,0,0,, 
flyasolo,flyasolo/File-Management-System,0,0,,,,1,0,0,0,0,6.1,6.1 
tomerfiliba-org,tomerfiliba-org/rpyc,1452,241,Python,other,Other,1,0,0,1,0,7.5,7.5 
openam-jp,openam-jp/web-agents,0,2,C,,,1,0,0,0,0,7.5,7.5 
colinbourassa,colinbourassa/crasm,15,8,C,gpl-2.0,GNU General Public License v2.0,2,0,0,0,0,7.5,7.5 
darkmentorllc,darkmentorllc/jackbnimble,14,9,C,apache-2.0,Apache License 2.0,2,0,0,1,1,7.777777777777778,8.8 
projectdiscovery,projectdiscovery/nuclei-templates,7234,2222,,mit,MIT License,2,0,0,0,0,9.800000000000002,9.8 
irisnet,irisnet/irisnet-crypto,21,28,JavaScript,apache-2.0,Apache License 2.0,1,0,1,0,0,9.799999999999999,9.8 
pwnlandia,pwnlandia/mhn,2368,648,Python,lgpl-2.1,GNU Lesser General Public License v2.1,1,0,0,0,0,6.5,6.5 
apache,apache/ambari,2008,1632,Java,apache-2.0,Apache License 2.0,20,0,3,11,4,nan,nan 
requests,requests/requests-kerberos,272,110,Python,other,Other,1,0,1,0,0,9.8,9.8 
sromanhu,sromanhu/-CVE-2023-43340-Evolution-Reflected-XSS---Installation-Admin-Options,0,0,,,,0,0,0,0,0,, 
formtools,formtools/core,202,75,PHP,,,1,0,0,0,1,5.3999999999999995,5.4 
zvory,zvory/csv-safe,21,11,Ruby,mit,MIT License,1,0,1,0,0,9.799999999999999,9.8 
BrotherOfJhonny,BrotherOfJhonny/grafana,28,9,,,,1,0,0,1,0,7.5,7.5 
expressjs,expressjs/morgan,7654,557,JavaScript,mit,MIT License,1,0,1,0,0,9.8,9.8 
AlquistManager,AlquistManager/alquist,37,7,Python,gpl-3.0,GNU General Public License v3.0,2,0,0,2,0,7.5,7.5 
Roni-Carta,Roni-Carta/nyra,0,0,,,,2,0,1,1,0,8.15,8.8 
isaacs,isaacs/st,376,41,JavaScript,isc,ISC License,2,0,0,2,0,6.94,7.5 
cardgate,cardgate/magento2,6,8,PHP,mit,MIT License,2,0,0,2,0,8.099999999999998,8.1 
notable,notable/notable-insiders,170,5,,,,1,0,0,1,0,8.8,8.8 
awslabs,awslabs/aws-c-io,96,54,C,apache-2.0,Apache License 2.0,3,0,0,3,0,8.266666666666664,8.8 
eclipse,eclipse/paho.mqtt.embedded-c,1242,736,C,other,Other,1,0,1,0,0,9.799999999999999,9.8 
flowplayer,flowplayer/flash,281,184,ActionScript,,,1,0,0,1,0,nan,nan 
ranhn,ranhn/TDSQL,0,0,,,,1,0,0,0,0,7.5,7.5 
HH1F,HH1F/CVE-2022-27413,0,0,,,,0,0,0,0,0,, 
NREL,NREL/api-umbrella,1943,342,Ruby,mit,MIT License,1,0,0,0,0,6.1000000000000005,6.1 
OpenCV,opencv/opencv,72221,55703,C++,apache-2.0,Apache License 2.0,31,0,2,29,0,7.8289036544850585,8.8 
RUB-NDS,RUB-NDS/Johnny-You-Are-Fired,56,14,,,,2,0,0,2,0,6.223076923076923,6.5 
sromanhu,sromanhu/CVE-2023-44766_ConcreteCMS-Stored-XSS---SEO,0,0,,,,0,0,0,0,0,, 
ezsystems,ezsystems/ezplatform-kernel,11,32,PHP,other,Other,7,0,0,2,0,6.752173913043479,9.8 
Gi0rgi0R,Gi0rgi0R/xss_frontend_settings_blackcat_cms_1.4.1,0,0,,,,1,0,0,0,0,5.4,5.4 
contao,contao/core-bundle,117,61,PHP,lgpl-3.0,GNU Lesser General Public License v3.0,1,0,0,1,0,6.1000000000000005,6.1 
lukaszstu,lukaszstu/pritunl-CVE-2020-25200,4,1,,,,0,0,0,0,0,, 
NuGet,NuGet/NuGet.Client,675,689,C#,other,Other,3,0,0,1,0,6.799999999999997,7.8 
kaikai-11,kaikai-11/Loan-Management-System,0,0,,,,1,0,0,0,0,5.4,5.4 
noumo,noumo/easyii,595,272,PHP,,,1,0,0,1,0,6.5,6.5 
Icinga,Icinga/icinga-core,45,25,HTML,gpl-2.0,GNU General Public License v2.0,2,0,0,2,0,6.95,7.8 
sromanhu,sromanhu/CVE-2023-43346-Quick-CMS-Stored-XSS---Languages-Backend,0,0,,,,0,0,0,0,0,, 
SpinaCMS,SpinaCMS/Spina,2135,394,JavaScript,other,Other,1,0,0,1,0,8.799999999999999,8.8 
dogecoin,dogecoin/dogecoin,14318,2819,C++,mit,MIT License,2,0,0,0,0,8.447058823529412,9.8 
contiki-os,contiki-os/contiki,3606,2600,C,other,Other,3,0,1,2,0,6.83333333333333,7.5 
SELinuxProject,SELinuxProject/selinux-kernel,139,58,C,other,Other,1,0,0,0,1,6.1000000000000005,6.1 
patsplat,patsplat/plist,301,71,Ruby,mit,MIT License,1,0,1,0,0,9.8,9.8 
gaozhifeng,gaozhifeng/PHPMyWind,45,21,PHP,other,Other,2,0,0,2,0,6.233333333333333,6.5 
mrash,mrash/IPTables-Parse,8,3,Perl,,,1,0,0,0,1,5.5,5.5 
hyperium,hyperium/h2,1239,234,Rust,mit,MIT License,1,0,0,0,0,7.5,7.5 
tenderlove,tenderlove/rexical,134,25,Ruby,other,Other,1,0,1,0,0,9.8,9.8 
hamkovic,hamkovic/Mail-Masta-Wordpress-Plugin-SQL-Injection-Vulnerability,3,1,,,,0,0,0,0,0,, 
sibu-github,sibu-github/deep-parse-json,14,6,JavaScript,isc,ISC License,1,0,0,0,0,5.3,5.3 
ruby,ruby/www.ruby-lang.org,856,603,Ruby,,,1,0,0,1,0,7.5,7.5 
sinatra,sinatra/rack-protection,820,59,,,,2,0,0,2,0,5.8,5.9 
go-gorm,go-gorm/gorm,34029,3777,Go,mit,MIT License,1,0,1,0,0,9.799999999999999,9.8 
graphql-go,graphql-go/graphql,9485,860,Go,mit,MIT License,1,0,0,0,0,7.5,7.5 
theforeman,theforeman/smart_proxy_dynflow,4,18,Ruby,gpl-3.0,GNU General Public License v3.0,1,0,1,0,0,9.8,9.8 
nats-io,nats-io/nats.deno,137,47,TypeScript,apache-2.0,Apache License 2.0,1,0,0,1,0,7.5,7.5 
ruby,ruby/time,14,8,Ruby,other,Other,1,0,0,0,0,5.299999999999999,5.3 
ansible-collections,ansible-collections/community.docker,161,90,Python,gpl-3.0,GNU General Public License v3.0,1,0,0,0,1,5.5,5.5 
tuupola,tuupola/branca-spec,212,7,,,,1,0,0,1,0,5.5,5.5 
AlixAbbasi,AlixAbbasi/GHS-Bugs,7,1,,,,0,0,0,0,0,, 
vt-middleware,vt-middleware/cryptacular,39,6,Java,other,Other,1,0,0,1,0,7.5,7.5 
krb5,krb5/krb5-appl,6,7,C,,,2,0,1,1,0,nan,nan 
wp-cli,wp-cli/config-command,32,32,Gherkin,mit,MIT License,1,0,1,0,0,7.4,7.4 
bcgit,bcgit/bc-csharp,1377,496,C#,mit,MIT License,1,0,0,1,0,5.9,5.9 
nathunandwani,nathunandwani/shareit-cwe-789,1,0,Python,,,1,0,1,0,0,7.5,7.5 
yidashi,yidashi/yii2cmf,260,145,JavaScript,other,Other,1,0,0,1,0,6.1,6.1 
OpenRC,OpenRC/opentmpfiles,26,12,Shell,bsd-2-clause,"BSD 2-Clause ""Simplified"" License",1,0,0,0,1,5.5,5.5 
taosir,taosir/wtcms,98,45,PHP,lgpl-3.0,GNU Lesser General Public License v3.0,1,0,0,0,1,5.4,5.4 
puppetlabs,puppetlabs/puppet-agent,48,145,Ruby,other,Other,13,0,1,9,2,7.153846153846147,9.8 
Slovejoy,Slovejoy/dnsmasq-pre2.76,6,1,Python,,,1,0,0,1,0,7.5,7.5 
openjdk,openjdk/jdk15u,10,24,Java,gpl-2.0,GNU General Public License v2.0,20,0,4,14,1,nan,nan 
espressif,espressif/ESP8266_NONOS_SDK,892,528,C,other,Other,3,0,0,2,1,7.254545454545456,8.1 
puppetlabs,puppetlabs/puppetdb,291,236,Clojure,apache-2.0,Apache License 2.0,3,0,0,3,0,6.866666666666669,8.8 
havok89,havok89/Hoosk,126,90,PHP,,,1,0,0,1,0,4.299999999999999,4.3 
python-poetry,python-poetry/poetry,27311,2129,Python,mit,MIT License,3,0,1,0,0,8.133333333333338,9.8 
ClusterLabs,ClusterLabs/cluster-glue,16,26,C,gpl-2.0,GNU General Public License v2.0,1,0,0,0,1,5.5,5.5 
scala,scala/scala-collection-compat,195,84,Scala,apache-2.0,Apache License 2.0,1,0,0,0,0,9.799999999999999,9.8 
omniauth,omniauth/omniauth-rails,11,8,Ruby,mit,MIT License,1,0,0,1,0,8.8,8.8 
btcsuite,btcsuite/btcd,5526,2233,Go,isc,ISC License,3,0,0,1,0,7.646153846153849,9.8 
soh0ro0t,soh0ro0t/Pwn-Multiple-Dlink-Router-Via-Soap-Proto,11,2,,,,0,0,0,0,0,, 
Abyss-W4tcher,Abyss-W4tcher/ab4yss-wr4iteups,3,2,Python,,,2,0,0,0,0,9.05,9.8 
espressif,espressif/ESP8266_RTOS_SDK,3142,1518,C,apache-2.0,Apache License 2.0,1,0,0,1,0,6.8,6.8 
openmrs,openmrs/openmrs-module-uiframework,16,117,Java,,,1,0,0,1,0,8.8,8.8 
rgaufman,rgaufman/live555,672,348,C++,lgpl-3.0,GNU Lesser General Public License v3.0,1,0,0,1,0,7.5,7.5 
munkireport,munkireport/softwareupdate,3,3,PHP,,,1,0,0,1,0,8.8,8.8 
jsmitty12,jsmitty12/phpWhois,58,21,PHP,gpl-2.0,GNU General Public License v2.0,1,0,1,0,0,9.799999999999999,9.8 
savsofts,savsofts/savsoftquiz_v5,60,60,PHP,mit,MIT License,1,0,0,1,0,6.1,6.1 
mqttjs,mqttjs/mqtt-packet,193,94,JavaScript,other,Other,2,0,0,2,0,7.5,7.5 
proglottis,proglottis/gpgme,11,17,Go,bsd-3-clause,"BSD 3-Clause ""New"" or ""Revised"" License",1,0,0,1,0,7.5,7.5 
espressif,espressif/arduino-esp32,11552,7013,C++,lgpl-2.1,GNU Lesser General Public License v2.1,1,0,0,0,1,6.5,6.5 
xiph,xiph/vorbis-tools,66,27,C,gpl-2.0,GNU General Public License v2.0,4,0,0,3,0,nan,nan 
openresty,openresty/openresty,11719,1512,C,other,Other,2,0,1,1,0,8.573333333333332,9.8 
gentoo,gentoo/gentoo,1906,1858,Shell,,,1,0,1,0,0,7.799999999999999,7.8 
neos,neos/flow,76,35,PHP,mit,MIT License,1,0,0,1,0,nan,nan 
wp-premium,wp-premium/gravityforms,422,199,PHP,,,4,0,0,1,3,6.3500000000000005,7.5 
